run,batch_size,per_device_batch_size,seed,step,examples_seen,action_dit_loss,mse_score,open_loop/mse_mean,train/shared_z/loss,eval/structured_aux_loss,learning_rate/action_model,mse_score_batch_corrected_rmse
ervla_zonly_gr00t_sharedz_ground_temporal_v5_s42,32,16,42,100,3200,0.5908641815185547,,,0.38438406586647034,,5e-06,
ervla_zonly_gr00t_sharedz_ground_temporal_v5_s42,32,16,42,200,6400,0.2668813467025757,,,0.3158262073993683,,1e-05,
ervla_zonly_gr00t_sharedz_ground_temporal_v5_s42,32,16,42,300,9600,0.2228771299123764,,,0.29790329933166504,,1.5e-05,
ervla_zonly_gr00t_sharedz_ground_temporal_v5_s42,32,16,42,400,12800,0.25596630573272705,,,0.24929751455783844,,2e-05,
ervla_zonly_gr00t_sharedz_ground_temporal_v5_s42,32,16,42,500,16000,0.2067568004131317,,,0.18583063781261444,,2.5e-05,
ervla_zonly_gr00t_sharedz_ground_temporal_v5_s42,32,16,42,600,19200,0.2189994752407074,,,0.1471068114042282,,3e-05,
ervla_zonly_gr00t_sharedz_ground_temporal_v5_s42,32,16,42,700,22400,0.20843598246574402,,,0.11589502543210983,,3.5e-05,
ervla_zonly_gr00t_sharedz_ground_temporal_v5_s42,32,16,42,800,25600,0.15630263090133667,,,0.09359676390886307,,4e-05,
ervla_zonly_gr00t_sharedz_ground_temporal_v5_s42,32,16,42,900,28800,0.13350453972816467,,,0.0623830184340477,,4.5e-05,
ervla_zonly_gr00t_sharedz_ground_temporal_v5_s42,32,16,42,1000,32000,0.15627512335777283,0.005425021584544863,0.0752640962600708,0.09718544781208038,0.0875883549451828,5e-05,0.22965212751781242
ervla_zonly_gr00t_sharedz_ground_temporal_v5_s42,32,16,42,1100,35200,0.1151818186044693,,,0.05263734236359596,,5.500000000000001e-05,
ervla_zonly_gr00t_sharedz_ground_temporal_v5_s42,32,16,42,1200,38400,0.1119818389415741,,,0.05389436334371567,,6e-05,
ervla_zonly_gr00t_sharedz_ground_temporal_v5_s42,32,16,42,1300,41600,0.11168283224105835,,,0.06703692674636841,,6.500000000000001e-05,
ervla_zonly_gr00t_sharedz_ground_temporal_v5_s42,32,16,42,1400,44800,0.13099156320095062,,,0.08182736486196518,,7e-05,
ervla_zonly_gr00t_sharedz_ground_temporal_v5_s42,32,16,42,1500,48000,0.09708483517169952,,,0.052938319742679596,,7.500000000000001e-05,
ervla_zonly_gr00t_sharedz_ground_temporal_v5_s42,32,16,42,1600,51200,0.12032026052474976,,,0.041309379041194916,,8e-05,
ervla_zonly_gr00t_sharedz_ground_temporal_v5_s42,32,16,42,1700,54400,0.12592506408691406,,,0.06670083850622177,,8.5e-05,
ervla_zonly_gr00t_sharedz_ground_temporal_v5_s42,32,16,42,1800,57600,0.09522955864667892,,,0.042874716222286224,,9e-05,
ervla_zonly_gr00t_sharedz_ground_temporal_v5_s42,32,16,42,1900,60800,0.08865191042423248,,,0.050950367003679276,,9.5e-05,
ervla_zonly_gr00t_sharedz_ground_temporal_v5_s42,32,16,42,2000,64000,0.10100380331277847,0.005863498364176069,0.05703229457139969,0.028704337775707245,0.05012115091085434,0.0001,0.24821373575110267
ervla_zonly_gr00t_sharedz_ground_temporal_v5_s42,32,16,42,2100,67200,0.11204663664102554,,,0.04433880373835564,,9.999268936750679e-05,
ervla_zonly_gr00t_sharedz_ground_temporal_v5_s42,32,16,42,2200,70400,0.0842825323343277,,,0.0372798852622509,,9.99707596969166e-05,
ervla_zonly_gr00t_sharedz_ground_temporal_v5_s42,32,16,42,2300,73600,0.10413055866956711,,,0.04335236921906471,,9.993421766821954e-05,
ervla_zonly_gr00t_sharedz_ground_temporal_v5_s42,32,16,42,2400,76800,0.10497365891933441,,,0.04490204155445099,,9.988307441247157e-05,
ervla_zonly_gr00t_sharedz_ground_temporal_v5_s42,32,16,42,2500,80000,0.08366456627845764,,,0.025479095056653023,,9.98173455084038e-05,
ervla_zonly_gr00t_sharedz_ground_temporal_v5_s42,32,16,42,2600,83200,0.09592581540346146,,,0.031340379267930984,,9.973705097767713e-05,
ervla_zonly_gr00t_sharedz_ground_temporal_v5_s42,32,16,42,2700,86400,0.08312717080116272,,,0.030959591269493103,,9.964221527878347e-05,
ervla_zonly_gr00t_sharedz_ground_temporal_v5_s42,32,16,42,2800,89600,0.11977434158325195,,,0.05313892289996147,,9.953286729959538e-05,
ervla_zonly_gr00t_sharedz_ground_temporal_v5_s42,32,16,42,2900,92800,0.10707041621208191,,,0.02632366307079792,,9.940904034856662e-05,
ervla_zonly_gr00t_sharedz_ground_temporal_v5_s42,32,16,42,3000,96000,0.08524857461452484,0.0049411846058709285,0.051812052726745605,0.03452131897211075,0.02835206314921379,9.9270772144586e-05,0.2091703303871229
ervla_zonly_gr00t_sharedz_ground_temporal_v5_s42,32,16,42,3100,99200,0.07140907645225525,,,0.03058018535375595,,9.911810480548788e-05,
ervla_zonly_gr00t_sharedz_ground_temporal_v5_s42,32,16,42,3200,102400,0.08976252377033234,,,0.030854294076561928,,9.895108483522268e-05,
ervla_zonly_gr00t_sharedz_ground_temporal_v5_s42,32,16,42,3300,105600,0.08393476903438568,,,0.031096603721380234,,9.87697631096913e-05,
ervla_zonly_gr00t_sharedz_ground_temporal_v5_s42,32,16,42,3400,108800,0.0782250463962555,,,0.037671733647584915,,9.857419486124782e-05,
ervla_zonly_gr00t_sharedz_ground_temporal_v5_s42,32,16,42,3500,112000,0.08189313113689423,,,0.03150256350636482,,9.836443966187527e-05,
ervla_zonly_gr00t_sharedz_ground_temporal_v5_s42,32,16,42,3600,115200,0.07169907540082932,,,0.03770526126027107,,9.814056140503931e-05,
ervla_zonly_gr00t_sharedz_ground_temporal_v5_s42,32,16,42,3700,118400,0.09247173368930817,,,0.032874565571546555,,9.790262828622571e-05,
ervla_zonly_gr00t_sharedz_ground_temporal_v5_s42,32,16,42,3800,121600,0.08651473373174667,,,0.041708581149578094,,9.765071278216737e-05,
ervla_zonly_gr00t_sharedz_ground_temporal_v5_s42,32,16,42,3900,124800,0.10838805884122849,,,0.06167410686612129,,9.738489162876721e-05,
ervla_zonly_gr00t_sharedz_ground_temporal_v5_s42,32,16,42,4000,128000,0.07065033912658691,0.004219416795032365,0.02920200489461422,0.03500541299581528,0.04095972329378128,9.71052457977236e-05,0.17861644027815732
ervla_zonly_gr00t_sharedz_ground_temporal_v5_s42,32,16,42,4100,131200,0.056806255131959915,,,0.028739606961607933,,9.681186047186568e-05,
ervla_zonly_gr00t_sharedz_ground_temporal_v5_s42,32,16,42,4200,134400,0.07951276004314423,,,0.02058665081858635,,9.650482501920581e-05,
ervla_zonly_gr00t_sharedz_ground_temporal_v5_s42,32,16,42,4300,137600,0.07721197605133057,,,0.029987117275595665,,9.618423296571715e-05,
ervla_zonly_gr00t_sharedz_ground_temporal_v5_s42,32,16,42,4400,140800,0.07735981792211533,,,0.05188406631350517,,9.585018196684484e-05,
ervla_zonly_gr00t_sharedz_ground_temporal_v5_s42,32,16,42,4500,144000,0.07644966244697571,,,0.02986619994044304,,9.55027737777592e-05,
ervla_zonly_gr00t_sharedz_ground_temporal_v5_s42,32,16,42,4600,147200,0.07308904826641083,,,0.03757299482822418,,9.514211422236002e-05,
ervla_zonly_gr00t_sharedz_ground_temporal_v5_s42,32,16,42,4700,150400,0.07214739918708801,,,0.030169889330863953,,9.476831316104165e-05,
ervla_zonly_gr00t_sharedz_ground_temporal_v5_s42,32,16,42,4800,153600,0.09016059339046478,,,0.03681036829948425,,9.43814844572285e-05,
ervla_zonly_gr00t_sharedz_ground_temporal_v5_s42,32,16,42,4900,156800,0.07384905964136124,,,0.02990984544157982,,9.3981745942691e-05,
ervla_zonly_gr00t_sharedz_ground_temporal_v5_s42,32,16,42,5000,160000,0.0857713520526886,0.005006925868136542,0.050260867923498154,0.030619997531175613,0.040702927857637405,9.356921938165307e-05,0.21195329088040754
ervla_zonly_gr00t_sharedz_ground_temporal_v5_s42,32,16,42,5100,163200,0.08146073669195175,,,0.040902137756347656,,9.31440304337014e-05,
ervla_zonly_gr00t_sharedz_ground_temporal_v5_s42,32,16,42,5200,166400,0.08222131431102753,,,0.0372639000415802,,9.270630861550844e-05,
ervla_zonly_gr00t_sharedz_ground_temporal_v5_s42,32,16,42,5300,169600,0.06219286471605301,,,0.024119755253195763,,9.225618726138036e-05,
ervla_zonly_gr00t_sharedz_ground_temporal_v5_s42,32,16,42,5400,172800,0.08163802325725555,,,0.03858782351016998,,9.1793803482642e-05,
ervla_zonly_gr00t_sharedz_ground_temporal_v5_s42,32,16,42,5500,176000,0.06614287197589874,,,0.025111988186836243,,9.131929812587162e-05,
ervla_zonly_gr00t_sharedz_ground_temporal_v5_s42,32,16,42,5600,179200,0.04973963648080826,,,0.027376996353268623,,9.083281572999748e-05,
ervla_zonly_gr00t_sharedz_ground_temporal_v5_s42,32,16,42,5700,182400,0.07975536584854126,,,0.02941105142235756,,9.033450448227007e-05,
ervla_zonly_gr00t_sharedz_ground_temporal_v5_s42,32,16,42,5800,185600,0.07747186720371246,,,0.039783772081136703,,8.982451617312265e-05,
ervla_zonly_gr00t_sharedz_ground_temporal_v5_s42,32,16,42,5900,188800,0.09549196809530258,,,0.03536054119467735,,8.930300614993461e-05,
ervla_zonly_gr00t_sharedz_ground_temporal_v5_s42,32,16,42,6000,192000,0.09192759543657303,0.005010806556258883,0.06425561755895615,0.04002232849597931,0.04197997227311134,8.877013326971095e-05,0.2121175682514078
ervla_zonly_gr00t_sharedz_ground_temporal_v5_s42,32,16,42,6100,195200,0.07694601267576218,,,0.029200488701462746,,8.822605985069306e-05,
ervla_zonly_gr00t_sharedz_ground_temporal_v5_s42,32,16,42,6200,198400,0.0639275461435318,,,0.03170171007514,,8.767095162291493e-05,
ervla_zonly_gr00t_sharedz_ground_temporal_v5_s42,32,16,42,6300,201600,0.06748466193675995,,,0.02553819864988327,,8.710497767772019e-05,
ervla_zonly_gr00t_sharedz_ground_temporal_v5_s42,32,16,42,6400,204800,0.09016890823841095,,,0.03309108689427376,,8.652831041625525e-05,
ervla_zonly_gr00t_sharedz_ground_temporal_v5_s42,32,16,42,6500,208000,0.09011435508728027,,,0.0487700030207634,,8.594112549695428e-05,
ervla_zonly_gr00t_sharedz_ground_temporal_v5_s42,32,16,42,6600,211200,0.0794849544763565,,,0.03501694276928902,,8.534360178203187e-05,
ervla_zonly_gr00t_sharedz_ground_temporal_v5_s42,32,16,42,6700,214400,0.08779013156890869,,,0.029966888949275017,,8.473592128299994e-05,
ervla_zonly_gr00t_sharedz_ground_temporal_v5_s42,32,16,42,6800,217600,0.05506279319524765,,,0.03572419285774231,,8.41182691052252e-05,
ervla_zonly_gr00t_sharedz_ground_temporal_v5_s42,32,16,42,6900,220800,0.07342550903558731,,,0.021621106192469597,,8.349083339154435e-05,
ervla_zonly_gr00t_sharedz_ground_temporal_v5_s42,32,16,42,7000,224000,0.05271274223923683,0.0038225057401827405,0.07004056125879288,0.03795536980032921,0.03405246511101723,8.285380526495388e-05,0.16181439317824656
ervla_zonly_gr00t_sharedz_ground_temporal_v5_s42,32,16,42,7100,227200,0.0620264895260334,,,0.0253713671118021,,8.22073787703922e-05,
ervla_zonly_gr00t_sharedz_ground_temporal_v5_s42,32,16,42,7200,230400,0.054714687168598175,,,0.026800405234098434,,8.15517508156316e-05,
ervla_zonly_gr00t_sharedz_ground_temporal_v5_s42,32,16,42,7300,233600,0.06666580587625504,,,0.026022274047136307,,8.088712111129833e-05,
ervla_zonly_gr00t_sharedz_ground_temporal_v5_s42,32,16,42,7400,236800,0.05984346941113472,,,0.04298359528183937,,8.021369211003871e-05,
ervla_zonly_gr00t_sharedz_ground_temporal_v5_s42,32,16,42,7500,240000,0.06640098989009857,,,0.03614877909421921,,7.953166894485022e-05,
ervla_zonly_gr00t_sharedz_ground_temporal_v5_s42,32,16,42,7600,243200,0.07872176170349121,,,0.04650450870394707,,7.884125936659585e-05,
ervla_zonly_gr00t_sharedz_ground_temporal_v5_s42,32,16,42,7700,246400,0.07634218037128448,,,0.0308594461530447,,7.814267368072131e-05,
ervla_zonly_gr00t_sharedz_ground_temporal_v5_s42,32,16,42,7800,249600,0.06774097681045532,,,0.031743958592414856,,7.743612468319385e-05,
ervla_zonly_gr00t_sharedz_ground_temporal_v5_s42,32,16,42,7900,252800,0.06629963964223862,,,0.029574038460850716,,7.67218275956826e-05,
ervla_zonly_gr00t_sharedz_ground_temporal_v5_s42,32,16,42,8000,256000,0.10183238238096237,0.00417575692491872,0.057039253413677216,0.04673152044415474,0.028374705463647842,7.6e-05,0.17676822974065196
ervla_zonly_gr00t_sharedz_ground_temporal_v5_s42,32,16,42,8100,259200,0.07798659056425095,,,0.040183018893003464,,7.527086177182419e-05,
ervla_zonly_gr00t_sharedz_ground_temporal_v5_s42,32,16,42,8200,262400,0.07221561670303345,,,0.030484987422823906,,7.453463501372276e-05,
ervla_zonly_gr00t_sharedz_ground_temporal_v5_s42,32,16,42,8300,265600,0.06414112448692322,,,0.03865170106291771,,7.379154398749825e-05,
ervla_zonly_gr00t_sharedz_ground_temporal_v5_s42,32,16,42,8400,268800,0.05319929122924805,,,0.022861871868371964,,7.304181504587571e-05,
ervla_zonly_gr00t_sharedz_ground_temporal_v5_s42,32,16,42,8500,272000,0.06078509986400604,,,0.033398065716028214,,7.228567656355358e-05,
ervla_zonly_gr00t_sharedz_ground_temporal_v5_s42,32,16,42,8600,275200,0.06230675429105759,,,0.0191297996789217,,7.152335886763842e-05,
ervla_zonly_gr00t_sharedz_ground_temporal_v5_s42,32,16,42,8700,278400,0.059059735387563705,,,0.04068461060523987,,7.075509416748514e-05,
ervla_zonly_gr00t_sharedz_ground_temporal_v5_s42,32,16,42,8800,281600,0.0646340399980545,,,0.03758872300386429,,6.99811164839638e-05,
ervla_zonly_gr00t_sharedz_ground_temporal_v5_s42,32,16,42,8900,284800,0.056755565106868744,,,0.031661003828048706,,6.920166157817441e-05,
ervla_zonly_gr00t_sharedz_ground_temporal_v5_s42,32,16,42,9000,288000,0.05974704399704933,0.0038075103823627743,0.0633048266172409,0.03719070926308632,0.031008049845695496,6.841696687963212e-05,0.16117960937645362
ervla_zonly_gr00t_sharedz_ground_temporal_v5_s42,32,16,42,9100,291200,0.05680500715970993,,,0.030609939247369766,,6.762727141394353e-05,
ervla_zonly_gr00t_sharedz_ground_temporal_v5_s42,32,16,42,9200,294400,0.0729530081152916,,,0.027425076812505722,,6.683281572999748e-05,
ervla_zonly_gr00t_sharedz_ground_temporal_v5_s42,32,16,42,9300,297600,0.07111003994941711,,,0.03469954803586006,,6.603384182669137e-05,
ervla_zonly_gr00t_sharedz_ground_temporal_v5_s42,32,16,42,9400,300800,0.061661213636398315,,,0.03687996417284012,,6.523059307921596e-05,
ervla_zonly_gr00t_sharedz_ground_temporal_v5_s42,32,16,42,9500,304000,0.04915674775838852,,,0.024380089715123177,,6.4423314164921e-05,
ervla_zonly_gr00t_sharedz_ground_temporal_v5_s42,32,16,42,9600,307200,0.046396560966968536,,,0.03251347318291664,,6.361225098878405e-05,
ervla_zonly_gr00t_sharedz_ground_temporal_v5_s42,32,16,42,9700,310400,0.05443976819515228,,,0.03630779683589935,,6.279765060850554e-05,
ervla_zonly_gr00t_sharedz_ground_temporal_v5_s42,32,16,42,9800,313600,0.05831997096538544,,,0.030247773975133896,,6.197976115925245e-05,
ervla_zonly_gr00t_sharedz_ground_temporal_v5_s42,32,16,42,9900,316800,0.0626402348279953,,,0.02752186357975006,,6.115883177807415e-05,
ervla_zonly_gr00t_sharedz_ground_temporal_v5_s42,32,16,42,10000,320000,0.052011262625455856,0.004621952239956174,0.055056001991033554,0.021526874974370003,0.019805341958999634,6.033511252801267e-05,0.1956565791766715
ervla_zonly_gr00t_sharedz_ground_temporal_v5_s42,32,16,42,10100,323200,0.06266233325004578,,,0.02556387335062027,,5.950885432193108e-05,
ervla_zonly_gr00t_sharedz_ground_temporal_v5_s42,32,16,42,10200,326400,0.06915395706892014,,,0.0356966070830822,,5.868030884608314e-05,
ervla_zonly_gr00t_sharedz_ground_temporal_v5_s42,32,16,42,10300,329600,0.05887089669704437,,,0.022807322442531586,,5.784972848344708e-05,
ervla_zonly_gr00t_sharedz_ground_temporal_v5_s42,32,16,42,10400,332800,0.05547354370355606,,,0.02252499759197235,,5.701736623684737e-05,
ervla_zonly_gr00t_sharedz_ground_temporal_v5_s42,32,16,42,10500,336000,0.06443408131599426,,,0.02724521979689598,,5.618347565188761e-05,
ervla_zonly_gr00t_sharedz_ground_temporal_v5_s42,32,16,42,10600,339200,0.075290247797966,,,0.038842231035232544,,5.5348310739718014e-05,
ervla_zonly_gr00t_sharedz_ground_temporal_v5_s42,32,16,42,10700,342400,0.05596216022968292,,,0.018141109496355057,,5.451212589966132e-05,
ervla_zonly_gr00t_sharedz_ground_temporal_v5_s42,32,16,42,10800,345600,0.04875325784087181,,,0.018208123743534088,,5.367517584172006e-05,
ervla_zonly_gr00t_sharedz_ground_temporal_v5_s42,32,16,42,10900,348800,0.05998048186302185,,,0.035681046545505524,,5.283771550898962e-05,
ervla_zonly_gr00t_sharedz_ground_temporal_v5_s42,32,16,42,11000,352000,0.06803140044212341,0.004020921885967255,0.04834994301199913,0.03293326497077942,0.03433864936232567,5.2000000000000004e-05,0.17021374962377872
ervla_zonly_gr00t_sharedz_ground_temporal_v5_s42,32,16,42,11100,355200,0.05324038863182068,,,0.02776842750608921,,5.1162284491010396e-05,
ervla_zonly_gr00t_sharedz_ground_temporal_v5_s42,32,16,42,11200,358400,0.053680259734392166,,,0.021052801981568336,,5.0324824158279973e-05,
ervla_zonly_gr00t_sharedz_ground_temporal_v5_s42,32,16,42,11300,361600,0.049271728843450546,,,0.02256622537970543,,4.9487874100338696e-05,
ervla_zonly_gr00t_sharedz_ground_temporal_v5_s42,32,16,42,11400,364800,0.060763925313949585,,,0.028416752815246582,,4.8651689260281987e-05,
ervla_zonly_gr00t_sharedz_ground_temporal_v5_s42,32,16,42,11500,368000,0.04724401980638504,,,0.016380148008465767,,4.78165243481124e-05,
ervla_zonly_gr00t_sharedz_ground_temporal_v5_s42,32,16,42,11600,371200,0.040425024926662445,,,0.028094857931137085,,4.698263376315264e-05,
ervla_zonly_gr00t_sharedz_ground_temporal_v5_s42,32,16,42,11700,374400,0.06858894228935242,,,0.026562077924609184,,4.615027151655293e-05,
ervla_zonly_gr00t_sharedz_ground_temporal_v5_s42,32,16,42,11800,377600,0.05818831920623779,,,0.03390304744243622,,4.531969115391687e-05,
ervla_zonly_gr00t_sharedz_ground_temporal_v5_s42,32,16,42,11900,380800,0.07581181824207306,,,0.040310073643922806,,4.449114567806891e-05,
ervla_zonly_gr00t_sharedz_ground_temporal_v5_s42,32,16,42,12000,384000,0.055991120636463165,0.0035930994365896496,0.055345337837934494,0.022641681134700775,0.038720324635505676,4.3664887471987345e-05,0.1521031607222801
ervla_zonly_gr00t_sharedz_ground_temporal_v5_s42,32,16,42,12100,387200,0.07737784087657928,,,0.03855102136731148,,4.284116822192585e-05,
ervla_zonly_gr00t_sharedz_ground_temporal_v5_s42,32,16,42,12200,390400,0.06170639023184776,,,0.024446658790111542,,4.2020238840747555e-05,
ervla_zonly_gr00t_sharedz_ground_temporal_v5_s42,32,16,42,12300,393600,0.06980735063552856,,,0.03524560108780861,,4.1202349391494485e-05,
ervla_zonly_gr00t_sharedz_ground_temporal_v5_s42,32,16,42,12400,396800,0.08387984335422516,,,0.08131571859121323,,4.038774901121595e-05,
ervla_zonly_gr00t_sharedz_ground_temporal_v5_s42,32,16,42,12500,400000,0.05190930515527725,,,0.022640837356448174,,3.9576685835079e-05,
ervla_zonly_gr00t_sharedz_ground_temporal_v5_s42,32,16,42,12600,403200,0.05373379588127136,,,0.024882417172193527,,3.876940692078404e-05,
ervla_zonly_gr00t_sharedz_ground_temporal_v5_s42,32,16,42,12700,406400,0.06508825719356537,,,0.0479995533823967,,3.796615817330864e-05,
ervla_zonly_gr00t_sharedz_ground_temporal_v5_s42,32,16,42,12800,409600,0.05143974721431732,,,0.03568173199892044,,3.716718427000253e-05,
ervla_zonly_gr00t_sharedz_ground_temporal_v5_s42,32,16,42,12900,412800,0.0663049966096878,,,0.036220598965883255,,3.637272858605649e-05,
ervla_zonly_gr00t_sharedz_ground_temporal_v5_s42,32,16,42,13000,416000,0.04859450086951256,0.00418902188539505,0.0614282488822937,0.019991887733340263,0.04393996670842171,3.5583033120367907e-05,0.17732976232579548
ervla_zonly_gr00t_sharedz_ground_temporal_v5_s42,32,16,42,13100,419200,0.05311531573534012,,,0.027537450194358826,,3.4798338421825585e-05,
ervla_zonly_gr00t_sharedz_ground_temporal_v5_s42,32,16,42,13200,422400,0.060934536159038544,,,0.0375870056450367,,3.401888351603622e-05,
ervla_zonly_gr00t_sharedz_ground_temporal_v5_s42,32,16,42,13300,425600,0.04934731870889664,,,0.02442324534058571,,3.324490583251487e-05,
ervla_zonly_gr00t_sharedz_ground_temporal_v5_s42,32,16,42,13400,428800,0.0730273425579071,,,0.04070093482732773,,3.2476641132361596e-05,
ervla_zonly_gr00t_sharedz_ground_temporal_v5_s42,32,16,42,13500,432000,0.05350394546985626,,,0.02254614606499672,,3.171432343644644e-05,
ervla_zonly_gr00t_sharedz_ground_temporal_v5_s42,32,16,42,13600,435200,0.05406211316585541,,,0.0196249857544899,,3.095818495412427e-05,
ervla_zonly_gr00t_sharedz_ground_temporal_v5_s42,32,16,42,13700,438400,0.046616170555353165,,,0.03066420368850231,,3.0208456012501756e-05,
ervla_zonly_gr00t_sharedz_ground_temporal_v5_s42,32,16,42,13800,441600,0.0586850568652153,,,0.03170201554894447,,2.9465364986277255e-05,
ervla_zonly_gr00t_sharedz_ground_temporal_v5_s42,32,16,42,13900,444800,0.06702996790409088,,,0.02661927230656147,,2.8729138228175822e-05,
ervla_zonly_gr00t_sharedz_ground_temporal_v5_s42,32,16,42,14000,448000,0.03580799698829651,0.003219607153109142,0.04857531189918518,0.03265174850821495,0.02451278455555439,2.800000000000001e-05,0.13629247754322316
ervla_zonly_gr00t_sharedz_ground_temporal_v5_s42,32,16,42,14100,451200,0.04314602166414261,,,0.02910810336470604,,2.7278172404317394e-05,
ervla_zonly_gr00t_sharedz_ground_temporal_v5_s42,32,16,42,14200,454400,0.04012080281972885,,,0.027426566928625107,,2.656387531680617e-05,
ervla_zonly_gr00t_sharedz_ground_temporal_v5_s42,32,16,42,14300,457600,0.057336531579494476,,,0.03765657916665077,,2.5857326319278704e-05,
ervla_zonly_gr00t_sharedz_ground_temporal_v5_s42,32,16,42,14400,460800,0.05666196346282959,,,0.029462052509188652,,2.515874063340416e-05,
ervla_zonly_gr00t_sharedz_ground_temporal_v5_s42,32,16,42,14500,464000,0.05713962763547897,,,0.035218529403209686,,2.4468331055149803e-05,
ervla_zonly_gr00t_sharedz_ground_temporal_v5_s42,32,16,42,14600,467200,0.047642484307289124,,,0.026498181745409966,,2.3786307889961294e-05,
ervla_zonly_gr00t_sharedz_ground_temporal_v5_s42,32,16,42,14700,470400,0.054819945245981216,,,0.032505862414836884,,2.311287888870168e-05,
ervla_zonly_gr00t_sharedz_ground_temporal_v5_s42,32,16,42,14800,473600,0.05395698919892311,,,0.04067854955792427,,2.2448249184368404e-05,
ervla_zonly_gr00t_sharedz_ground_temporal_v5_s42,32,16,42,14900,476800,0.052719272673130035,,,0.03264455497264862,,2.1792621229607812e-05,
ervla_zonly_gr00t_sharedz_ground_temporal_v5_s42,32,16,42,15000,480000,0.04051829129457474,0.00342701402093683,0.04933900758624077,0.022612109780311584,0.030436743050813675,2.114619473504611e-05,0.14507242942288565
ervla_zonly_gr00t_sharedz_ground_temporal_v5_s42,32,16,42,15100,483200,0.057888180017471313,,,0.03759277984499931,,2.0509166608455656e-05,
ervla_zonly_gr00t_sharedz_ground_temporal_v5_s42,32,16,42,15200,486400,0.04781206697225571,,,0.02103881724178791,,1.988173089477482e-05,
ervla_zonly_gr00t_sharedz_ground_temporal_v5_s42,32,16,42,15300,489600,0.053153201937675476,,,0.030725501477718353,,1.926407871700008e-05,
ervla_zonly_gr00t_sharedz_ground_temporal_v5_s42,32,16,42,15400,492800,0.04847107082605362,,,0.03062167949974537,,1.8656398217968124e-05,
ervla_zonly_gr00t_sharedz_ground_temporal_v5_s42,32,16,42,15500,496000,0.0695737823843956,,,0.039238788187503815,,1.8058874503045718e-05,
ervla_zonly_gr00t_sharedz_ground_temporal_v5_s42,32,16,42,15600,499200,0.034299395978450775,,,0.029033301398158073,,1.7471689583744754e-05,
ervla_zonly_gr00t_sharedz_ground_temporal_v5_s42,32,16,42,15700,502400,0.05406899005174637,,,0.024859154596924782,,1.6895022322279818e-05,
ervla_zonly_gr00t_sharedz_ground_temporal_v5_s42,32,16,42,15800,505600,0.0682292953133583,,,0.02793249860405922,,1.6329048377085072e-05,
ervla_zonly_gr00t_sharedz_ground_temporal_v5_s42,32,16,42,15900,508800,0.039614737033843994,,,0.027378659695386887,,1.5773940149306942e-05,
ervla_zonly_gr00t_sharedz_ground_temporal_v5_s42,32,16,42,16000,512000,0.04479096084833145,0.00254210111285959,0.04847836494445801,0.03821391612291336,0.019423896446824074,1.5229866730289061e-05,0.10761227763531224
ervla_zonly_gr00t_sharedz_ground_temporal_v5_s42,32,16,42,16100,515200,0.053459327667951584,,,0.03127477318048477,,1.4696993850065396e-05,
ervla_zonly_gr00t_sharedz_ground_temporal_v5_s42,32,16,42,16200,518400,0.0538487546145916,,,0.03940886631608009,,1.4175483826877348e-05,
ervla_zonly_gr00t_sharedz_ground_temporal_v5_s42,32,16,42,16300,521600,0.043453216552734375,,,0.03498637676239014,,1.3665495517729954e-05,
ervla_zonly_gr00t_sharedz_ground_temporal_v5_s42,32,16,42,16400,524800,0.050059959292411804,,,0.061160482466220856,,1.3167184270002527e-05,
ervla_zonly_gr00t_sharedz_ground_temporal_v5_s42,32,16,42,16500,528000,0.04735542833805084,,,0.03526228666305542,,1.2680701874128388e-05,
ervla_zonly_gr00t_sharedz_ground_temporal_v5_s42,32,16,42,16600,531200,0.04174491763114929,,,0.02846742980182171,,1.2206196517358001e-05,
ervla_zonly_gr00t_sharedz_ground_temporal_v5_s42,32,16,42,16700,534400,0.04232914745807648,,,0.018792012706398964,,1.174381273861965e-05,
ervla_zonly_gr00t_sharedz_ground_temporal_v5_s42,32,16,42,16800,537600,0.04308619350194931,,,0.029208512976765633,,1.1293691384491554e-05,
ervla_zonly_gr00t_sharedz_ground_temporal_v5_s42,32,16,42,16900,540800,0.04656292498111725,,,0.027971697971224785,,1.0855969566298613e-05,
ervla_zonly_gr00t_sharedz_ground_temporal_v5_s42,32,16,42,17000,544000,0.0466676726937294,0.0031228712094681604,0.034803152084350586,0.025940582156181335,0.03434763103723526,1.0430780618346942e-05,0.13219744954777998
ervla_zonly_gr00t_sharedz_ground_temporal_v5_s42,32,16,42,17100,547200,0.04758651554584503,,,0.03216284513473511,,1.0018254057309004e-05,
ervla_zonly_gr00t_sharedz_ground_temporal_v5_s42,32,16,42,17200,550400,0.03877721726894379,,,0.030627049505710602,,9.618515542771505e-06,
ervla_zonly_gr00t_sharedz_ground_temporal_v5_s42,32,16,42,17300,553600,0.04523129016160965,,,0.027052298188209534,,9.231686838958345e-06,
ervla_zonly_gr00t_sharedz_ground_temporal_v5_s42,32,16,42,17400,556800,0.03896123170852661,,,0.027999984100461006,,8.857885777639993e-06,
ervla_zonly_gr00t_sharedz_ground_temporal_v5_s42,32,16,42,17500,560000,0.04955502599477768,,,0.02701975777745247,,8.497226222240803e-06,
ervla_zonly_gr00t_sharedz_ground_temporal_v5_s42,32,16,42,17600,563200,0.06633000820875168,,,0.03733427822589874,,8.149818033155154e-06,
ervla_zonly_gr00t_sharedz_ground_temporal_v5_s42,32,16,42,17700,566400,0.052640728652477264,,,0.029222726821899414,,7.815767034282861e-06,
ervla_zonly_gr00t_sharedz_ground_temporal_v5_s42,32,16,42,17800,569600,0.055815499275922775,,,0.04013073816895485,,7.495174980794209e-06,
ervla_zonly_gr00t_sharedz_ground_temporal_v5_s42,32,16,42,17900,572800,0.048561204224824905,,,0.030145110562443733,,7.188139528134322e-06,
ervla_zonly_gr00t_sharedz_ground_temporal_v5_s42,32,16,42,18000,576000,0.05243883654475212,0.0030276176652738024,0.03817756846547127,0.0358753576874733,0.02948227897286415,6.8947542022764005e-06,0.12816517451680765
ervla_zonly_gr00t_sharedz_ground_temporal_v5_s42,32,16,42,18100,579200,0.05050540715456009,,,0.032158587127923965,,6.6151083712327905e-06,
ervla_zonly_gr00t_sharedz_ground_temporal_v5_s42,32,16,42,18200,582400,0.058655716478824615,,,0.028148366138339043,,6.349287217832631e-06,
ervla_zonly_gr00t_sharedz_ground_temporal_v5_s42,32,16,42,18300,585600,0.03979315608739853,,,0.021850254386663437,,6.097371713774299e-06,
ervla_zonly_gr00t_sharedz_ground_temporal_v5_s42,32,16,42,18400,588800,0.04300544783473015,,,0.023746952414512634,,5.859438594960692e-06,
ervla_zonly_gr00t_sharedz_ground_temporal_v5_s42,32,16,42,18500,592000,0.04803843051195145,,,0.014972490258514881,,5.635560338124726e-06,
ervla_zonly_gr00t_sharedz_ground_temporal_v5_s42,32,16,42,18600,595200,0.05016186088323593,,,0.03639771416783333,,5.425805138752168e-06,
ervla_zonly_gr00t_sharedz_ground_temporal_v5_s42,32,16,42,18700,598400,0.03895588219165802,,,0.0242275670170784,,5.230236890308713e-06,
ervla_zonly_gr00t_sharedz_ground_temporal_v5_s42,32,16,42,18800,601600,0.047357700765132904,,,0.027834909036755562,,5.048915164777327e-06,
ervla_zonly_gr00t_sharedz_ground_temporal_v5_s42,32,16,42,18900,604800,0.052924975752830505,,,0.028721749782562256,,4.881895194512129e-06,
ervla_zonly_gr00t_sharedz_ground_temporal_v5_s42,32,16,42,19000,608000,0.041390955448150635,0.003478658784713064,0.045765239745378494,0.022113986313343048,0.037584878504276276,4.729227855414015e-06,0.14725865664641513
ervla_zonly_gr00t_sharedz_ground_temporal_v5_s42,32,16,42,19100,611200,0.0478229895234108,,,0.031108280643820763,,4.590959651433392e-06,
ervla_zonly_gr00t_sharedz_ground_temporal_v5_s42,32,16,42,19200,614400,0.037837885320186615,,,0.029835902154445648,,4.467132700404622e-06,
ervla_zonly_gr00t_sharedz_ground_temporal_v5_s42,32,16,42,19300,617600,0.03538632020354271,,,0.023575877770781517,,4.357784721216544e-06,
ervla_zonly_gr00t_sharedz_ground_temporal_v5_s42,32,16,42,19400,620800,0.03904411941766739,,,0.0395677387714386,,4.262949022322882e-06,
ervla_zonly_gr00t_sharedz_ground_temporal_v5_s42,32,16,42,19500,624000,0.04746588319540024,,,0.024642299860715866,,4.182654491596214e-06,
ervla_zonly_gr00t_sharedz_ground_temporal_v5_s42,32,16,42,19600,627200,0.041064731776714325,,,0.028371913358569145,,4.1169255875284385e-06,
ervla_zonly_gr00t_sharedz_ground_temporal_v5_s42,32,16,42,19700,630400,0.04562479257583618,,,0.0259096659719944,,4.065782331780456e-06,
ervla_zonly_gr00t_sharedz_ground_temporal_v5_s42,32,16,42,19800,633600,0.05335081368684769,,,0.03573475033044815,,4.029240303083403e-06,
ervla_zonly_gr00t_sharedz_ground_temporal_v5_s42,32,16,42,19900,636800,0.04874957725405693,,,0.03685659542679787,,4.007310632493218e-06,
ervla_zonly_gr00t_sharedz_ground_temporal_v5_s42,32,16,42,20000,640000,0.04296272248029709,0.002025441000504153,0.04021311551332474,0.0350174754858017,0.02025117352604866,4e-06,0.08574101092108542
ervla_zonly_gr00t_sharedz_ground_temporal_v5_s43,32,16,43,100,3200,0.5721095204353333,,,0.3749951124191284,,5e-06,
ervla_zonly_gr00t_sharedz_ground_temporal_v5_s43,32,16,43,200,6400,0.31079697608947754,,,0.2954952120780945,,1e-05,
ervla_zonly_gr00t_sharedz_ground_temporal_v5_s43,32,16,43,300,9600,0.24226349592208862,,,0.2734524607658386,,1.5e-05,
ervla_zonly_gr00t_sharedz_ground_temporal_v5_s43,32,16,43,400,12800,0.2727092504501343,,,0.2523316740989685,,2e-05,
ervla_zonly_gr00t_sharedz_ground_temporal_v5_s43,32,16,43,500,16000,0.22199201583862305,,,0.18716251850128174,,2.5e-05,
ervla_zonly_gr00t_sharedz_ground_temporal_v5_s43,32,16,43,600,19200,0.21551668643951416,,,0.1572665274143219,,3e-05,
ervla_zonly_gr00t_sharedz_ground_temporal_v5_s43,32,16,43,700,22400,0.20875035226345062,,,0.12306884676218033,,3.5e-05,
ervla_zonly_gr00t_sharedz_ground_temporal_v5_s43,32,16,43,800,25600,0.17861802875995636,,,0.09131965786218643,,4e-05,
ervla_zonly_gr00t_sharedz_ground_temporal_v5_s43,32,16,43,900,28800,0.13204024732112885,,,0.06335584819316864,,4.5e-05,
ervla_zonly_gr00t_sharedz_ground_temporal_v5_s43,32,16,43,1000,32000,0.16411620378494263,0.00592775536434991,0.08122427016496658,0.08908333629369736,0.08474379777908325,5e-05,0.25093386443038296
ervla_zonly_gr00t_sharedz_ground_temporal_v5_s43,32,16,43,1100,35200,0.11096172779798508,,,0.06469692289829254,,5.500000000000001e-05,
ervla_zonly_gr00t_sharedz_ground_temporal_v5_s43,32,16,43,1200,38400,0.1285441815853119,,,0.064208023250103,,6e-05,
ervla_zonly_gr00t_sharedz_ground_temporal_v5_s43,32,16,43,1300,41600,0.1084437444806099,,,0.05747408792376518,,6.500000000000001e-05,
ervla_zonly_gr00t_sharedz_ground_temporal_v5_s43,32,16,43,1400,44800,0.12206859141588211,,,0.07075431197881699,,7e-05,
ervla_zonly_gr00t_sharedz_ground_temporal_v5_s43,32,16,43,1500,48000,0.12827278673648834,,,0.05300625413656235,,7.500000000000001e-05,
ervla_zonly_gr00t_sharedz_ground_temporal_v5_s43,32,16,43,1600,51200,0.1176333948969841,,,0.040685053914785385,,8e-05,
ervla_zonly_gr00t_sharedz_ground_temporal_v5_s43,32,16,43,1700,54400,0.129596546292305,,,0.06250694394111633,,8.5e-05,
ervla_zonly_gr00t_sharedz_ground_temporal_v5_s43,32,16,43,1800,57600,0.10729381442070007,,,0.033514998853206635,,9e-05,
ervla_zonly_gr00t_sharedz_ground_temporal_v5_s43,32,16,43,1900,60800,0.0976233184337616,,,0.04961271211504936,,9.5e-05,
ervla_zonly_gr00t_sharedz_ground_temporal_v5_s43,32,16,43,2000,64000,0.09137842059135437,0.005527959338256291,0.060158152133226395,0.03175659477710724,0.05129440873861313,0.0001,0.23400969066725327
ervla_zonly_gr00t_sharedz_ground_temporal_v5_s43,32,16,43,2100,67200,0.11031855642795563,,,0.041175272315740585,,9.999268936750679e-05,
ervla_zonly_gr00t_sharedz_ground_temporal_v5_s43,32,16,43,2200,70400,0.08863294869661331,,,0.042323581874370575,,9.99707596969166e-05,
ervla_zonly_gr00t_sharedz_ground_temporal_v5_s43,32,16,43,2300,73600,0.10154958069324493,,,0.04164140671491623,,9.993421766821954e-05,
ervla_zonly_gr00t_sharedz_ground_temporal_v5_s43,32,16,43,2400,76800,0.0962519496679306,,,0.04490618035197258,,9.988307441247157e-05,
ervla_zonly_gr00t_sharedz_ground_temporal_v5_s43,32,16,43,2500,80000,0.09412117302417755,,,0.030186783522367477,,9.98173455084038e-05,
ervla_zonly_gr00t_sharedz_ground_temporal_v5_s43,32,16,43,2600,83200,0.10316905379295349,,,0.03404237702488899,,9.973705097767713e-05,
ervla_zonly_gr00t_sharedz_ground_temporal_v5_s43,32,16,43,2700,86400,0.08322550356388092,,,0.029027333483099937,,9.964221527878347e-05,
ervla_zonly_gr00t_sharedz_ground_temporal_v5_s43,32,16,43,2800,89600,0.10284744203090668,,,0.05523856356739998,,9.953286729959538e-05,
ervla_zonly_gr00t_sharedz_ground_temporal_v5_s43,32,16,43,2900,92800,0.10501936823129654,,,0.02981521189212799,,9.940904034856662e-05,
ervla_zonly_gr00t_sharedz_ground_temporal_v5_s43,32,16,43,3000,96000,0.08613061904907227,0.005219143416200366,0.07168601453304291,0.037065912038087845,0.027417782694101334,9.9270772144586e-05,0.2209368885767399
ervla_zonly_gr00t_sharedz_ground_temporal_v5_s43,32,16,43,3100,99200,0.06189988926053047,,,0.023233165964484215,,9.911810480548788e-05,
ervla_zonly_gr00t_sharedz_ground_temporal_v5_s43,32,16,43,3200,102400,0.06837217509746552,,,0.023791730403900146,,9.895108483522268e-05,
ervla_zonly_gr00t_sharedz_ground_temporal_v5_s43,32,16,43,3300,105600,0.08580014854669571,,,0.0327303521335125,,9.87697631096913e-05,
ervla_zonly_gr00t_sharedz_ground_temporal_v5_s43,32,16,43,3400,108800,0.07585068047046661,,,0.038382600992918015,,9.857419486124782e-05,
ervla_zonly_gr00t_sharedz_ground_temporal_v5_s43,32,16,43,3500,112000,0.09189516305923462,,,0.028983471915125847,,9.836443966187527e-05,
ervla_zonly_gr00t_sharedz_ground_temporal_v5_s43,32,16,43,3600,115200,0.07942716777324677,,,0.06191236153244972,,9.814056140503931e-05,
ervla_zonly_gr00t_sharedz_ground_temporal_v5_s43,32,16,43,3700,118400,0.09129823744297028,,,0.030338631942868233,,9.790262828622571e-05,
ervla_zonly_gr00t_sharedz_ground_temporal_v5_s43,32,16,43,3800,121600,0.07675544917583466,,,0.042992688715457916,,9.765071278216737e-05,
ervla_zonly_gr00t_sharedz_ground_temporal_v5_s43,32,16,43,3900,124800,0.09669768810272217,,,0.05830107256770134,,9.738489162876721e-05,
ervla_zonly_gr00t_sharedz_ground_temporal_v5_s43,32,16,43,4000,128000,0.07051387429237366,0.0043179746717214584,0.032097503542900085,0.03390141576528549,0.03459293395280838,9.71052457977236e-05,0.1827885943816119
ervla_zonly_gr00t_sharedz_ground_temporal_v5_s43,32,16,43,4100,131200,0.08011917769908905,,,0.03925548493862152,,9.681186047186568e-05,
ervla_zonly_gr00t_sharedz_ground_temporal_v5_s43,32,16,43,4200,134400,0.09280239045619965,,,0.02219763956964016,,9.650482501920581e-05,
ervla_zonly_gr00t_sharedz_ground_temporal_v5_s43,32,16,43,4300,137600,0.0796097069978714,,,0.03110540099442005,,9.618423296571715e-05,
ervla_zonly_gr00t_sharedz_ground_temporal_v5_s43,32,16,43,4400,140800,0.07386748492717743,,,0.053328998386859894,,9.585018196684484e-05,
ervla_zonly_gr00t_sharedz_ground_temporal_v5_s43,32,16,43,4500,144000,0.06187158450484276,,,0.03169305622577667,,9.55027737777592e-05,
ervla_zonly_gr00t_sharedz_ground_temporal_v5_s43,32,16,43,4600,147200,0.06709885597229004,,,0.04622381925582886,,9.514211422236002e-05,
ervla_zonly_gr00t_sharedz_ground_temporal_v5_s43,32,16,43,4700,150400,0.08651087433099747,,,0.035379767417907715,,9.476831316104165e-05,
ervla_zonly_gr00t_sharedz_ground_temporal_v5_s43,32,16,43,4800,153600,0.09014982730150223,,,0.038235172629356384,,9.43814844572285e-05,
ervla_zonly_gr00t_sharedz_ground_temporal_v5_s43,32,16,43,4900,156800,0.0856734961271286,,,0.03218722343444824,,9.3981745942691e-05,
ervla_zonly_gr00t_sharedz_ground_temporal_v5_s43,32,16,43,5000,160000,0.08414703607559204,0.0051518300814288,0.05378982052206993,0.03118245117366314,0.04317338392138481,9.356921938165307e-05,0.21808737907715592
ervla_zonly_gr00t_sharedz_ground_temporal_v5_s43,32,16,43,5100,163200,0.083943210542202,,,0.03883187100291252,,9.31440304337014e-05,
ervla_zonly_gr00t_sharedz_ground_temporal_v5_s43,32,16,43,5200,166400,0.08590658009052277,,,0.029659058898687363,,9.270630861550844e-05,
ervla_zonly_gr00t_sharedz_ground_temporal_v5_s43,32,16,43,5300,169600,0.05892954766750336,,,0.027870023623108864,,9.225618726138036e-05,
ervla_zonly_gr00t_sharedz_ground_temporal_v5_s43,32,16,43,5400,172800,0.08857086300849915,,,0.039172105491161346,,9.1793803482642e-05,
ervla_zonly_gr00t_sharedz_ground_temporal_v5_s43,32,16,43,5500,176000,0.06865479052066803,,,0.024298496544361115,,9.131929812587162e-05,
ervla_zonly_gr00t_sharedz_ground_temporal_v5_s43,32,16,43,5600,179200,0.059750981628894806,,,0.029758021235466003,,9.083281572999748e-05,
ervla_zonly_gr00t_sharedz_ground_temporal_v5_s43,32,16,43,5700,182400,0.08702243864536285,,,0.028869565576314926,,9.033450448227007e-05,
ervla_zonly_gr00t_sharedz_ground_temporal_v5_s43,32,16,43,5800,185600,0.0679602399468422,,,0.0337790921330452,,8.982451617312265e-05,
ervla_zonly_gr00t_sharedz_ground_temporal_v5_s43,32,16,43,5900,188800,0.09693358838558197,,,0.036715250462293625,,8.930300614993461e-05,
ervla_zonly_gr00t_sharedz_ground_temporal_v5_s43,32,16,43,6000,192000,0.06344037503004074,0.005017658961670739,0.061969611793756485,0.03297724202275276,0.03950512036681175,8.877013326971095e-05,0.21240764442104562
ervla_zonly_gr00t_sharedz_ground_temporal_v5_s43,32,16,43,6100,195200,0.07871008664369583,,,0.03185088559985161,,8.822605985069306e-05,
ervla_zonly_gr00t_sharedz_ground_temporal_v5_s43,32,16,43,6200,198400,0.0807029977440834,,,0.0323978029191494,,8.767095162291493e-05,
ervla_zonly_gr00t_sharedz_ground_temporal_v5_s43,32,16,43,6300,201600,0.05210891366004944,,,0.02468913607299328,,8.710497767772019e-05,
ervla_zonly_gr00t_sharedz_ground_temporal_v5_s43,32,16,43,6400,204800,0.08175472915172577,,,0.028355654329061508,,8.652831041625525e-05,
ervla_zonly_gr00t_sharedz_ground_temporal_v5_s43,32,16,43,6500,208000,0.0834348052740097,,,0.04898158833384514,,8.594112549695428e-05,
ervla_zonly_gr00t_sharedz_ground_temporal_v5_s43,32,16,43,6600,211200,0.08466143906116486,,,0.03566855192184448,,8.534360178203187e-05,
ervla_zonly_gr00t_sharedz_ground_temporal_v5_s43,32,16,43,6700,214400,0.09680336713790894,,,0.032527074217796326,,8.473592128299994e-05,
ervla_zonly_gr00t_sharedz_ground_temporal_v5_s43,32,16,43,6800,217600,0.06087019294500351,,,0.029908467084169388,,8.41182691052252e-05,
ervla_zonly_gr00t_sharedz_ground_temporal_v5_s43,32,16,43,6900,220800,0.061761535704135895,,,0.021171463653445244,,8.349083339154435e-05,
ervla_zonly_gr00t_sharedz_ground_temporal_v5_s43,32,16,43,7000,224000,0.07706821709871292,0.0038703448538269314,0.058041688054800034,0.03998085856437683,0.04085712879896164,8.285380526495388e-05,0.16383951954055512
ervla_zonly_gr00t_sharedz_ground_temporal_v5_s43,32,16,43,7100,227200,0.06404644250869751,,,0.026003343984484673,,8.22073787703922e-05,
ervla_zonly_gr00t_sharedz_ground_temporal_v5_s43,32,16,43,7200,230400,0.06270036101341248,,,0.0311867818236351,,8.15517508156316e-05,
ervla_zonly_gr00t_sharedz_ground_temporal_v5_s43,32,16,43,7300,233600,0.06568795442581177,,,0.029651068150997162,,8.088712111129833e-05,
ervla_zonly_gr00t_sharedz_ground_temporal_v5_s43,32,16,43,7400,236800,0.06914079189300537,,,0.0375213548541069,,8.021369211003871e-05,
ervla_zonly_gr00t_sharedz_ground_temporal_v5_s43,32,16,43,7500,240000,0.06084895133972168,,,0.04308517277240753,,7.953166894485022e-05,
ervla_zonly_gr00t_sharedz_ground_temporal_v5_s43,32,16,43,7600,243200,0.09000563621520996,,,0.05010715126991272,,7.884125936659585e-05,
ervla_zonly_gr00t_sharedz_ground_temporal_v5_s43,32,16,43,7700,246400,0.07265031337738037,,,0.028600921854376793,,7.814267368072131e-05,
ervla_zonly_gr00t_sharedz_ground_temporal_v5_s43,32,16,43,7800,249600,0.07403592765331268,,,0.03436502814292908,,7.743612468319385e-05,
ervla_zonly_gr00t_sharedz_ground_temporal_v5_s43,32,16,43,7900,252800,0.06245976313948631,,,0.02802363783121109,,7.67218275956826e-05,
ervla_zonly_gr00t_sharedz_ground_temporal_v5_s43,32,16,43,8000,256000,0.09130533039569855,0.004055566553558622,0.037710946053266525,0.04360192269086838,0.0343967005610466,7.6e-05,0.17168032841899883
ervla_zonly_gr00t_sharedz_ground_temporal_v5_s43,32,16,43,8100,259200,0.06406071782112122,,,0.04182680696249008,,7.527086177182419e-05,
ervla_zonly_gr00t_sharedz_ground_temporal_v5_s43,32,16,43,8200,262400,0.0774196907877922,,,0.029581261798739433,,7.453463501372276e-05,
ervla_zonly_gr00t_sharedz_ground_temporal_v5_s43,32,16,43,8300,265600,0.0766303613781929,,,0.04680653288960457,,7.379154398749825e-05,
ervla_zonly_gr00t_sharedz_ground_temporal_v5_s43,32,16,43,8400,268800,0.07379627227783203,,,0.026296569034457207,,7.304181504587571e-05,
ervla_zonly_gr00t_sharedz_ground_temporal_v5_s43,32,16,43,8500,272000,0.07019312679767609,,,0.03210998699069023,,7.228567656355358e-05,
ervla_zonly_gr00t_sharedz_ground_temporal_v5_s43,32,16,43,8600,275200,0.06495961546897888,,,0.02107720822095871,,7.152335886763842e-05,
ervla_zonly_gr00t_sharedz_ground_temporal_v5_s43,32,16,43,8700,278400,0.05686460807919502,,,0.036166105419397354,,7.075509416748514e-05,
ervla_zonly_gr00t_sharedz_ground_temporal_v5_s43,32,16,43,8800,281600,0.05734200403094292,,,0.03667110204696655,,6.99811164839638e-05,
ervla_zonly_gr00t_sharedz_ground_temporal_v5_s43,32,16,43,8900,284800,0.07170090824365616,,,0.030253693461418152,,6.920166157817441e-05,
ervla_zonly_gr00t_sharedz_ground_temporal_v5_s43,32,16,43,9000,288000,0.058233629912137985,0.004060076549649239,0.05635181441903114,0.038519006222486496,0.03608214110136032,6.841696687963212e-05,0.17187124566811315
ervla_zonly_gr00t_sharedz_ground_temporal_v5_s43,32,16,43,9100,291200,0.06038575991988182,,,0.03324994444847107,,6.762727141394353e-05,
ervla_zonly_gr00t_sharedz_ground_temporal_v5_s43,32,16,43,9200,294400,0.07377557456493378,,,0.0258710365742445,,6.683281572999748e-05,
ervla_zonly_gr00t_sharedz_ground_temporal_v5_s43,32,16,43,9300,297600,0.07164447754621506,,,0.031408436596393585,,6.603384182669137e-05,
ervla_zonly_gr00t_sharedz_ground_temporal_v5_s43,32,16,43,9400,300800,0.04932175576686859,,,0.03207122161984444,,6.523059307921596e-05,
ervla_zonly_gr00t_sharedz_ground_temporal_v5_s43,32,16,43,9500,304000,0.06419159471988678,,,0.028410742059350014,,6.4423314164921e-05,
ervla_zonly_gr00t_sharedz_ground_temporal_v5_s43,32,16,43,9600,307200,0.04534266144037247,,,0.030181897804141045,,6.361225098878405e-05,
ervla_zonly_gr00t_sharedz_ground_temporal_v5_s43,32,16,43,9700,310400,0.0563119575381279,,,0.03253864869475365,,6.279765060850554e-05,
ervla_zonly_gr00t_sharedz_ground_temporal_v5_s43,32,16,43,9800,313600,0.0689973384141922,,,0.029728829860687256,,6.197976115925245e-05,
ervla_zonly_gr00t_sharedz_ground_temporal_v5_s43,32,16,43,9900,316800,0.06846733391284943,,,0.029773790389299393,,6.115883177807415e-05,
ervla_zonly_gr00t_sharedz_ground_temporal_v5_s43,32,16,43,10000,320000,0.055085502564907074,0.004076373896428517,0.05063930153846741,0.02291817218065262,0.02266191504895687,6.033511252801267e-05,0.17256114529384356
ervla_zonly_gr00t_sharedz_ground_temporal_v5_s43,32,16,43,10100,323200,0.054340802133083344,,,0.023820947855710983,,5.950885432193108e-05,
ervla_zonly_gr00t_sharedz_ground_temporal_v5_s43,32,16,43,10200,326400,0.07305172830820084,,,0.04245063662528992,,5.868030884608314e-05,
ervla_zonly_gr00t_sharedz_ground_temporal_v5_s43,32,16,43,10300,329600,0.07445696741342545,,,0.02488703839480877,,5.784972848344708e-05,
ervla_zonly_gr00t_sharedz_ground_temporal_v5_s43,32,16,43,10400,332800,0.05463428795337677,,,0.02308514155447483,,5.701736623684737e-05,
ervla_zonly_gr00t_sharedz_ground_temporal_v5_s43,32,16,43,10500,336000,0.057395193725824356,,,0.027838431298732758,,5.618347565188761e-05,
ervla_zonly_gr00t_sharedz_ground_temporal_v5_s43,32,16,43,10600,339200,0.06755789369344711,,,0.04280875250697136,,5.5348310739718014e-05,
ervla_zonly_gr00t_sharedz_ground_temporal_v5_s43,32,16,43,10700,342400,0.04828241467475891,,,0.022191137075424194,,5.451212589966132e-05,
ervla_zonly_gr00t_sharedz_ground_temporal_v5_s43,32,16,43,10800,345600,0.0511903278529644,,,0.020757481455802917,,5.367517584172006e-05,
ervla_zonly_gr00t_sharedz_ground_temporal_v5_s43,32,16,43,10900,348800,0.06347023695707321,,,0.037587232887744904,,5.283771550898962e-05,
ervla_zonly_gr00t_sharedz_ground_temporal_v5_s43,32,16,43,11000,352000,0.05753762274980545,0.0036770900977509363,0.045988261699676514,0.0385618582367897,0.032752953469753265,5.2000000000000004e-05,0.15565865515243463
ervla_zonly_gr00t_sharedz_ground_temporal_v5_s43,32,16,43,11100,355200,0.055423036217689514,,,0.02797677554190159,,5.1162284491010396e-05,
ervla_zonly_gr00t_sharedz_ground_temporal_v5_s43,32,16,43,11200,358400,0.05884510278701782,,,0.02666383795440197,,5.0324824158279973e-05,
ervla_zonly_gr00t_sharedz_ground_temporal_v5_s43,32,16,43,11300,361600,0.05983017385005951,,,0.022889798507094383,,4.9487874100338696e-05,
ervla_zonly_gr00t_sharedz_ground_temporal_v5_s43,32,16,43,11400,364800,0.07287434488534927,,,0.03309448063373566,,4.8651689260281987e-05,
ervla_zonly_gr00t_sharedz_ground_temporal_v5_s43,32,16,43,11500,368000,0.052444860339164734,,,0.020001010969281197,,4.78165243481124e-05,
ervla_zonly_gr00t_sharedz_ground_temporal_v5_s43,32,16,43,11600,371200,0.038507431745529175,,,0.026117034256458282,,4.698263376315264e-05,
ervla_zonly_gr00t_sharedz_ground_temporal_v5_s43,32,16,43,11700,374400,0.06653399020433426,,,0.02941816858947277,,4.615027151655293e-05,
ervla_zonly_gr00t_sharedz_ground_temporal_v5_s43,32,16,43,11800,377600,0.0724455937743187,,,0.03313913196325302,,4.531969115391687e-05,
ervla_zonly_gr00t_sharedz_ground_temporal_v5_s43,32,16,43,11900,380800,0.06886126846075058,,,0.04036884382367134,,4.449114567806891e-05,
ervla_zonly_gr00t_sharedz_ground_temporal_v5_s43,32,16,43,12000,384000,0.04872746393084526,0.004007487424782344,0.05543557181954384,0.022696664556860924,0.03244214132428169,4.3664887471987345e-05,0.16964504173108397
ervla_zonly_gr00t_sharedz_ground_temporal_v5_s43,32,16,43,12100,387200,0.059961289167404175,,,0.037444014102220535,,4.284116822192585e-05,
ervla_zonly_gr00t_sharedz_ground_temporal_v5_s43,32,16,43,12200,390400,0.06456030905246735,,,0.028411995619535446,,4.2020238840747555e-05,
ervla_zonly_gr00t_sharedz_ground_temporal_v5_s43,32,16,43,12300,393600,0.07652416825294495,,,0.02908845990896225,,4.1202349391494485e-05,
ervla_zonly_gr00t_sharedz_ground_temporal_v5_s43,32,16,43,12400,396800,0.08007066696882248,,,0.07864508777856827,,4.038774901121595e-05,
ervla_zonly_gr00t_sharedz_ground_temporal_v5_s43,32,16,43,12500,400000,0.04963779076933861,,,0.02437450736761093,,3.9576685835079e-05,
ervla_zonly_gr00t_sharedz_ground_temporal_v5_s43,32,16,43,12600,403200,0.056207604706287384,,,0.030303331092000008,,3.876940692078404e-05,
ervla_zonly_gr00t_sharedz_ground_temporal_v5_s43,32,16,43,12700,406400,0.057900749146938324,,,0.050291597843170166,,3.796615817330864e-05,
ervla_zonly_gr00t_sharedz_ground_temporal_v5_s43,32,16,43,12800,409600,0.06487852334976196,,,0.03313428536057472,,3.716718427000253e-05,
ervla_zonly_gr00t_sharedz_ground_temporal_v5_s43,32,16,43,12900,412800,0.062393154948949814,,,0.036311451345682144,,3.637272858605649e-05,
ervla_zonly_gr00t_sharedz_ground_temporal_v5_s43,32,16,43,13000,416000,0.04790046066045761,0.004115226545504161,0.0481545589864254,0.020261496305465698,0.04814596846699715,3.5583033120367907e-05,0.17420585644952707
ervla_zonly_gr00t_sharedz_ground_temporal_v5_s43,32,16,43,13100,419200,0.058489345014095306,,,0.024992717429995537,,3.4798338421825585e-05,
ervla_zonly_gr00t_sharedz_ground_temporal_v5_s43,32,16,43,13200,422400,0.059535663574934006,,,0.04532722383737564,,3.401888351603622e-05,
ervla_zonly_gr00t_sharedz_ground_temporal_v5_s43,32,16,43,13300,425600,0.045085545629262924,,,0.027389531955122948,,3.324490583251487e-05,
ervla_zonly_gr00t_sharedz_ground_temporal_v5_s43,32,16,43,13400,428800,0.07140006870031357,,,0.03754686191678047,,3.2476641132361596e-05,
ervla_zonly_gr00t_sharedz_ground_temporal_v5_s43,32,16,43,13500,432000,0.06015297397971153,,,0.022721651941537857,,3.171432343644644e-05,
ervla_zonly_gr00t_sharedz_ground_temporal_v5_s43,32,16,43,13600,435200,0.050260160118341446,,,0.01910265162587166,,3.095818495412427e-05,
ervla_zonly_gr00t_sharedz_ground_temporal_v5_s43,32,16,43,13700,438400,0.05219206213951111,,,0.032097600400447845,,3.0208456012501756e-05,
ervla_zonly_gr00t_sharedz_ground_temporal_v5_s43,32,16,43,13800,441600,0.04597102105617523,,,0.03413436561822891,,2.9465364986277255e-05,
ervla_zonly_gr00t_sharedz_ground_temporal_v5_s43,32,16,43,13900,444800,0.05261339992284775,,,0.030983997508883476,,2.8729138228175822e-05,
ervla_zonly_gr00t_sharedz_ground_temporal_v5_s43,32,16,43,14000,448000,0.052490636706352234,0.0028942637145519257,0.03699600324034691,0.032958291471004486,0.024875953793525696,2.800000000000001e-05,0.12252003227747887
ervla_zonly_gr00t_sharedz_ground_temporal_v5_s43,32,16,43,14100,451200,0.043339360505342484,,,0.02924736961722374,,2.7278172404317394e-05,
ervla_zonly_gr00t_sharedz_ground_temporal_v5_s43,32,16,43,14200,454400,0.03831293061375618,,,0.030293192714452744,,2.656387531680617e-05,
ervla_zonly_gr00t_sharedz_ground_temporal_v5_s43,32,16,43,14300,457600,0.04705037921667099,,,0.038205310702323914,,2.5857326319278704e-05,
ervla_zonly_gr00t_sharedz_ground_temporal_v5_s43,32,16,43,14400,460800,0.06019264832139015,,,0.027674270793795586,,2.515874063340416e-05,
ervla_zonly_gr00t_sharedz_ground_temporal_v5_s43,32,16,43,14500,464000,0.04847048223018646,,,0.03655591979622841,,2.4468331055149803e-05,
ervla_zonly_gr00t_sharedz_ground_temporal_v5_s43,32,16,43,14600,467200,0.04721436649560928,,,0.02601451799273491,,2.3786307889961294e-05,
ervla_zonly_gr00t_sharedz_ground_temporal_v5_s43,32,16,43,14700,470400,0.04621179401874542,,,0.02864955924451351,,2.311287888870168e-05,
ervla_zonly_gr00t_sharedz_ground_temporal_v5_s43,32,16,43,14800,473600,0.04711155593395233,,,0.0419205017387867,,2.2448249184368404e-05,
ervla_zonly_gr00t_sharedz_ground_temporal_v5_s43,32,16,43,14900,476800,0.053613610565662384,,,0.03224281966686249,,2.1792621229607812e-05,
ervla_zonly_gr00t_sharedz_ground_temporal_v5_s43,32,16,43,15000,480000,0.04549242928624153,0.003129814618400165,0.04556327685713768,0.020607683807611465,0.03065618686378002,2.114619473504611e-05,0.13249137808034173
ervla_zonly_gr00t_sharedz_ground_temporal_v5_s43,32,16,43,15100,483200,0.0462200865149498,,,0.040677186101675034,,2.0509166608455656e-05,
ervla_zonly_gr00t_sharedz_ground_temporal_v5_s43,32,16,43,15200,486400,0.05267397314310074,,,0.020404359325766563,,1.988173089477482e-05,
ervla_zonly_gr00t_sharedz_ground_temporal_v5_s43,32,16,43,15300,489600,0.05924929678440094,,,0.025264201685786247,,1.926407871700008e-05,
ervla_zonly_gr00t_sharedz_ground_temporal_v5_s43,32,16,43,15400,492800,0.04324866086244583,,,0.028253912925720215,,1.8656398217968124e-05,
ervla_zonly_gr00t_sharedz_ground_temporal_v5_s43,32,16,43,15500,496000,0.054073020815849304,,,0.048172127455472946,,1.8058874503045718e-05,
ervla_zonly_gr00t_sharedz_ground_temporal_v5_s43,32,16,43,15600,499200,0.04687914252281189,,,0.030463891103863716,,1.7471689583744754e-05,
ervla_zonly_gr00t_sharedz_ground_temporal_v5_s43,32,16,43,15700,502400,0.05553772300481796,,,0.025327304378151894,,1.6895022322279818e-05,
ervla_zonly_gr00t_sharedz_ground_temporal_v5_s43,32,16,43,15800,505600,0.06391333043575287,,,0.03250351548194885,,1.6329048377085072e-05,
ervla_zonly_gr00t_sharedz_ground_temporal_v5_s43,32,16,43,15900,508800,0.04182976856827736,,,0.029677893966436386,,1.5773940149306942e-05,
ervla_zonly_gr00t_sharedz_ground_temporal_v5_s43,32,16,43,16000,512000,0.0467338040471077,0.0025407506951263975,0.048997871577739716,0.029402820393443108,0.018420100212097168,1.5229866730289061e-05,0.10755511172350297
ervla_zonly_gr00t_sharedz_ground_temporal_v5_s43,32,16,43,16100,515200,0.04860065132379532,,,0.03232773393392563,,1.4696993850065396e-05,
ervla_zonly_gr00t_sharedz_ground_temporal_v5_s43,32,16,43,16200,518400,0.048927925527095795,,,0.03623877838253975,,1.4175483826877348e-05,
ervla_zonly_gr00t_sharedz_ground_temporal_v5_s43,32,16,43,16300,521600,0.05567429959774017,,,0.035862717777490616,,1.3665495517729954e-05,
ervla_zonly_gr00t_sharedz_ground_temporal_v5_s43,32,16,43,16400,524800,0.04023386165499687,,,0.05936207249760628,,1.3167184270002527e-05,
ervla_zonly_gr00t_sharedz_ground_temporal_v5_s43,32,16,43,16500,528000,0.05098496377468109,,,0.031969424337148666,,1.2680701874128388e-05,
ervla_zonly_gr00t_sharedz_ground_temporal_v5_s43,32,16,43,16600,531200,0.047911807894706726,,,0.032778408378362656,,1.2206196517358001e-05,
ervla_zonly_gr00t_sharedz_ground_temporal_v5_s43,32,16,43,16700,534400,0.04781300947070122,,,0.02002694085240364,,1.174381273861965e-05,
ervla_zonly_gr00t_sharedz_ground_temporal_v5_s43,32,16,43,16800,537600,0.045137546956539154,,,0.02628185972571373,,1.1293691384491554e-05,
ervla_zonly_gr00t_sharedz_ground_temporal_v5_s43,32,16,43,16900,540800,0.04219115525484085,,,0.02507477067410946,,1.0855969566298613e-05,
ervla_zonly_gr00t_sharedz_ground_temporal_v5_s43,32,16,43,17000,544000,0.04575037956237793,0.003319724862064634,0.047805193811655045,0.028331363573670387,0.03766707330942154,1.0430780618346942e-05,0.14053066249889956
ervla_zonly_gr00t_sharedz_ground_temporal_v5_s43,32,16,43,17100,547200,0.041204750537872314,,,0.03245149552822113,,1.0018254057309004e-05,
ervla_zonly_gr00t_sharedz_ground_temporal_v5_s43,32,16,43,17200,550400,0.06386066973209381,,,0.02935139089822769,,9.618515542771505e-06,
ervla_zonly_gr00t_sharedz_ground_temporal_v5_s43,32,16,43,17300,553600,0.044167302548885345,,,0.02618132345378399,,9.231686838958345e-06,
ervla_zonly_gr00t_sharedz_ground_temporal_v5_s43,32,16,43,17400,556800,0.04590114951133728,,,0.030089693143963814,,8.857885777639993e-06,
ervla_zonly_gr00t_sharedz_ground_temporal_v5_s43,32,16,43,17500,560000,0.04550141468644142,,,0.02767201140522957,,8.497226222240803e-06,
ervla_zonly_gr00t_sharedz_ground_temporal_v5_s43,32,16,43,17600,563200,0.05348985642194748,,,0.033410653471946716,,8.149818033155154e-06,
ervla_zonly_gr00t_sharedz_ground_temporal_v5_s43,32,16,43,17700,566400,0.05129232257604599,,,0.029282277449965477,,7.815767034282861e-06,
ervla_zonly_gr00t_sharedz_ground_temporal_v5_s43,32,16,43,17800,569600,0.05489219352602959,,,0.046133626252412796,,7.495174980794209e-06,
ervla_zonly_gr00t_sharedz_ground_temporal_v5_s43,32,16,43,17900,572800,0.05312644690275192,,,0.025788908824324608,,7.188139528134322e-06,
ervla_zonly_gr00t_sharedz_ground_temporal_v5_s43,32,16,43,18000,576000,0.04975700378417969,0.002863178827932903,0.05857769772410393,0.03309635445475578,0.0316791869699955,6.8947542022764005e-06,0.1212041462050537
ervla_zonly_gr00t_sharedz_ground_temporal_v5_s43,32,16,43,18100,579200,0.047826241701841354,,,0.03387425094842911,,6.6151083712327905e-06,
ervla_zonly_gr00t_sharedz_ground_temporal_v5_s43,32,16,43,18200,582400,0.05528897047042847,,,0.03159480541944504,,6.349287217832631e-06,
ervla_zonly_gr00t_sharedz_ground_temporal_v5_s43,32,16,43,18300,585600,0.03692799061536789,,,0.019861774519085884,,6.097371713774299e-06,
ervla_zonly_gr00t_sharedz_ground_temporal_v5_s43,32,16,43,18400,588800,0.04693317413330078,,,0.025680024176836014,,5.859438594960692e-06,
ervla_zonly_gr00t_sharedz_ground_temporal_v5_s43,32,16,43,18500,592000,0.03150597959756851,,,0.01827852614223957,,5.635560338124726e-06,
ervla_zonly_gr00t_sharedz_ground_temporal_v5_s43,32,16,43,18600,595200,0.04191993549466133,,,0.03848462924361229,,5.425805138752168e-06,
ervla_zonly_gr00t_sharedz_ground_temporal_v5_s43,32,16,43,18700,598400,0.03856351226568222,,,0.02412550523877144,,5.230236890308713e-06,
ervla_zonly_gr00t_sharedz_ground_temporal_v5_s43,32,16,43,18800,601600,0.0460282638669014,,,0.029876820743083954,,5.048915164777327e-06,
ervla_zonly_gr00t_sharedz_ground_temporal_v5_s43,32,16,43,18900,604800,0.04428571090102196,,,0.02844487875699997,,4.881895194512129e-06,
ervla_zonly_gr00t_sharedz_ground_temporal_v5_s43,32,16,43,19000,608000,0.03155328333377838,0.0031353671635900226,0.04872995615005493,0.021778134629130363,0.03605666011571884,4.729227855414015e-06,0.13272642853979472
ervla_zonly_gr00t_sharedz_ground_temporal_v5_s43,32,16,43,19100,611200,0.040863290429115295,,,0.02816811017692089,,4.590959651433392e-06,
ervla_zonly_gr00t_sharedz_ground_temporal_v5_s43,32,16,43,19200,614400,0.04855799674987793,,,0.03009219840168953,,4.467132700404622e-06,
ervla_zonly_gr00t_sharedz_ground_temporal_v5_s43,32,16,43,19300,617600,0.042887814342975616,,,0.027275647968053818,,4.357784721216544e-06,
ervla_zonly_gr00t_sharedz_ground_temporal_v5_s43,32,16,43,19400,620800,0.05312724411487579,,,0.032738685607910156,,4.262949022322882e-06,
ervla_zonly_gr00t_sharedz_ground_temporal_v5_s43,32,16,43,19500,624000,0.03406388312578201,,,0.022358085960149765,,4.182654491596214e-06,
ervla_zonly_gr00t_sharedz_ground_temporal_v5_s43,32,16,43,19600,627200,0.04179226607084274,,,0.03188004717230797,,4.1169255875284385e-06,
ervla_zonly_gr00t_sharedz_ground_temporal_v5_s43,32,16,43,19700,630400,0.04430876299738884,,,0.027279997244477272,,4.065782331780456e-06,
ervla_zonly_gr00t_sharedz_ground_temporal_v5_s43,32,16,43,19800,633600,0.046397943049669266,,,0.031107349321246147,,4.029240303083403e-06,
ervla_zonly_gr00t_sharedz_ground_temporal_v5_s43,32,16,43,19900,636800,0.04128226265311241,,,0.03848045691847801,,4.007310632493218e-06,
ervla_zonly_gr00t_sharedz_ground_temporal_v5_s43,32,16,43,20000,640000,0.04457630217075348,0.002121994671012674,0.05337056517601013,0.03246954455971718,0.022591350600123405,4e-06,0.08982832292646172
ervla_gr00t_sharedz_v5_memdrop100_b64_s42,64,32,42,100,6400,0.48382431268692017,,,0.3890071213245392,,5e-06,
ervla_gr00t_sharedz_v5_memdrop100_b64_s42,64,32,42,200,12800,0.3314984440803528,,,0.2840317487716675,,1e-05,
ervla_gr00t_sharedz_v5_memdrop100_b64_s42,64,32,42,300,19200,0.2814471125602722,,,0.2820211350917816,,1.5e-05,
ervla_gr00t_sharedz_v5_memdrop100_b64_s42,64,32,42,400,25600,0.21820467710494995,,,0.22913320362567902,,2e-05,
ervla_gr00t_sharedz_v5_memdrop100_b64_s42,64,32,42,500,32000,0.19543622434139252,,,0.175245463848114,,2.5e-05,
ervla_gr00t_sharedz_v5_memdrop100_b64_s42,64,32,42,600,38400,0.19596996903419495,,,0.12340833991765976,,3e-05,
ervla_gr00t_sharedz_v5_memdrop100_b64_s42,64,32,42,700,44800,0.16557413339614868,,,0.0987054854631424,,3.5e-05,
ervla_gr00t_sharedz_v5_memdrop100_b64_s42,64,32,42,800,51200,0.1489345133304596,,,0.08429967612028122,,4e-05,
ervla_gr00t_sharedz_v5_memdrop100_b64_s42,64,32,42,900,57600,0.10843980312347412,,,0.060190215706825256,,4.5e-05,
ervla_gr00t_sharedz_v5_memdrop100_b64_s42,64,32,42,1000,64000,0.10791795700788498,0.003749292343854904,0.0938076302409172,0.06775059551000595,0.0593305267393589,5e-05,0.224457078296955
ervla_gr00t_sharedz_v5_memdrop100_b64_s42,64,32,42,1100,70400,0.11846157908439636,,,0.06657671183347702,,5.500000000000001e-05,
ervla_gr00t_sharedz_v5_memdrop100_b64_s42,64,32,42,1200,76800,0.1375943422317505,,,0.06133129820227623,,6e-05,
ervla_gr00t_sharedz_v5_memdrop100_b64_s42,64,32,42,1300,83200,0.10304005444049835,,,0.04594071954488754,,6.500000000000001e-05,
ervla_gr00t_sharedz_v5_memdrop100_b64_s42,64,32,42,1400,89600,0.11805878579616547,,,0.04548071697354317,,7e-05,
ervla_gr00t_sharedz_v5_memdrop100_b64_s42,64,32,42,1500,96000,0.09783285111188889,,,0.054112546145915985,,7.500000000000001e-05,
ervla_gr00t_sharedz_v5_memdrop100_b64_s42,64,32,42,1600,102400,0.11156384646892548,,,0.04245615378022194,,8e-05,
ervla_gr00t_sharedz_v5_memdrop100_b64_s42,64,32,42,1700,108800,0.09080323576927185,,,0.046095795929431915,,8.5e-05,
ervla_gr00t_sharedz_v5_memdrop100_b64_s42,64,32,42,1800,115200,0.08622994273900986,,,0.03383240848779678,,9e-05,
ervla_gr00t_sharedz_v5_memdrop100_b64_s42,64,32,42,1900,121600,0.09397587180137634,,,0.05221003293991089,,9.5e-05,
ervla_gr00t_sharedz_v5_memdrop100_b64_s42,64,32,42,2000,128000,0.08014082163572311,0.0030659548938274384,0.06147690489888191,0.04394638538360596,0.03455158323049545,0.0001,0.18354804441608238
ervla_gr00t_sharedz_v5_memdrop100_b64_s42,64,32,42,2100,134400,0.08091109991073608,,,0.03529968857765198,,9.999268936750679e-05,
ervla_gr00t_sharedz_v5_memdrop100_b64_s42,64,32,42,2200,140800,0.10713769495487213,,,0.06039458513259888,,9.99707596969166e-05,
ervla_gr00t_sharedz_v5_memdrop100_b64_s42,64,32,42,2300,147200,0.091715969145298,,,0.041501179337501526,,9.993421766821954e-05,
ervla_gr00t_sharedz_v5_memdrop100_b64_s42,64,32,42,2400,153600,0.1033649742603302,,,0.04199628531932831,,9.988307441247157e-05,
ervla_gr00t_sharedz_v5_memdrop100_b64_s42,64,32,42,2500,160000,0.08877220749855042,,,0.0384402759373188,,9.98173455084038e-05,
ervla_gr00t_sharedz_v5_memdrop100_b64_s42,64,32,42,2600,166400,0.07401247322559357,,,0.03289171680808067,,9.973705097767713e-05,
ervla_gr00t_sharedz_v5_memdrop100_b64_s42,64,32,42,2700,172800,0.08213266730308533,,,0.03893372789025307,,9.964221527878347e-05,
ervla_gr00t_sharedz_v5_memdrop100_b64_s42,64,32,42,2800,179200,0.07613104581832886,,,0.03426077961921692,,9.953286729959538e-05,
ervla_gr00t_sharedz_v5_memdrop100_b64_s42,64,32,42,2900,185600,0.08804765343666077,,,0.03788447007536888,,9.940904034856662e-05,
ervla_gr00t_sharedz_v5_memdrop100_b64_s42,64,32,42,3000,192000,0.07189397513866425,0.0030365886964968274,0.057848162949085236,0.03570271655917168,0.03948475420475006,9.9270772144586e-05,0.18178999242946572
ervla_gr00t_sharedz_v5_memdrop100_b64_s42,64,32,42,3100,198400,0.06268967688083649,,,0.031156685203313828,,9.911810480548788e-05,
ervla_gr00t_sharedz_v5_memdrop100_b64_s42,64,32,42,3200,204800,0.07586382329463959,,,0.0355948843061924,,9.895108483522268e-05,
ervla_gr00t_sharedz_v5_memdrop100_b64_s42,64,32,42,3300,211200,0.07989995181560516,,,0.03874923288822174,,9.87697631096913e-05,
ervla_gr00t_sharedz_v5_memdrop100_b64_s42,64,32,42,3400,217600,0.07224974036216736,,,0.037081655114889145,,9.857419486124782e-05,
ervla_gr00t_sharedz_v5_memdrop100_b64_s42,64,32,42,3500,224000,0.0767163634300232,,,0.02926933951675892,,9.836443966187527e-05,
ervla_gr00t_sharedz_v5_memdrop100_b64_s42,64,32,42,3600,230400,0.06679491698741913,,,0.03782651573419571,,9.814056140503931e-05,
ervla_gr00t_sharedz_v5_memdrop100_b64_s42,64,32,42,3700,236800,0.07152116298675537,,,0.030077414587140083,,9.790262828622571e-05,
ervla_gr00t_sharedz_v5_memdrop100_b64_s42,64,32,42,3800,243200,0.07579070329666138,,,0.03434862941503525,,9.765071278216737e-05,
ervla_gr00t_sharedz_v5_memdrop100_b64_s42,64,32,42,3900,249600,0.075025275349617,,,0.028251370415091515,,9.738489162876721e-05,
ervla_gr00t_sharedz_v5_memdrop100_b64_s42,64,32,42,4000,256000,0.06419937312602997,0.0036128016987017225,0.06675975024700165,0.03569957986474037,0.05483734607696533,9.71052457977236e-05,0.21628585860634789
ervla_gr00t_sharedz_v5_memdrop100_b64_s42,64,32,42,4100,262400,0.07836897671222687,,,0.03742855787277222,,9.681186047186568e-05,
ervla_gr00t_sharedz_v5_memdrop100_b64_s42,64,32,42,4200,268800,0.07792243361473083,,,0.035859934985637665,,9.650482501920581e-05,
ervla_gr00t_sharedz_v5_memdrop100_b64_s42,64,32,42,4300,275200,0.07166333496570587,,,0.038736965507268906,,9.618423296571715e-05,
ervla_gr00t_sharedz_v5_memdrop100_b64_s42,64,32,42,4400,281600,0.06905068457126617,,,0.029435018077492714,,9.585018196684484e-05,
ervla_gr00t_sharedz_v5_memdrop100_b64_s42,64,32,42,4500,288000,0.0813063383102417,,,0.024060608819127083,,9.55027737777592e-05,
ervla_gr00t_sharedz_v5_memdrop100_b64_s42,64,32,42,4600,294400,0.06944379955530167,,,0.030083810910582542,,9.514211422236002e-05,
ervla_gr00t_sharedz_v5_memdrop100_b64_s42,64,32,42,4700,300800,0.06815965473651886,,,0.03759726881980896,,9.476831316104165e-05,
ervla_gr00t_sharedz_v5_memdrop100_b64_s42,64,32,42,4800,307200,0.06046738475561142,,,0.0214074794203043,,9.43814844572285e-05,
ervla_gr00t_sharedz_v5_memdrop100_b64_s42,64,32,42,4900,313600,0.065240778028965,,,0.03227467089891434,,9.3981745942691e-05,
ervla_gr00t_sharedz_v5_memdrop100_b64_s42,64,32,42,5000,320000,0.06923867017030716,0.0028690091733421597,0.06472374498844147,0.03028103895485401,0.03550370782613754,9.356921938165307e-05,0.17175758985852627
ervla_gr00t_sharedz_v5_memdrop100_b64_s42,64,32,42,5100,326400,0.07712621986865997,,,0.04039309173822403,,9.31440304337014e-05,
ervla_gr00t_sharedz_v5_memdrop100_b64_s42,64,32,42,5200,332800,0.062007054686546326,,,0.0238418597728014,,9.270630861550844e-05,
ervla_gr00t_sharedz_v5_memdrop100_b64_s42,64,32,42,5300,339200,0.06215021759271622,,,0.02377004735171795,,9.225618726138036e-05,
ervla_gr00t_sharedz_v5_memdrop100_b64_s42,64,32,42,5400,345600,0.06079551577568054,,,0.02990749105811119,,9.1793803482642e-05,
ervla_gr00t_sharedz_v5_memdrop100_b64_s42,64,32,42,5500,352000,0.07678577303886414,,,0.035522766411304474,,9.131929812587162e-05,
ervla_gr00t_sharedz_v5_memdrop100_b64_s42,64,32,42,5600,358400,0.05756164714694023,,,0.025127466768026352,,9.083281572999748e-05,
ervla_gr00t_sharedz_v5_memdrop100_b64_s42,64,32,42,5700,364800,0.05931432545185089,,,0.040128838270902634,,9.033450448227007e-05,
ervla_gr00t_sharedz_v5_memdrop100_b64_s42,64,32,42,5800,371200,0.07519882917404175,,,0.03168397769331932,,8.982451617312265e-05,
ervla_gr00t_sharedz_v5_memdrop100_b64_s42,64,32,42,5900,377600,0.06129149720072746,,,0.02969476208090782,,8.930300614993461e-05,
ervla_gr00t_sharedz_v5_memdrop100_b64_s42,64,32,42,6000,384000,0.06565201282501221,0.0026143762682165417,0.05619189515709877,0.029620708897709846,0.027755355462431908,8.877013326971095e-05,0.15651360441246262
ervla_gr00t_sharedz_v5_memdrop100_b64_s42,64,32,42,6100,390400,0.061023250222206116,,,0.02626545913517475,,8.822605985069306e-05,
ervla_gr00t_sharedz_v5_memdrop100_b64_s42,64,32,42,6200,396800,0.06259069591760635,,,0.035840727388858795,,8.767095162291493e-05,
ervla_gr00t_sharedz_v5_memdrop100_b64_s42,64,32,42,6300,403200,0.06438582390546799,,,0.036429718136787415,,8.710497767772019e-05,
ervla_gr00t_sharedz_v5_memdrop100_b64_s42,64,32,42,6400,409600,0.06559895724058151,,,0.03489658236503601,,8.652831041625525e-05,
ervla_gr00t_sharedz_v5_memdrop100_b64_s42,64,32,42,6500,416000,0.047902751713991165,,,0.025786813348531723,,8.594112549695428e-05,
ervla_gr00t_sharedz_v5_memdrop100_b64_s42,64,32,42,6600,422400,0.06996451318264008,,,0.037314124405384064,,8.534360178203187e-05,
ervla_gr00t_sharedz_v5_memdrop100_b64_s42,64,32,42,6700,428800,0.08659911155700684,,,0.03236902132630348,,8.473592128299994e-05,
ervla_gr00t_sharedz_v5_memdrop100_b64_s42,64,32,42,6800,435200,0.0572151318192482,,,0.03146851062774658,,8.41182691052252e-05,
ervla_gr00t_sharedz_v5_memdrop100_b64_s42,64,32,42,6900,441600,0.07330519706010818,,,0.047641318291425705,,8.349083339154435e-05,
ervla_gr00t_sharedz_v5_memdrop100_b64_s42,64,32,42,7000,448000,0.05682450532913208,0.0027830973267555237,0.05060916393995285,0.03435583785176277,0.03855471685528755,8.285380526495388e-05,0.16661434673224984
ervla_gr00t_sharedz_v5_memdrop100_b64_s42,64,32,42,7100,454400,0.04878651350736618,,,0.032557163387537,,8.22073787703922e-05,
ervla_gr00t_sharedz_v5_memdrop100_b64_s42,64,32,42,7200,460800,0.06028509885072708,,,0.02551831677556038,,8.15517508156316e-05,
ervla_gr00t_sharedz_v5_memdrop100_b64_s42,64,32,42,7300,467200,0.06656312942504883,,,0.03244621679186821,,8.088712111129833e-05,
ervla_gr00t_sharedz_v5_memdrop100_b64_s42,64,32,42,7400,473600,0.06214814633131027,,,0.02853366918861866,,8.021369211003871e-05,
ervla_gr00t_sharedz_v5_memdrop100_b64_s42,64,32,42,7500,480000,0.05906244367361069,,,0.025924962013959885,,7.953166894485022e-05,
ervla_gr00t_sharedz_v5_memdrop100_b64_s42,64,32,42,7600,486400,0.05936230719089508,,,0.022081783041357994,,7.884125936659585e-05,
ervla_gr00t_sharedz_v5_memdrop100_b64_s42,64,32,42,7700,492800,0.06473378837108612,,,0.027819877490401268,,7.814267368072131e-05,
ervla_gr00t_sharedz_v5_memdrop100_b64_s42,64,32,42,7800,499200,0.05494939535856247,,,0.02853367291390896,,7.743612468319385e-05,
ervla_gr00t_sharedz_v5_memdrop100_b64_s42,64,32,42,7900,505600,0.059616971760988235,,,0.03562135621905327,,7.67218275956826e-05,
ervla_gr00t_sharedz_v5_memdrop100_b64_s42,64,32,42,8000,512000,0.05773907154798508,0.0026509410568646024,0.045068640261888504,0.02710283361375332,0.03701853007078171,7.6e-05,0.15870261099711613
ervla_gr00t_sharedz_v5_memdrop100_b64_s42,64,32,42,8100,518400,0.055150412023067474,,,0.035872362554073334,,7.527086177182419e-05,
ervla_gr00t_sharedz_v5_memdrop100_b64_s42,64,32,42,8200,524800,0.055647898465394974,,,0.03280946984887123,,7.453463501372276e-05,
ervla_gr00t_sharedz_v5_memdrop100_b64_s42,64,32,42,8300,531200,0.04877805337309837,,,0.03178378939628601,,7.379154398749825e-05,
ervla_gr00t_sharedz_v5_memdrop100_b64_s42,64,32,42,8400,537600,0.06766713410615921,,,0.03277117758989334,,7.304181504587571e-05,
ervla_gr00t_sharedz_v5_memdrop100_b64_s42,64,32,42,8500,544000,0.06141584366559982,,,0.03438155725598335,,7.228567656355358e-05,
ervla_gr00t_sharedz_v5_memdrop100_b64_s42,64,32,42,8600,550400,0.049068450927734375,,,0.024642547592520714,,7.152335886763842e-05,
ervla_gr00t_sharedz_v5_memdrop100_b64_s42,64,32,42,8700,556800,0.06007956340909004,,,0.026915300637483597,,7.075509416748514e-05,
ervla_gr00t_sharedz_v5_memdrop100_b64_s42,64,32,42,8800,563200,0.06307743489742279,,,0.03215477615594864,,6.99811164839638e-05,
ervla_gr00t_sharedz_v5_memdrop100_b64_s42,64,32,42,8900,569600,0.058149226009845734,,,0.03134613856673241,,6.920166157817441e-05,
ervla_gr00t_sharedz_v5_memdrop100_b64_s42,64,32,42,9000,576000,0.054877929389476776,0.0025366845407656263,0.04286797717213631,0.03179725259542465,0.032965969294309616,6.841696687963212e-05,0.1518624711979355
ervla_gr00t_sharedz_v5_memdrop100_b64_s42,64,32,42,9100,582400,0.053674258291721344,,,0.03827330470085144,,6.762727141394353e-05,
ervla_gr00t_sharedz_v5_memdrop100_b64_s42,64,32,42,9200,588800,0.05446716398000717,,,0.03504828363656998,,6.683281572999748e-05,
ervla_gr00t_sharedz_v5_memdrop100_b64_s42,64,32,42,9300,595200,0.051030222326517105,,,0.0326511412858963,,6.603384182669137e-05,
ervla_gr00t_sharedz_v5_memdrop100_b64_s42,64,32,42,9400,601600,0.052028097212314606,,,0.031539998948574066,,6.523059307921596e-05,
ervla_gr00t_sharedz_v5_memdrop100_b64_s42,64,32,42,9500,608000,0.05572468042373657,,,0.03372001275420189,,6.4423314164921e-05,
ervla_gr00t_sharedz_v5_memdrop100_b64_s42,64,32,42,9600,614400,0.04318375885486603,,,0.024330371990799904,,6.361225098878405e-05,
ervla_gr00t_sharedz_v5_memdrop100_b64_s42,64,32,42,9700,620800,0.049084149301052094,,,0.032951898872852325,,6.279765060850554e-05,
ervla_gr00t_sharedz_v5_memdrop100_b64_s42,64,32,42,9800,627200,0.042346708476543427,,,0.025430703535676003,,6.197976115925245e-05,
ervla_gr00t_sharedz_v5_memdrop100_b64_s42,64,32,42,9900,633600,0.04958721995353699,,,0.028889304026961327,,6.115883177807415e-05,
ervla_gr00t_sharedz_v5_memdrop100_b64_s42,64,32,42,10000,640000,0.05080468952655792,0.0021055805097733226,0.052356306463479996,0.03286946937441826,0.029592597857117653,6.033511252801267e-05,0.1260537738854495
ervla_gr00t_sharedz_v5_memdrop100_b64_s42,64,32,42,10100,646400,0.059243589639663696,,,0.02820780873298645,,5.950885432193108e-05,
ervla_gr00t_sharedz_v5_memdrop100_b64_s42,64,32,42,10200,652800,0.04525896906852722,,,0.029301155358552933,,5.868030884608314e-05,
ervla_gr00t_sharedz_v5_memdrop100_b64_s42,64,32,42,10300,659200,0.036045707762241364,,,0.02635253220796585,,5.784972848344708e-05,
ervla_gr00t_sharedz_v5_memdrop100_b64_s42,64,32,42,10400,665600,0.055513303726911545,,,0.033170443028211594,,5.701736623684737e-05,
ervla_gr00t_sharedz_v5_memdrop100_b64_s42,64,32,42,10500,672000,0.04673653841018677,,,0.026966240257024765,,5.618347565188761e-05,
ervla_gr00t_sharedz_v5_memdrop100_b64_s42,64,32,42,10600,678400,0.04760052263736725,,,0.02384468913078308,,5.5348310739718014e-05,
ervla_gr00t_sharedz_v5_memdrop100_b64_s42,64,32,42,10700,684800,0.050138138234615326,,,0.027599798515439034,,5.451212589966132e-05,
ervla_gr00t_sharedz_v5_memdrop100_b64_s42,64,32,42,10800,691200,0.03867539018392563,,,0.030391326174139977,,5.367517584172006e-05,
ervla_gr00t_sharedz_v5_memdrop100_b64_s42,64,32,42,10900,697600,0.04406093433499336,,,0.0246762465685606,,5.283771550898962e-05,
ervla_gr00t_sharedz_v5_memdrop100_b64_s42,64,32,42,11000,704000,0.03884463757276535,0.0021379301324486732,0.049378182739019394,0.03547297418117523,0.028704345226287842,5.2000000000000004e-05,0.12799043315973072
ervla_gr00t_sharedz_v5_memdrop100_b64_s42,64,32,42,11100,710400,0.04207742214202881,,,0.02463577315211296,,5.1162284491010396e-05,
ervla_gr00t_sharedz_v5_memdrop100_b64_s42,64,32,42,11200,716800,0.045297831296920776,,,0.03390524908900261,,5.0324824158279973e-05,
ervla_gr00t_sharedz_v5_memdrop100_b64_s42,64,32,42,11300,723200,0.048081737011671066,,,0.026832250878214836,,4.9487874100338696e-05,
ervla_gr00t_sharedz_v5_memdrop100_b64_s42,64,32,42,11400,729600,0.0377395898103714,,,0.027163947001099586,,4.8651689260281987e-05,
ervla_gr00t_sharedz_v5_memdrop100_b64_s42,64,32,42,11500,736000,0.0406993143260479,,,0.027110539376735687,,4.78165243481124e-05,
ervla_gr00t_sharedz_v5_memdrop100_b64_s42,64,32,42,11600,742400,0.03986353427171707,,,0.02707819454371929,,4.698263376315264e-05,
ervla_gr00t_sharedz_v5_memdrop100_b64_s42,64,32,42,11700,748800,0.05301209166646004,,,0.03533018007874489,,4.615027151655293e-05,
ervla_gr00t_sharedz_v5_memdrop100_b64_s42,64,32,42,11800,755200,0.04249316081404686,,,0.03271391615271568,,4.531969115391687e-05,
ervla_gr00t_sharedz_v5_memdrop100_b64_s42,64,32,42,11900,761600,0.038111362606287,,,0.02559235505759716,,4.449114567806891e-05,
ervla_gr00t_sharedz_v5_memdrop100_b64_s42,64,32,42,12000,768000,0.031702280044555664,0.0019682629832199643,0.042097561061382294,0.030048660933971405,0.02712296135723591,4.3664887471987345e-05,0.1178330516844591
ervla_gr00t_sharedz_v5_memdrop100_b64_s42,64,32,42,12100,774400,0.048884037882089615,,,0.023914676159620285,,4.284116822192585e-05,
ervla_gr00t_sharedz_v5_memdrop100_b64_s42,64,32,42,12200,780800,0.041314177215099335,,,0.030022747814655304,,4.2020238840747555e-05,
ervla_gr00t_sharedz_v5_memdrop100_b64_s42,64,32,42,12300,787200,0.04068829119205475,,,0.03508723899722099,,4.1202349391494485e-05,
ervla_gr00t_sharedz_v5_memdrop100_b64_s42,64,32,42,12400,793600,0.0452665314078331,,,0.033600546419620514,,4.038774901121595e-05,
ervla_gr00t_sharedz_v5_memdrop100_b64_s42,64,32,42,12500,800000,0.04633399471640587,,,0.024585947394371033,,3.9576685835079e-05,
ervla_gr00t_sharedz_v5_memdrop100_b64_s42,64,32,42,12600,806400,0.04825170710682869,,,0.03296314552426338,,3.876940692078404e-05,
ervla_gr00t_sharedz_v5_memdrop100_b64_s42,64,32,42,12700,812800,0.03719881549477577,,,0.029680825769901276,,3.796615817330864e-05,
ervla_gr00t_sharedz_v5_memdrop100_b64_s42,64,32,42,12800,819200,0.0483287014067173,,,0.030810421332716942,,3.716718427000253e-05,
ervla_gr00t_sharedz_v5_memdrop100_b64_s42,64,32,42,12900,825600,0.04034825414419174,,,0.02353518269956112,,3.637272858605649e-05,
ervla_gr00t_sharedz_v5_memdrop100_b64_s42,64,32,42,13000,832000,0.0417013093829155,0.0017133065100227083,0.059370703995227814,0.03186600282788277,0.028409967198967934,3.5583033120367907e-05,0.10256969534454957
ervla_gr00t_sharedz_v5_memdrop100_b64_s42,64,32,42,13100,838400,0.04413905367255211,,,0.026698976755142212,,3.4798338421825585e-05,
ervla_gr00t_sharedz_v5_memdrop100_b64_s42,64,32,42,13200,844800,0.032988063991069794,,,0.027264414355158806,,3.401888351603622e-05,
ervla_gr00t_sharedz_v5_memdrop100_b64_s42,64,32,42,13300,851200,0.04845983162522316,,,0.03160331770777702,,3.324490583251487e-05,
ervla_gr00t_sharedz_v5_memdrop100_b64_s42,64,32,42,13400,857600,0.04340369254350662,,,0.03335516154766083,,3.2476641132361596e-05,
ervla_gr00t_sharedz_v5_memdrop100_b64_s42,64,32,42,13500,864000,0.04262580722570419,,,0.027969297021627426,,3.171432343644644e-05,
ervla_gr00t_sharedz_v5_memdrop100_b64_s42,64,32,42,13600,870400,0.04328986257314682,,,0.03114412911236286,,3.095818495412427e-05,
ervla_gr00t_sharedz_v5_memdrop100_b64_s42,64,32,42,13700,876800,0.033007215708494186,,,0.0326816663146019,,3.0208456012501756e-05,
ervla_gr00t_sharedz_v5_memdrop100_b64_s42,64,32,42,13800,883200,0.038208164274692535,,,0.032219722867012024,,2.9465364986277255e-05,
ervla_gr00t_sharedz_v5_memdrop100_b64_s42,64,32,42,13900,889600,0.036440394818782806,,,0.02956818975508213,,2.8729138228175822e-05,
ervla_gr00t_sharedz_v5_memdrop100_b64_s42,64,32,42,14000,896000,0.0443258099257946,0.0017793323578579085,0.05029759183526039,0.03407325595617294,0.03094216249883175,2.800000000000001e-05,0.106522432964879
ervla_gr00t_sharedz_v5_memdrop100_b64_s42,64,32,42,14100,902400,0.03686372935771942,,,0.023644158616662025,,2.7278172404317394e-05,
ervla_gr00t_sharedz_v5_memdrop100_b64_s42,64,32,42,14200,908800,0.03577487915754318,,,0.02247469499707222,,2.656387531680617e-05,
ervla_gr00t_sharedz_v5_memdrop100_b64_s42,64,32,42,14300,915200,0.043650347739458084,,,0.026350069791078568,,2.5857326319278704e-05,
ervla_gr00t_sharedz_v5_memdrop100_b64_s42,64,32,42,14400,921600,0.03591541200876236,,,0.03700508177280426,,2.515874063340416e-05,
ervla_gr00t_sharedz_v5_memdrop100_b64_s42,64,32,42,14500,928000,0.04152998328208923,,,0.03254580497741699,,2.4468331055149803e-05,
ervla_gr00t_sharedz_v5_memdrop100_b64_s42,64,32,42,14600,934400,0.03697475790977478,,,0.022326163947582245,,2.3786307889961294e-05,
ervla_gr00t_sharedz_v5_memdrop100_b64_s42,64,32,42,14700,940800,0.034483589231967926,,,0.028408130630850792,,2.311287888870168e-05,
ervla_gr00t_sharedz_v5_memdrop100_b64_s42,64,32,42,14800,947200,0.035659633576869965,,,0.045708443969488144,,2.2448249184368404e-05,
ervla_gr00t_sharedz_v5_memdrop100_b64_s42,64,32,42,14900,953600,0.029718711972236633,,,0.02584596537053585,,2.1792621229607812e-05,
ervla_gr00t_sharedz_v5_memdrop100_b64_s42,64,32,42,15000,960000,0.035472288727760315,0.0017512992822698184,0.057995617389678955,0.027048319578170776,0.03678024187684059,2.114619473504611e-05,0.10484419033530828
ervla_gr00t_sharedz_v5_memdrop100_b64_s42,64,32,42,15100,966400,0.029278401285409927,,,0.030170554295182228,,2.0509166608455656e-05,
ervla_gr00t_sharedz_v5_memdrop100_b64_s42,64,32,42,15200,972800,0.042249180376529694,,,0.027405913919210434,,1.988173089477482e-05,
ervla_gr00t_sharedz_v5_memdrop100_b64_s42,64,32,42,15300,979200,0.024711305275559425,,,0.026204008609056473,,1.926407871700008e-05,
ervla_gr00t_sharedz_v5_memdrop100_b64_s42,64,32,42,15400,985600,0.03173224627971649,,,0.024279559031128883,,1.8656398217968124e-05,
ervla_gr00t_sharedz_v5_memdrop100_b64_s42,64,32,42,15500,992000,0.03140845149755478,,,0.026972811669111252,,1.8058874503045718e-05,
ervla_gr00t_sharedz_v5_memdrop100_b64_s42,64,32,42,15600,998400,0.03264550119638443,,,0.02884289063513279,,1.7471689583744754e-05,
ervla_gr00t_sharedz_v5_memdrop100_b64_s42,64,32,42,15700,1004800,0.030755596235394478,,,0.029693858698010445,,1.6895022322279818e-05,
ervla_gr00t_sharedz_v5_memdrop100_b64_s42,64,32,42,15800,1011200,0.034549690783023834,,,0.022044803947210312,,1.6329048377085072e-05,
ervla_gr00t_sharedz_v5_memdrop100_b64_s42,64,32,42,15900,1017600,0.03954280912876129,,,0.02676193043589592,,1.5773940149306942e-05,
ervla_gr00t_sharedz_v5_memdrop100_b64_s42,64,32,42,16000,1024000,0.030651258304715157,0.001319963884140764,0.04863583296537399,0.026441635563969612,0.022165780887007713,1.5229866730289061e-05,0.07902164187792181
ervla_gr00t_sharedz_v5_memdrop100_b64_s42,64,32,42,16100,1030400,0.03897158429026604,,,0.0309921707957983,,1.4696993850065396e-05,
ervla_gr00t_sharedz_v5_memdrop100_b64_s42,64,32,42,16200,1036800,0.030923504382371902,,,0.02876749262213707,,1.4175483826877348e-05,
ervla_gr00t_sharedz_v5_memdrop100_b64_s42,64,32,42,16300,1043200,0.031878549605607986,,,0.02397410199046135,,1.3665495517729954e-05,
ervla_gr00t_sharedz_v5_memdrop100_b64_s42,64,32,42,16400,1049600,0.03132195770740509,,,0.02886827290058136,,1.3167184270002527e-05,
ervla_gr00t_sharedz_v5_memdrop100_b64_s42,64,32,42,16500,1056000,0.03289678320288658,,,0.02790658548474312,,1.2680701874128388e-05,
ervla_gr00t_sharedz_v5_memdrop100_b64_s42,64,32,42,16600,1062400,0.03394550085067749,,,0.024379558861255646,,1.2206196517358001e-05,
ervla_gr00t_sharedz_v5_memdrop100_b64_s42,64,32,42,16700,1068800,0.027071844786405563,,,0.02177474834024906,,1.174381273861965e-05,
ervla_gr00t_sharedz_v5_memdrop100_b64_s42,64,32,42,16800,1075200,0.03060760162770748,,,0.0349179208278656,,1.1293691384491554e-05,
ervla_gr00t_sharedz_v5_memdrop100_b64_s42,64,32,42,16900,1081600,0.02543126419186592,,,0.02556951716542244,,1.0855969566298613e-05,
ervla_gr00t_sharedz_v5_memdrop100_b64_s42,64,32,42,17000,1088000,0.029448028653860092,0.0014507480497871126,0.05296275392174721,0.0281877089291811,0.03667675331234932,1.0430780618346942e-05,0.08685123450934143
ervla_gr00t_sharedz_v5_memdrop100_b64_s42,64,32,42,17100,1094400,0.028878284618258476,,,0.024276500567793846,,1.0018254057309004e-05,
ervla_gr00t_sharedz_v5_memdrop100_b64_s42,64,32,42,17200,1100800,0.038353532552719116,,,0.0247196052223444,,9.618515542771505e-06,
ervla_gr00t_sharedz_v5_memdrop100_b64_s42,64,32,42,17300,1107200,0.036193739622831345,,,0.021978504955768585,,9.231686838958345e-06,
ervla_gr00t_sharedz_v5_memdrop100_b64_s42,64,32,42,17400,1113600,0.029222890734672546,,,0.026309631764888763,,8.857885777639993e-06,
ervla_gr00t_sharedz_v5_memdrop100_b64_s42,64,32,42,17500,1120000,0.02546767145395279,,,0.028728345409035683,,8.497226222240803e-06,
ervla_gr00t_sharedz_v5_memdrop100_b64_s42,64,32,42,17600,1126400,0.034170813858509064,,,0.02120213583111763,,8.149818033155154e-06,
ervla_gr00t_sharedz_v5_memdrop100_b64_s42,64,32,42,17700,1132800,0.03260272741317749,,,0.03346440568566322,,7.815767034282861e-06,
ervla_gr00t_sharedz_v5_memdrop100_b64_s42,64,32,42,17800,1139200,0.02609768509864807,,,0.02432745322585106,,7.495174980794209e-06,
ervla_gr00t_sharedz_v5_memdrop100_b64_s42,64,32,42,17900,1145600,0.02781173214316368,,,0.02416515350341797,,7.188139528134322e-06,
ervla_gr00t_sharedz_v5_memdrop100_b64_s42,64,32,42,18000,1152000,0.03103935532271862,0.0012149294572217123,0.04852277413010597,0.03116018697619438,0.02568305842578411,6.8947542022764005e-06,0.072733596448366
ervla_gr00t_sharedz_v5_memdrop100_b64_s42,64,32,42,18100,1158400,0.027844659984111786,,,0.023679476231336594,,6.6151083712327905e-06,
ervla_gr00t_sharedz_v5_memdrop100_b64_s42,64,32,42,18200,1164800,0.02527352049946785,,,0.025013085454702377,,6.349287217832631e-06,
ervla_gr00t_sharedz_v5_memdrop100_b64_s42,64,32,42,18300,1171200,0.030808720737695694,,,0.03463320806622505,,6.097371713774299e-06,
ervla_gr00t_sharedz_v5_memdrop100_b64_s42,64,32,42,18400,1177600,0.03114960715174675,,,0.024117110297083855,,5.859438594960692e-06,
ervla_gr00t_sharedz_v5_memdrop100_b64_s42,64,32,42,18500,1184000,0.03537450730800629,,,0.035211216658353806,,5.635560338124726e-06,
ervla_gr00t_sharedz_v5_memdrop100_b64_s42,64,32,42,18600,1190400,0.029930684715509415,,,0.025446249172091484,,5.425805138752168e-06,
ervla_gr00t_sharedz_v5_memdrop100_b64_s42,64,32,42,18700,1196800,0.030137445777654648,,,0.02444385178387165,,5.230236890308713e-06,
ervla_gr00t_sharedz_v5_memdrop100_b64_s42,64,32,42,18800,1203200,0.026120908558368683,,,0.03619743138551712,,5.048915164777327e-06,
ervla_gr00t_sharedz_v5_memdrop100_b64_s42,64,32,42,18900,1209600,0.024000056087970734,,,0.024081114679574966,,4.881895194512129e-06,
ervla_gr00t_sharedz_v5_memdrop100_b64_s42,64,32,42,19000,1216000,0.02740304544568062,0.0015923925010221346,0.050598859786987305,0.03033909760415554,0.0298012662678957,4.729227855414015e-06,0.09533099462548641
ervla_gr00t_sharedz_v5_memdrop100_b64_s42,64,32,42,19100,1222400,0.027028508484363556,,,0.03247872740030289,,4.590959651433392e-06,
ervla_gr00t_sharedz_v5_memdrop100_b64_s42,64,32,42,19200,1228800,0.031119192019104958,,,0.02789030224084854,,4.467132700404622e-06,
ervla_gr00t_sharedz_v5_memdrop100_b64_s42,64,32,42,19300,1235200,0.02190122753381729,,,0.0255038533359766,,4.357784721216544e-06,
ervla_gr00t_sharedz_v5_memdrop100_b64_s42,64,32,42,19400,1241600,0.03145824745297432,,,0.029846912249922752,,4.262949022322882e-06,
ervla_gr00t_sharedz_v5_memdrop100_b64_s42,64,32,42,19500,1248000,0.03215434029698372,,,0.03027212806046009,,4.182654491596214e-06,
ervla_gr00t_sharedz_v5_memdrop100_b64_s42,64,32,42,19600,1254400,0.028122415766119957,,,0.02819356694817543,,4.1169255875284385e-06,
ervla_gr00t_sharedz_v5_memdrop100_b64_s42,64,32,42,19700,1260800,0.04389016330242157,,,0.03509627282619476,,4.065782331780456e-06,
ervla_gr00t_sharedz_v5_memdrop100_b64_s42,64,32,42,19800,1267200,0.03423001617193222,,,0.02389143407344818,,4.029240303083403e-06,
ervla_gr00t_sharedz_v5_memdrop100_b64_s42,64,32,42,19900,1273600,0.02838173694908619,,,0.028315095230937004,,4.007310632493218e-06,
ervla_gr00t_sharedz_v5_memdrop100_b64_s42,64,32,42,20000,1280000,0.026864124462008476,0.0013583474127309664,0.051737021654844284,0.031861986964941025,0.024331340566277504,4e-06,0.08131953009040147
ervla_gr00t_sharedz_v5_memdrop100_b64_s43,64,32,43,100,6400,0.5139284729957581,,,0.37103861570358276,,5e-06,
ervla_gr00t_sharedz_v5_memdrop100_b64_s43,64,32,43,200,12800,0.33022457361221313,,,0.29365670680999756,,1e-05,
ervla_gr00t_sharedz_v5_memdrop100_b64_s43,64,32,43,300,19200,0.26497501134872437,,,0.288237988948822,,1.5e-05,
ervla_gr00t_sharedz_v5_memdrop100_b64_s43,64,32,43,400,25600,0.21411851048469543,,,0.22909358143806458,,2e-05,
ervla_gr00t_sharedz_v5_memdrop100_b64_s43,64,32,43,500,32000,0.21957378089427948,,,0.16778084635734558,,2.5e-05,
ervla_gr00t_sharedz_v5_memdrop100_b64_s43,64,32,43,600,38400,0.19234952330589294,,,0.11959504336118698,,3e-05,
ervla_gr00t_sharedz_v5_memdrop100_b64_s43,64,32,43,700,44800,0.1721924990415573,,,0.09787823259830475,,3.5e-05,
ervla_gr00t_sharedz_v5_memdrop100_b64_s43,64,32,43,800,51200,0.13375213742256165,,,0.08461007475852966,,4e-05,
ervla_gr00t_sharedz_v5_memdrop100_b64_s43,64,32,43,900,57600,0.11838813871145248,,,0.060921620577573776,,4.5e-05,
ervla_gr00t_sharedz_v5_memdrop100_b64_s43,64,32,43,1000,64000,0.11895175278186798,0.0035597203033311026,0.05244680494070053,0.07143229991197586,0.059866540133953094,5e-05,0.21310806028492793
ervla_gr00t_sharedz_v5_memdrop100_b64_s43,64,32,43,1100,70400,0.11831894516944885,,,0.05691966786980629,,5.500000000000001e-05,
ervla_gr00t_sharedz_v5_memdrop100_b64_s43,64,32,43,1200,76800,0.12066240608692169,,,0.06339294463396072,,6e-05,
ervla_gr00t_sharedz_v5_memdrop100_b64_s43,64,32,43,1300,83200,0.1002269834280014,,,0.04986874759197235,,6.500000000000001e-05,
ervla_gr00t_sharedz_v5_memdrop100_b64_s43,64,32,43,1400,89600,0.10373227298259735,,,0.04148096218705177,,7e-05,
ervla_gr00t_sharedz_v5_memdrop100_b64_s43,64,32,43,1500,96000,0.0938587635755539,,,0.048924218863248825,,7.500000000000001e-05,
ervla_gr00t_sharedz_v5_memdrop100_b64_s43,64,32,43,1600,102400,0.10090257227420807,,,0.04555867239832878,,8e-05,
ervla_gr00t_sharedz_v5_memdrop100_b64_s43,64,32,43,1700,108800,0.09218749403953552,,,0.043268389999866486,,8.5e-05,
ervla_gr00t_sharedz_v5_memdrop100_b64_s43,64,32,43,1800,115200,0.07722283899784088,,,0.04022294282913208,,9e-05,
ervla_gr00t_sharedz_v5_memdrop100_b64_s43,64,32,43,1900,121600,0.09783010929822922,,,0.05334123224020004,,9.5e-05,
ervla_gr00t_sharedz_v5_memdrop100_b64_s43,64,32,43,2000,128000,0.08776584267616272,0.0029461897377456936,0.07476719468832016,0.04623981937766075,0.033747557550668716,0.0001,0.1763781215211801
ervla_gr00t_sharedz_v5_memdrop100_b64_s43,64,32,43,2100,134400,0.08717242628335953,,,0.03380903601646423,,9.999268936750679e-05,
ervla_gr00t_sharedz_v5_memdrop100_b64_s43,64,32,43,2200,140800,0.09965119510889053,,,0.05842103064060211,,9.99707596969166e-05,
ervla_gr00t_sharedz_v5_memdrop100_b64_s43,64,32,43,2300,147200,0.07827893644571304,,,0.03907015174627304,,9.993421766821954e-05,
ervla_gr00t_sharedz_v5_memdrop100_b64_s43,64,32,43,2400,153600,0.0985078513622284,,,0.0406782329082489,,9.988307441247157e-05,
ervla_gr00t_sharedz_v5_memdrop100_b64_s43,64,32,43,2500,160000,0.0774788111448288,,,0.035667289048433304,,9.98173455084038e-05,
ervla_gr00t_sharedz_v5_memdrop100_b64_s43,64,32,43,2600,166400,0.06795050948858261,,,0.03163657709956169,,9.973705097767713e-05,
ervla_gr00t_sharedz_v5_memdrop100_b64_s43,64,32,43,2700,172800,0.07868055999279022,,,0.04328777641057968,,9.964221527878347e-05,
ervla_gr00t_sharedz_v5_memdrop100_b64_s43,64,32,43,2800,179200,0.07648436725139618,,,0.039287324994802475,,9.953286729959538e-05,
ervla_gr00t_sharedz_v5_memdrop100_b64_s43,64,32,43,2900,185600,0.08576229214668274,,,0.035016972571611404,,9.940904034856662e-05,
ervla_gr00t_sharedz_v5_memdrop100_b64_s43,64,32,43,3000,192000,0.0630708783864975,0.0030603150704077314,0.05740769952535629,0.0357128269970417,0.03816330432891846,9.9270772144586e-05,0.18321040782474723
ervla_gr00t_sharedz_v5_memdrop100_b64_s43,64,32,43,3100,198400,0.0798613578081131,,,0.030946694314479828,,9.911810480548788e-05,
ervla_gr00t_sharedz_v5_memdrop100_b64_s43,64,32,43,3200,204800,0.06469245254993439,,,0.03998282924294472,,9.895108483522268e-05,
ervla_gr00t_sharedz_v5_memdrop100_b64_s43,64,32,43,3300,211200,0.07822705805301666,,,0.03406907245516777,,9.87697631096913e-05,
ervla_gr00t_sharedz_v5_memdrop100_b64_s43,64,32,43,3400,217600,0.08182016760110855,,,0.035989660769701004,,9.857419486124782e-05,
ervla_gr00t_sharedz_v5_memdrop100_b64_s43,64,32,43,3500,224000,0.09019172191619873,,,0.03323772922158241,,9.836443966187527e-05,
ervla_gr00t_sharedz_v5_memdrop100_b64_s43,64,32,43,3600,230400,0.06975694000720978,,,0.03374028205871582,,9.814056140503931e-05,
ervla_gr00t_sharedz_v5_memdrop100_b64_s43,64,32,43,3700,236800,0.06519798189401627,,,0.03200557082891464,,9.790262828622571e-05,
ervla_gr00t_sharedz_v5_memdrop100_b64_s43,64,32,43,3800,243200,0.0777265876531601,,,0.034196868538856506,,9.765071278216737e-05,
ervla_gr00t_sharedz_v5_memdrop100_b64_s43,64,32,43,3900,249600,0.07042425870895386,,,0.023751646280288696,,9.738489162876721e-05,
ervla_gr00t_sharedz_v5_memdrop100_b64_s43,64,32,43,4000,256000,0.06299514323472977,0.0033615013318402426,0.05289449915289879,0.039063647389411926,0.05121767148375511,9.71052457977236e-05,0.20124138062288777
ervla_gr00t_sharedz_v5_memdrop100_b64_s43,64,32,43,4100,262400,0.07702042907476425,,,0.034869179129600525,,9.681186047186568e-05,
ervla_gr00t_sharedz_v5_memdrop100_b64_s43,64,32,43,4200,268800,0.0860956460237503,,,0.03805023804306984,,9.650482501920581e-05,
ervla_gr00t_sharedz_v5_memdrop100_b64_s43,64,32,43,4300,275200,0.07471369206905365,,,0.03994220867753029,,9.618423296571715e-05,
ervla_gr00t_sharedz_v5_memdrop100_b64_s43,64,32,43,4400,281600,0.06998930871486664,,,0.030890880152583122,,9.585018196684484e-05,
ervla_gr00t_sharedz_v5_memdrop100_b64_s43,64,32,43,4500,288000,0.08219435811042786,,,0.024313855916261673,,9.55027737777592e-05,
ervla_gr00t_sharedz_v5_memdrop100_b64_s43,64,32,43,4600,294400,0.06388691067695618,,,0.029134903103113174,,9.514211422236002e-05,
ervla_gr00t_sharedz_v5_memdrop100_b64_s43,64,32,43,4700,300800,0.07030954211950302,,,0.03626605495810509,,9.476831316104165e-05,
ervla_gr00t_sharedz_v5_memdrop100_b64_s43,64,32,43,4800,307200,0.056735891848802567,,,0.022245852276682854,,9.43814844572285e-05,
ervla_gr00t_sharedz_v5_memdrop100_b64_s43,64,32,43,4900,313600,0.07062499225139618,,,0.03338136523962021,,9.3981745942691e-05,
ervla_gr00t_sharedz_v5_memdrop100_b64_s43,64,32,43,5000,320000,0.06295184791088104,0.002871665305324963,0.06542837619781494,0.03025832585990429,0.03603842109441757,9.356921938165307e-05,0.1719166032321855
ervla_gr00t_sharedz_v5_memdrop100_b64_s43,64,32,43,5100,326400,0.07624082267284393,,,0.04280891269445419,,9.31440304337014e-05,
ervla_gr00t_sharedz_v5_memdrop100_b64_s43,64,32,43,5200,332800,0.06088194623589516,,,0.02223346009850502,,9.270630861550844e-05,
ervla_gr00t_sharedz_v5_memdrop100_b64_s43,64,32,43,5300,339200,0.05698353052139282,,,0.02567494660615921,,9.225618726138036e-05,
ervla_gr00t_sharedz_v5_memdrop100_b64_s43,64,32,43,5400,345600,0.06841149181127548,,,0.03130776062607765,,9.1793803482642e-05,
ervla_gr00t_sharedz_v5_memdrop100_b64_s43,64,32,43,5500,352000,0.08021442592144012,,,0.04003787785768509,,9.131929812587162e-05,
ervla_gr00t_sharedz_v5_memdrop100_b64_s43,64,32,43,5600,358400,0.05545460432767868,,,0.021672740578651428,,9.083281572999748e-05,
ervla_gr00t_sharedz_v5_memdrop100_b64_s43,64,32,43,5700,364800,0.07564184069633484,,,0.03858428820967674,,9.033450448227007e-05,
ervla_gr00t_sharedz_v5_memdrop100_b64_s43,64,32,43,5800,371200,0.0680357962846756,,,0.02737833745777607,,8.982451617312265e-05,
ervla_gr00t_sharedz_v5_memdrop100_b64_s43,64,32,43,5900,377600,0.07111521065235138,,,0.033108122646808624,,8.930300614993461e-05,
ervla_gr00t_sharedz_v5_memdrop100_b64_s43,64,32,43,6000,384000,0.05994557589292526,0.002791175352675574,0.056090351194143295,0.0295984148979187,0.02661953866481781,8.877013326971095e-05,0.16709795001791874
ervla_gr00t_sharedz_v5_memdrop100_b64_s43,64,32,43,6100,390400,0.06640839576721191,,,0.03533539921045303,,8.822605985069306e-05,
ervla_gr00t_sharedz_v5_memdrop100_b64_s43,64,32,43,6200,396800,0.05729910731315613,,,0.037110015749931335,,8.767095162291493e-05,
ervla_gr00t_sharedz_v5_memdrop100_b64_s43,64,32,43,6300,403200,0.06536233425140381,,,0.04080181196331978,,8.710497767772019e-05,
ervla_gr00t_sharedz_v5_memdrop100_b64_s43,64,32,43,6400,409600,0.06999685615301132,,,0.03816509246826172,,8.652831041625525e-05,
ervla_gr00t_sharedz_v5_memdrop100_b64_s43,64,32,43,6500,416000,0.05205000936985016,,,0.02590472251176834,,8.594112549695428e-05,
ervla_gr00t_sharedz_v5_memdrop100_b64_s43,64,32,43,6600,422400,0.06560459733009338,,,0.04665607959032059,,8.534360178203187e-05,
ervla_gr00t_sharedz_v5_memdrop100_b64_s43,64,32,43,6700,428800,0.08552199602127075,,,0.03505949676036835,,8.473592128299994e-05,
ervla_gr00t_sharedz_v5_memdrop100_b64_s43,64,32,43,6800,435200,0.062048185616731644,,,0.03353705257177353,,8.41182691052252e-05,
ervla_gr00t_sharedz_v5_memdrop100_b64_s43,64,32,43,6900,441600,0.07836788892745972,,,0.04409712553024292,,8.349083339154435e-05,
ervla_gr00t_sharedz_v5_memdrop100_b64_s43,64,32,43,7000,448000,0.05962631478905678,0.002475086067404066,0.05945676937699318,0.029597684741020203,0.035101741552352905,8.285380526495388e-05,0.148174785072059
ervla_gr00t_sharedz_v5_memdrop100_b64_s43,64,32,43,7100,454400,0.052369847893714905,,,0.0326736718416214,,8.22073787703922e-05,
ervla_gr00t_sharedz_v5_memdrop100_b64_s43,64,32,43,7200,460800,0.06706191599369049,,,0.0251875352114439,,8.15517508156316e-05,
ervla_gr00t_sharedz_v5_memdrop100_b64_s43,64,32,43,7300,467200,0.06381335109472275,,,0.03022107668220997,,8.088712111129833e-05,
ervla_gr00t_sharedz_v5_memdrop100_b64_s43,64,32,43,7400,473600,0.04349465295672417,,,0.02677866257727146,,8.021369211003871e-05,
ervla_gr00t_sharedz_v5_memdrop100_b64_s43,64,32,43,7500,480000,0.06695308536291122,,,0.02370424009859562,,7.953166894485022e-05,
ervla_gr00t_sharedz_v5_memdrop100_b64_s43,64,32,43,7600,486400,0.06930530816316605,,,0.028636528179049492,,7.884125936659585e-05,
ervla_gr00t_sharedz_v5_memdrop100_b64_s43,64,32,43,7700,492800,0.05972810834646225,,,0.02457517385482788,,7.814267368072131e-05,
ervla_gr00t_sharedz_v5_memdrop100_b64_s43,64,32,43,7800,499200,0.05061696469783783,,,0.026258867233991623,,7.743612468319385e-05,
ervla_gr00t_sharedz_v5_memdrop100_b64_s43,64,32,43,7900,505600,0.054393112659454346,,,0.03575882315635681,,7.67218275956826e-05,
ervla_gr00t_sharedz_v5_memdrop100_b64_s43,64,32,43,8000,512000,0.05788508430123329,0.0026479254343679975,0.04664734750986099,0.025572625920176506,0.03547153249382973,7.6e-05,0.15852207617807385
ervla_gr00t_sharedz_v5_memdrop100_b64_s43,64,32,43,8100,518400,0.06588464230298996,,,0.038450248539447784,,7.527086177182419e-05,
ervla_gr00t_sharedz_v5_memdrop100_b64_s43,64,32,43,8200,524800,0.05635058879852295,,,0.03175320476293564,,7.453463501372276e-05,
ervla_gr00t_sharedz_v5_memdrop100_b64_s43,64,32,43,8300,531200,0.04929579421877861,,,0.03275115415453911,,7.379154398749825e-05,
ervla_gr00t_sharedz_v5_memdrop100_b64_s43,64,32,43,8400,537600,0.057600028812885284,,,0.038103844970464706,,7.304181504587571e-05,
ervla_gr00t_sharedz_v5_memdrop100_b64_s43,64,32,43,8500,544000,0.05122850835323334,,,0.029327359050512314,,7.228567656355358e-05,
ervla_gr00t_sharedz_v5_memdrop100_b64_s43,64,32,43,8600,550400,0.058450229465961456,,,0.023357804864645004,,7.152335886763842e-05,
ervla_gr00t_sharedz_v5_memdrop100_b64_s43,64,32,43,8700,556800,0.05328502506017685,,,0.026163125410676003,,7.075509416748514e-05,
ervla_gr00t_sharedz_v5_memdrop100_b64_s43,64,32,43,8800,563200,0.048438720405101776,,,0.028151489794254303,,6.99811164839638e-05,
ervla_gr00t_sharedz_v5_memdrop100_b64_s43,64,32,43,8900,569600,0.05213771387934685,,,0.030235547572374344,,6.920166157817441e-05,
ervla_gr00t_sharedz_v5_memdrop100_b64_s43,64,32,43,9000,576000,0.054162975400686264,0.002325266333562987,0.061425354331731796,0.02868720144033432,0.032922036945819855,6.841696687963212e-05,0.13920559925108336
ervla_gr00t_sharedz_v5_memdrop100_b64_s43,64,32,43,9100,582400,0.05106285959482193,,,0.03838418424129486,,6.762727141394353e-05,
ervla_gr00t_sharedz_v5_memdrop100_b64_s43,64,32,43,9200,588800,0.0621618814766407,,,0.034887950867414474,,6.683281572999748e-05,
ervla_gr00t_sharedz_v5_memdrop100_b64_s43,64,32,43,9300,595200,0.042352136224508286,,,0.03939478099346161,,6.603384182669137e-05,
ervla_gr00t_sharedz_v5_memdrop100_b64_s43,64,32,43,9400,601600,0.049965932965278625,,,0.029057113453745842,,6.523059307921596e-05,
ervla_gr00t_sharedz_v5_memdrop100_b64_s43,64,32,43,9500,608000,0.05366932228207588,,,0.03582627698779106,,6.4423314164921e-05,
ervla_gr00t_sharedz_v5_memdrop100_b64_s43,64,32,43,9600,614400,0.04779543727636337,,,0.02415161393582821,,6.361225098878405e-05,
ervla_gr00t_sharedz_v5_memdrop100_b64_s43,64,32,43,9700,620800,0.04724092036485672,,,0.03281170129776001,,6.279765060850554e-05,
ervla_gr00t_sharedz_v5_memdrop100_b64_s43,64,32,43,9800,627200,0.03693097084760666,,,0.02742355316877365,,6.197976115925245e-05,
ervla_gr00t_sharedz_v5_memdrop100_b64_s43,64,32,43,9900,633600,0.04417335242033005,,,0.028431203216314316,,6.115883177807415e-05,
ervla_gr00t_sharedz_v5_memdrop100_b64_s43,64,32,43,10000,640000,0.05038997530937195,0.0020717852083700044,0.049337852746248245,0.03162025287747383,0.02874929830431938,6.033511252801267e-05,0.12403056685930586
ervla_gr00t_sharedz_v5_memdrop100_b64_s43,64,32,43,10100,646400,0.04722285270690918,,,0.02451051026582718,,5.950885432193108e-05,
ervla_gr00t_sharedz_v5_memdrop100_b64_s43,64,32,43,10200,652800,0.048823073506355286,,,0.03032865561544895,,5.868030884608314e-05,
ervla_gr00t_sharedz_v5_memdrop100_b64_s43,64,32,43,10300,659200,0.05283615365624428,,,0.031156878918409348,,5.784972848344708e-05,
ervla_gr00t_sharedz_v5_memdrop100_b64_s43,64,32,43,10400,665600,0.04638860374689102,,,0.02792215161025524,,5.701736623684737e-05,
ervla_gr00t_sharedz_v5_memdrop100_b64_s43,64,32,43,10500,672000,0.0451723113656044,,,0.024823881685733795,,5.618347565188761e-05,
ervla_gr00t_sharedz_v5_memdrop100_b64_s43,64,32,43,10600,678400,0.04842647165060043,,,0.024609077721834183,,5.5348310739718014e-05,
ervla_gr00t_sharedz_v5_memdrop100_b64_s43,64,32,43,10700,684800,0.04590389132499695,,,0.029140464961528778,,5.451212589966132e-05,
ervla_gr00t_sharedz_v5_memdrop100_b64_s43,64,32,43,10800,691200,0.04379205033183098,,,0.02661469578742981,,5.367517584172006e-05,
ervla_gr00t_sharedz_v5_memdrop100_b64_s43,64,32,43,10900,697600,0.05210738256573677,,,0.025228841230273247,,5.283771550898962e-05,
ervla_gr00t_sharedz_v5_memdrop100_b64_s43,64,32,43,11000,704000,0.03968380019068718,0.0019885078072547913,0.050192683935165405,0.03958564251661301,0.02883119136095047,5.2000000000000004e-05,0.11904503881076067
ervla_gr00t_sharedz_v5_memdrop100_b64_s43,64,32,43,11100,710400,0.043998606503009796,,,0.027011813595891,,5.1162284491010396e-05,
ervla_gr00t_sharedz_v5_memdrop100_b64_s43,64,32,43,11200,716800,0.04749744385480881,,,0.033860377967357635,,5.0324824158279973e-05,
ervla_gr00t_sharedz_v5_memdrop100_b64_s43,64,32,43,11300,723200,0.04298577457666397,,,0.02440938726067543,,4.9487874100338696e-05,
ervla_gr00t_sharedz_v5_memdrop100_b64_s43,64,32,43,11400,729600,0.04075650870800018,,,0.023475708439946175,,4.8651689260281987e-05,
ervla_gr00t_sharedz_v5_memdrop100_b64_s43,64,32,43,11500,736000,0.04150306060910225,,,0.024091988801956177,,4.78165243481124e-05,
ervla_gr00t_sharedz_v5_memdrop100_b64_s43,64,32,43,11600,742400,0.0402211956679821,,,0.026029521599411964,,4.698263376315264e-05,
ervla_gr00t_sharedz_v5_memdrop100_b64_s43,64,32,43,11700,748800,0.04251083731651306,,,0.041805390268564224,,4.615027151655293e-05,
ervla_gr00t_sharedz_v5_memdrop100_b64_s43,64,32,43,11800,755200,0.04474353790283203,,,0.035215504467487335,,4.531969115391687e-05,
ervla_gr00t_sharedz_v5_memdrop100_b64_s43,64,32,43,11900,761600,0.0360226146876812,,,0.025946330279111862,,4.449114567806891e-05,
ervla_gr00t_sharedz_v5_memdrop100_b64_s43,64,32,43,12000,768000,0.043007992208004,0.001927287583904607,0.05924459919333458,0.03164036571979523,0.02796882763504982,4.3664887471987345e-05,0.11537999719606999
ervla_gr00t_sharedz_v5_memdrop100_b64_s43,64,32,43,12100,774400,0.03598210960626602,,,0.02467096410691738,,4.284116822192585e-05,
ervla_gr00t_sharedz_v5_memdrop100_b64_s43,64,32,43,12200,780800,0.049844540655612946,,,0.029670456424355507,,4.2020238840747555e-05,
ervla_gr00t_sharedz_v5_memdrop100_b64_s43,64,32,43,12300,787200,0.045542165637016296,,,0.03585387393832207,,4.1202349391494485e-05,
ervla_gr00t_sharedz_v5_memdrop100_b64_s43,64,32,43,12400,793600,0.05013377591967583,,,0.036190759390592575,,4.038774901121595e-05,
ervla_gr00t_sharedz_v5_memdrop100_b64_s43,64,32,43,12500,800000,0.04708154499530792,,,0.025896329432725906,,3.9576685835079e-05,
ervla_gr00t_sharedz_v5_memdrop100_b64_s43,64,32,43,12600,806400,0.04955887794494629,,,0.033162567764520645,,3.876940692078404e-05,
ervla_gr00t_sharedz_v5_memdrop100_b64_s43,64,32,43,12700,812800,0.034492433071136475,,,0.033464215695858,,3.796615817330864e-05,
ervla_gr00t_sharedz_v5_memdrop100_b64_s43,64,32,43,12800,819200,0.047119393944740295,,,0.026898542419075966,,3.716718427000253e-05,
ervla_gr00t_sharedz_v5_memdrop100_b64_s43,64,32,43,12900,825600,0.03880393132567406,,,0.024620583280920982,,3.637272858605649e-05,
ervla_gr00t_sharedz_v5_memdrop100_b64_s43,64,32,43,13000,832000,0.039671991020441055,0.0016939632062401091,0.04384463280439377,0.028649253770709038,0.029016081243753433,3.5583033120367907e-05,0.10141167909682518
ervla_gr00t_sharedz_v5_memdrop100_b64_s43,64,32,43,13100,838400,0.044904544949531555,,,0.029827453196048737,,3.4798338421825585e-05,
ervla_gr00t_sharedz_v5_memdrop100_b64_s43,64,32,43,13200,844800,0.037679534405469894,,,0.027688948437571526,,3.401888351603622e-05,
ervla_gr00t_sharedz_v5_memdrop100_b64_s43,64,32,43,13300,851200,0.054979316890239716,,,0.028726795688271523,,3.324490583251487e-05,
ervla_gr00t_sharedz_v5_memdrop100_b64_s43,64,32,43,13400,857600,0.03972937539219856,,,0.03509141132235527,,3.2476641132361596e-05,
ervla_gr00t_sharedz_v5_memdrop100_b64_s43,64,32,43,13500,864000,0.03880006819963455,,,0.03155515715479851,,3.171432343644644e-05,
ervla_gr00t_sharedz_v5_memdrop100_b64_s43,64,32,43,13600,870400,0.04381722956895828,,,0.030824365094304085,,3.095818495412427e-05,
ervla_gr00t_sharedz_v5_memdrop100_b64_s43,64,32,43,13700,876800,0.039032939821481705,,,0.0306460689753294,,3.0208456012501756e-05,
ervla_gr00t_sharedz_v5_memdrop100_b64_s43,64,32,43,13800,883200,0.03406846523284912,,,0.02902580425143242,,2.9465364986277255e-05,
ervla_gr00t_sharedz_v5_memdrop100_b64_s43,64,32,43,13900,889600,0.041580431163311005,,,0.028488503769040108,,2.8729138228175822e-05,
ervla_gr00t_sharedz_v5_memdrop100_b64_s43,64,32,43,14000,896000,0.0470820888876915,0.0018207798046725138,0.05155268684029579,0.03344334289431572,0.03211287409067154,2.800000000000001e-05,0.1090037472934676
ervla_gr00t_sharedz_v5_memdrop100_b64_s43,64,32,43,14100,902400,0.030960941687226295,,,0.022762538865208626,,2.7278172404317394e-05,
ervla_gr00t_sharedz_v5_memdrop100_b64_s43,64,32,43,14200,908800,0.03235238790512085,,,0.023670801892876625,,2.656387531680617e-05,
ervla_gr00t_sharedz_v5_memdrop100_b64_s43,64,32,43,14300,915200,0.04254904016852379,,,0.027027957141399384,,2.5857326319278704e-05,
ervla_gr00t_sharedz_v5_memdrop100_b64_s43,64,32,43,14400,921600,0.03603413701057434,,,0.033017586916685104,,2.515874063340416e-05,
ervla_gr00t_sharedz_v5_memdrop100_b64_s43,64,32,43,14500,928000,0.0301063135266304,,,0.03627226874232292,,2.4468331055149803e-05,
ervla_gr00t_sharedz_v5_memdrop100_b64_s43,64,32,43,14600,934400,0.027192972600460052,,,0.022043952718377113,,2.3786307889961294e-05,
ervla_gr00t_sharedz_v5_memdrop100_b64_s43,64,32,43,14700,940800,0.0365544930100441,,,0.029097195714712143,,2.311287888870168e-05,
ervla_gr00t_sharedz_v5_memdrop100_b64_s43,64,32,43,14800,947200,0.029334744438529015,,,0.03209879249334335,,2.2448249184368404e-05,
ervla_gr00t_sharedz_v5_memdrop100_b64_s43,64,32,43,14900,953600,0.03619244694709778,,,0.027672138065099716,,2.1792621229607812e-05,
ervla_gr00t_sharedz_v5_memdrop100_b64_s43,64,32,43,15000,960000,0.037165164947509766,0.0017057823549423898,0.059064775705337524,0.02518460899591446,0.035424184054136276,2.114619473504611e-05,0.10211925037758147
ervla_gr00t_sharedz_v5_memdrop100_b64_s43,64,32,43,15100,966400,0.03420411795377731,,,0.03184932470321655,,2.0509166608455656e-05,
ervla_gr00t_sharedz_v5_memdrop100_b64_s43,64,32,43,15200,972800,0.038142502307891846,,,0.028747040778398514,,1.988173089477482e-05,
ervla_gr00t_sharedz_v5_memdrop100_b64_s43,64,32,43,15300,979200,0.030793700367212296,,,0.02736549638211727,,1.926407871700008e-05,
ervla_gr00t_sharedz_v5_memdrop100_b64_s43,64,32,43,15400,985600,0.02667498216032982,,,0.02623825892806053,,1.8656398217968124e-05,
ervla_gr00t_sharedz_v5_memdrop100_b64_s43,64,32,43,15500,992000,0.027965230867266655,,,0.0264152642339468,,1.8058874503045718e-05,
ervla_gr00t_sharedz_v5_memdrop100_b64_s43,64,32,43,15600,998400,0.026292040944099426,,,0.027730777859687805,,1.7471689583744754e-05,
ervla_gr00t_sharedz_v5_memdrop100_b64_s43,64,32,43,15700,1004800,0.0326932929456234,,,0.029445551335811615,,1.6895022322279818e-05,
ervla_gr00t_sharedz_v5_memdrop100_b64_s43,64,32,43,15800,1011200,0.027547042816877365,,,0.02330370806157589,,1.6329048377085072e-05,
ervla_gr00t_sharedz_v5_memdrop100_b64_s43,64,32,43,15900,1017600,0.028050223365426064,,,0.026372341439127922,,1.5773940149306942e-05,
ervla_gr00t_sharedz_v5_memdrop100_b64_s43,64,32,43,16000,1024000,0.035641856491565704,0.001514463552406856,0.041631996631622314,0.024812452495098114,0.0294019915163517,1.5229866730289061e-05,0.09066565980580826
ervla_gr00t_sharedz_v5_memdrop100_b64_s43,64,32,43,16100,1030400,0.03784506395459175,,,0.03242691233754158,,1.4696993850065396e-05,
ervla_gr00t_sharedz_v5_memdrop100_b64_s43,64,32,43,16200,1036800,0.031138192862272263,,,0.029627695679664612,,1.4175483826877348e-05,
ervla_gr00t_sharedz_v5_memdrop100_b64_s43,64,32,43,16300,1043200,0.04240712523460388,,,0.027474375441670418,,1.3665495517729954e-05,
ervla_gr00t_sharedz_v5_memdrop100_b64_s43,64,32,43,16400,1049600,0.04057157784700394,,,0.030814964324235916,,1.3167184270002527e-05,
ervla_gr00t_sharedz_v5_memdrop100_b64_s43,64,32,43,16500,1056000,0.036010757088661194,,,0.02730998955667019,,1.2680701874128388e-05,
ervla_gr00t_sharedz_v5_memdrop100_b64_s43,64,32,43,16600,1062400,0.03212197870016098,,,0.02239678055047989,,1.2206196517358001e-05,
ervla_gr00t_sharedz_v5_memdrop100_b64_s43,64,32,43,16700,1068800,0.02454950474202633,,,0.023404836654663086,,1.174381273861965e-05,
ervla_gr00t_sharedz_v5_memdrop100_b64_s43,64,32,43,16800,1075200,0.0322265550494194,,,0.03584945946931839,,1.1293691384491554e-05,
ervla_gr00t_sharedz_v5_memdrop100_b64_s43,64,32,43,16900,1081600,0.03265412896871567,,,0.027686554938554764,,1.0855969566298613e-05,
ervla_gr00t_sharedz_v5_memdrop100_b64_s43,64,32,43,17000,1088000,0.03253970295190811,0.0014463124264563834,0.0478070043027401,0.02902260795235634,0.03496573865413666,1.0430780618346942e-05,0.08658568918453552
ervla_gr00t_sharedz_v5_memdrop100_b64_s43,64,32,43,17100,1094400,0.030019013211131096,,,0.027900373563170433,,1.0018254057309004e-05,
ervla_gr00t_sharedz_v5_memdrop100_b64_s43,64,32,43,17200,1100800,0.032064758241176605,,,0.02586563490331173,,9.618515542771505e-06,
ervla_gr00t_sharedz_v5_memdrop100_b64_s43,64,32,43,17300,1107200,0.030007977038621902,,,0.024046821519732475,,9.231686838958345e-06,
ervla_gr00t_sharedz_v5_memdrop100_b64_s43,64,32,43,17400,1113600,0.03475192189216614,,,0.028312262147665024,,8.857885777639993e-06,
ervla_gr00t_sharedz_v5_memdrop100_b64_s43,64,32,43,17500,1120000,0.028028644621372223,,,0.03154265135526657,,8.497226222240803e-06,
ervla_gr00t_sharedz_v5_memdrop100_b64_s43,64,32,43,17600,1126400,0.028698433190584183,,,0.021674036979675293,,8.149818033155154e-06,
ervla_gr00t_sharedz_v5_memdrop100_b64_s43,64,32,43,17700,1132800,0.02927047200500965,,,0.029571669176220894,,7.815767034282861e-06,
ervla_gr00t_sharedz_v5_memdrop100_b64_s43,64,32,43,17800,1139200,0.024376709014177322,,,0.02154890075325966,,7.495174980794209e-06,
ervla_gr00t_sharedz_v5_memdrop100_b64_s43,64,32,43,17900,1145600,0.023847457021474838,,,0.024193698540329933,,7.188139528134322e-06,
ervla_gr00t_sharedz_v5_memdrop100_b64_s43,64,32,43,18000,1152000,0.03276932239532471,0.0012708375496523721,0.045443568378686905,0.032757002860307693,0.02649034559726715,6.8947542022764005e-06,0.0760806192807439
ervla_gr00t_sharedz_v5_memdrop100_b64_s43,64,32,43,18100,1158400,0.03172057121992111,,,0.02616802603006363,,6.6151083712327905e-06,
ervla_gr00t_sharedz_v5_memdrop100_b64_s43,64,32,43,18200,1164800,0.030030710622668266,,,0.028234200552105904,,6.349287217832631e-06,
ervla_gr00t_sharedz_v5_memdrop100_b64_s43,64,32,43,18300,1171200,0.03671123459935188,,,0.03384815528988838,,6.097371713774299e-06,
ervla_gr00t_sharedz_v5_memdrop100_b64_s43,64,32,43,18400,1177600,0.023904383182525635,,,0.02259398065507412,,5.859438594960692e-06,
ervla_gr00t_sharedz_v5_memdrop100_b64_s43,64,32,43,18500,1184000,0.03598882630467415,,,0.033923763781785965,,5.635560338124726e-06,
ervla_gr00t_sharedz_v5_memdrop100_b64_s43,64,32,43,18600,1190400,0.03743259236216545,,,0.028862064704298973,,5.425805138752168e-06,
ervla_gr00t_sharedz_v5_memdrop100_b64_s43,64,32,43,18700,1196800,0.03143128752708435,,,0.026037748903036118,,5.230236890308713e-06,
ervla_gr00t_sharedz_v5_memdrop100_b64_s43,64,32,43,18800,1203200,0.027607090771198273,,,0.03439348191022873,,5.048915164777327e-06,
ervla_gr00t_sharedz_v5_memdrop100_b64_s43,64,32,43,18900,1209600,0.024122167378664017,,,0.026039548218250275,,4.881895194512129e-06,
ervla_gr00t_sharedz_v5_memdrop100_b64_s43,64,32,43,19000,1216000,0.029213324189186096,0.001245747453400067,0.04027314856648445,0.026808397844433784,0.02747519500553608,4.729227855414015e-06,0.07457856257710699
ervla_gr00t_sharedz_v5_memdrop100_b64_s43,64,32,43,19100,1222400,0.02425898052752018,,,0.0309666246175766,,4.590959651433392e-06,
ervla_gr00t_sharedz_v5_memdrop100_b64_s43,64,32,43,19200,1228800,0.025528155267238617,,,0.02608063630759716,,4.467132700404622e-06,
ervla_gr00t_sharedz_v5_memdrop100_b64_s43,64,32,43,19300,1235200,0.020179947838187218,,,0.020779699087142944,,4.357784721216544e-06,
ervla_gr00t_sharedz_v5_memdrop100_b64_s43,64,32,43,19400,1241600,0.037308573722839355,,,0.0337945856153965,,4.262949022322882e-06,
ervla_gr00t_sharedz_v5_memdrop100_b64_s43,64,32,43,19500,1248000,0.03226334601640701,,,0.032333679497241974,,4.182654491596214e-06,
ervla_gr00t_sharedz_v5_memdrop100_b64_s43,64,32,43,19600,1254400,0.029483839869499207,,,0.026712840422987938,,4.1169255875284385e-06,
ervla_gr00t_sharedz_v5_memdrop100_b64_s43,64,32,43,19700,1260800,0.0323556512594223,,,0.034601740539073944,,4.065782331780456e-06,
ervla_gr00t_sharedz_v5_memdrop100_b64_s43,64,32,43,19800,1267200,0.030136946588754654,,,0.026205698028206825,,4.029240303083403e-06,
ervla_gr00t_sharedz_v5_memdrop100_b64_s43,64,32,43,19900,1273600,0.02833554893732071,,,0.02821274660527706,,4.007310632493218e-06,
ervla_gr00t_sharedz_v5_memdrop100_b64_s43,64,32,43,20000,1280000,0.024269910529255867,0.0012397257877247675,0.048599716275930405,0.028656596317887306,0.024914223700761795,4e-06,0.07421806641943231
