tree,benchmark,run,unit,successes,episodes,success_rate,source
starVLA,decoder-latent-libero,ervla_pi_decoder_latent_v_mid8_18,libero_10,95,100,0.95000000,/e/project1/m3/blank4/code/starVLA/playground/Checkpoints/ervla_pi_decoder_latent_v_mid8_18/results/decoder-latent-libero/overall_results.json
starVLA,decoder-latent-libero,ervla_pi_decoder_latent_v_mid8_18,libero_goal,97,100,0.97000000,/e/project1/m3/blank4/code/starVLA/playground/Checkpoints/ervla_pi_decoder_latent_v_mid8_18/results/decoder-latent-libero/overall_results.json
starVLA,decoder-latent-libero,ervla_pi_decoder_latent_v_mid8_18,libero_object,99,100,0.99000000,/e/project1/m3/blank4/code/starVLA/playground/Checkpoints/ervla_pi_decoder_latent_v_mid8_18/results/decoder-latent-libero/overall_results.json
starVLA,decoder-latent-libero,ervla_pi_decoder_latent_v_mid8_18,libero_spatial,98,100,0.98000000,/e/project1/m3/blank4/code/starVLA/playground/Checkpoints/ervla_pi_decoder_latent_v_mid8_18/results/decoder-latent-libero/overall_results.json
starVLA,decoder-latent-plus-gpuids,ervla_pi_decoder_latent_v_mid8_18,libero_10,663,1000,0.66300000,/e/project1/m3/blank4/code/starVLA/playground/Checkpoints/ervla_pi_decoder_latent_v_mid8_18/results/decoder-latent-plus-gpuids/overall_results.json
starVLA,decoder-latent-plus-gpuids,ervla_pi_decoder_latent_v_mid8_18,libero_goal,684,1000,0.68400000,/e/project1/m3/blank4/code/starVLA/playground/Checkpoints/ervla_pi_decoder_latent_v_mid8_18/results/decoder-latent-plus-gpuids/overall_results.json
starVLA,decoder-latent-plus-gpuids,ervla_pi_decoder_latent_v_mid8_18,libero_object,854,1000,0.85400000,/e/project1/m3/blank4/code/starVLA/playground/Checkpoints/ervla_pi_decoder_latent_v_mid8_18/results/decoder-latent-plus-gpuids/overall_results.json
starVLA,decoder-latent-plus-gpuids,ervla_pi_decoder_latent_v_mid8_18,libero_spatial,800,1000,0.80000000,/e/project1/m3/blank4/code/starVLA/playground/Checkpoints/ervla_pi_decoder_latent_v_mid8_18/results/decoder-latent-plus-gpuids/overall_results.json
starVLA,decoder-latent-plus-gpuids,ervla_pi_decoder_latent_v_mid8_18,libero_10,663,1000,0.66300000,/e/project1/m3/blank4/code/starVLA/playground/Checkpoints/ervla_pi_decoder_latent_v_mid8_18/results/decoder-latent-plus-gpuids/libero_10/overall_results.json
starVLA,decoder-latent-plus-gpuids,ervla_pi_decoder_latent_v_mid8_18,libero_goal,684,1000,0.68400000,/e/project1/m3/blank4/code/starVLA/playground/Checkpoints/ervla_pi_decoder_latent_v_mid8_18/results/decoder-latent-plus-gpuids/libero_goal/overall_results.json
starVLA,decoder-latent-plus-gpuids,ervla_pi_decoder_latent_v_mid8_18,libero_object,854,1000,0.85400000,/e/project1/m3/blank4/code/starVLA/playground/Checkpoints/ervla_pi_decoder_latent_v_mid8_18/results/decoder-latent-plus-gpuids/libero_object/overall_results.json
starVLA,decoder-latent-plus-gpuids,ervla_pi_decoder_latent_v_mid8_18,libero_spatial,800,1000,0.80000000,/e/project1/m3/blank4/code/starVLA/playground/Checkpoints/ervla_pi_decoder_latent_v_mid8_18/results/decoder-latent-plus-gpuids/libero_spatial/overall_results.json
starVLA,libero,ervla_a_causal,libero_10,92,100,0.92000000,/e/project1/m3/blank4/code/starVLA/playground/Checkpoints/ervla_a_causal/results/libero/overall_results.json
starVLA,libero,ervla_a_causal,libero_goal,99,100,0.99000000,/e/project1/m3/blank4/code/starVLA/playground/Checkpoints/ervla_a_causal/results/libero/overall_results.json
starVLA,libero,ervla_a_causal,libero_object,100,100,1.00000000,/e/project1/m3/blank4/code/starVLA/playground/Checkpoints/ervla_a_causal/results/libero/overall_results.json
starVLA,libero,ervla_a_causal,libero_spatial,97,100,0.97000000,/e/project1/m3/blank4/code/starVLA/playground/Checkpoints/ervla_a_causal/results/libero/overall_results.json
starVLA,libero,ervla_b_bidir,libero_10,93,100,0.93000000,/e/project1/m3/blank4/code/starVLA/playground/Checkpoints/ervla_b_bidir/results/libero/overall_results.json
starVLA,libero,ervla_b_bidir,libero_goal,95,100,0.95000000,/e/project1/m3/blank4/code/starVLA/playground/Checkpoints/ervla_b_bidir/results/libero/overall_results.json
starVLA,libero,ervla_b_bidir,libero_object,99,100,0.99000000,/e/project1/m3/blank4/code/starVLA/playground/Checkpoints/ervla_b_bidir/results/libero/overall_results.json
starVLA,libero,ervla_b_bidir,libero_spatial,95,100,0.95000000,/e/project1/m3/blank4/code/starVLA/playground/Checkpoints/ervla_b_bidir/results/libero/overall_results.json
starVLA,libero,ervla_c_action_batchdrop,libero_10,95,100,0.95000000,/e/project1/m3/blank4/code/starVLA/playground/Checkpoints/ervla_c_action_batchdrop/results/libero/overall_results.json
starVLA,libero,ervla_c_action_batchdrop,libero_goal,97,100,0.97000000,/e/project1/m3/blank4/code/starVLA/playground/Checkpoints/ervla_c_action_batchdrop/results/libero/overall_results.json
starVLA,libero,ervla_c_action_batchdrop,libero_object,100,100,1.00000000,/e/project1/m3/blank4/code/starVLA/playground/Checkpoints/ervla_c_action_batchdrop/results/libero/overall_results.json
starVLA,libero,ervla_c_action_batchdrop,libero_spatial,100,100,1.00000000,/e/project1/m3/blank4/code/starVLA/playground/Checkpoints/ervla_c_action_batchdrop/results/libero/overall_results.json
starVLA,libero,ervla_crand_batchdrop,libero_10,90,100,0.90000000,/e/project1/m3/blank4/code/starVLA/playground/Checkpoints/ervla_crand_batchdrop/results/libero/overall_results.json
starVLA,libero,ervla_crand_batchdrop,libero_goal,97,100,0.97000000,/e/project1/m3/blank4/code/starVLA/playground/Checkpoints/ervla_crand_batchdrop/results/libero/overall_results.json
starVLA,libero,ervla_crand_batchdrop,libero_object,100,100,1.00000000,/e/project1/m3/blank4/code/starVLA/playground/Checkpoints/ervla_crand_batchdrop/results/libero/overall_results.json
starVLA,libero,ervla_crand_batchdrop,libero_spatial,95,100,0.95000000,/e/project1/m3/blank4/code/starVLA/playground/Checkpoints/ervla_crand_batchdrop/results/libero/overall_results.json
starVLA,libero,ervla_d_cam3d_8gpu,libero_10,91,100,0.91000000,/e/project1/m3/blank4/code/starVLA/playground/Checkpoints/ervla_d_cam3d_8gpu/results/libero/overall_results.json
starVLA,libero,ervla_d_cam3d_8gpu,libero_goal,97,100,0.97000000,/e/project1/m3/blank4/code/starVLA/playground/Checkpoints/ervla_d_cam3d_8gpu/results/libero/overall_results.json
starVLA,libero,ervla_d_cam3d_8gpu,libero_object,98,100,0.98000000,/e/project1/m3/blank4/code/starVLA/playground/Checkpoints/ervla_d_cam3d_8gpu/results/libero/overall_results.json
starVLA,libero,ervla_d_cam3d_8gpu,libero_spatial,97,100,0.97000000,/e/project1/m3/blank4/code/starVLA/playground/Checkpoints/ervla_d_cam3d_8gpu/results/libero/overall_results.json
starVLA,libero,ervla_d_cam3d_rand_8gpu,libero_10,95,100,0.95000000,/e/project1/m3/blank4/code/starVLA/playground/Checkpoints/ervla_d_cam3d_rand_8gpu/results/libero/overall_results.json
starVLA,libero,ervla_d_cam3d_rand_8gpu,libero_goal,96,100,0.96000000,/e/project1/m3/blank4/code/starVLA/playground/Checkpoints/ervla_d_cam3d_rand_8gpu/results/libero/overall_results.json
starVLA,libero,ervla_d_cam3d_rand_8gpu,libero_object,100,100,1.00000000,/e/project1/m3/blank4/code/starVLA/playground/Checkpoints/ervla_d_cam3d_rand_8gpu/results/libero/overall_results.json
starVLA,libero,ervla_d_cam3d_rand_8gpu,libero_spatial,98,100,0.98000000,/e/project1/m3/blank4/code/starVLA/playground/Checkpoints/ervla_d_cam3d_rand_8gpu/results/libero/overall_results.json
starVLA,libero,ervla_d_ground_batchdrop,libero_10,92,100,0.92000000,/e/project1/m3/blank4/code/starVLA/playground/Checkpoints/ervla_d_ground_batchdrop/results/libero/overall_results.json
starVLA,libero,ervla_d_ground_batchdrop,libero_goal,100,100,1.00000000,/e/project1/m3/blank4/code/starVLA/playground/Checkpoints/ervla_d_ground_batchdrop/results/libero/overall_results.json
starVLA,libero,ervla_d_ground_batchdrop,libero_object,100,100,1.00000000,/e/project1/m3/blank4/code/starVLA/playground/Checkpoints/ervla_d_ground_batchdrop/results/libero/overall_results.json
starVLA,libero,ervla_d_ground_batchdrop,libero_spatial,95,100,0.95000000,/e/project1/m3/blank4/code/starVLA/playground/Checkpoints/ervla_d_ground_batchdrop/results/libero/overall_results.json
starVLA,libero,ervla_d_ground_state_batchdrop,libero_10,91,100,0.91000000,/e/project1/m3/blank4/code/starVLA/playground/Checkpoints/ervla_d_ground_state_batchdrop/results/libero/overall_results.json
starVLA,libero,ervla_d_ground_state_batchdrop,libero_goal,98,100,0.98000000,/e/project1/m3/blank4/code/starVLA/playground/Checkpoints/ervla_d_ground_state_batchdrop/results/libero/overall_results.json
starVLA,libero,ervla_d_ground_state_batchdrop,libero_object,100,100,1.00000000,/e/project1/m3/blank4/code/starVLA/playground/Checkpoints/ervla_d_ground_state_batchdrop/results/libero/overall_results.json
starVLA,libero,ervla_d_ground_state_batchdrop,libero_spatial,99,100,0.99000000,/e/project1/m3/blank4/code/starVLA/playground/Checkpoints/ervla_d_ground_state_batchdrop/results/libero/overall_results.json
starVLA,libero,ervla_e_staged_batchdrop,libero_10,94,100,0.94000000,/e/project1/m3/blank4/code/starVLA/playground/Checkpoints/ervla_e_staged_batchdrop/results/libero/overall_results.json
starVLA,libero,ervla_e_staged_batchdrop,libero_goal,98,100,0.98000000,/e/project1/m3/blank4/code/starVLA/playground/Checkpoints/ervla_e_staged_batchdrop/results/libero/overall_results.json
starVLA,libero,ervla_e_staged_batchdrop,libero_object,98,100,0.98000000,/e/project1/m3/blank4/code/starVLA/playground/Checkpoints/ervla_e_staged_batchdrop/results/libero/overall_results.json
starVLA,libero,ervla_e_staged_batchdrop,libero_spatial,96,100,0.96000000,/e/project1/m3/blank4/code/starVLA/playground/Checkpoints/ervla_e_staged_batchdrop/results/libero/overall_results.json
starVLA,libero,ervla_f_decoder_frozen,libero_10,94,100,0.94000000,/e/project1/m3/blank4/code/starVLA/playground/Checkpoints/ervla_f_decoder_frozen/results/libero/overall_results.json
starVLA,libero,ervla_f_decoder_frozen,libero_goal,95,100,0.95000000,/e/project1/m3/blank4/code/starVLA/playground/Checkpoints/ervla_f_decoder_frozen/results/libero/overall_results.json
starVLA,libero,ervla_f_decoder_frozen,libero_object,99,100,0.99000000,/e/project1/m3/blank4/code/starVLA/playground/Checkpoints/ervla_f_decoder_frozen/results/libero/overall_results.json
starVLA,libero,ervla_f_decoder_frozen,libero_spatial,94,100,0.94000000,/e/project1/m3/blank4/code/starVLA/playground/Checkpoints/ervla_f_decoder_frozen/results/libero/overall_results.json
starVLA,libero,ervla_g_cam3d_cot05,libero_10,97,100,0.97000000,/e/project1/m3/blank4/code/starVLA/playground/Checkpoints/ervla_g_cam3d_cot05/results/libero/overall_results.json
starVLA,libero,ervla_g_cam3d_cot05,libero_goal,98,100,0.98000000,/e/project1/m3/blank4/code/starVLA/playground/Checkpoints/ervla_g_cam3d_cot05/results/libero/overall_results.json
starVLA,libero,ervla_g_cam3d_cot05,libero_object,100,100,1.00000000,/e/project1/m3/blank4/code/starVLA/playground/Checkpoints/ervla_g_cam3d_cot05/results/libero/overall_results.json
starVLA,libero,ervla_g_cam3d_cot05,libero_spatial,99,100,0.99000000,/e/project1/m3/blank4/code/starVLA/playground/Checkpoints/ervla_g_cam3d_cot05/results/libero/overall_results.json
starVLA,libero,ervla_g_cross_only,libero_10,96,100,0.96000000,/e/project1/m3/blank4/code/starVLA/playground/Checkpoints/ervla_g_cross_only/results/libero/overall_results.json
starVLA,libero,ervla_g_cross_only,libero_goal,97,100,0.97000000,/e/project1/m3/blank4/code/starVLA/playground/Checkpoints/ervla_g_cross_only/results/libero/overall_results.json
starVLA,libero,ervla_g_cross_only,libero_object,96,100,0.96000000,/e/project1/m3/blank4/code/starVLA/playground/Checkpoints/ervla_g_cross_only/results/libero/overall_results.json
starVLA,libero,ervla_g_cross_only,libero_spatial,98,100,0.98000000,/e/project1/m3/blank4/code/starVLA/playground/Checkpoints/ervla_g_cross_only/results/libero/overall_results.json
starVLA,libero,ervla_h_enc_choice_cam3d,libero_10,91,100,0.91000000,/e/project1/m3/blank4/code/starVLA/playground/Checkpoints/ervla_h_enc_choice_cam3d/results/libero/overall_results.json
starVLA,libero,ervla_h_enc_choice_cam3d,libero_goal,100,100,1.00000000,/e/project1/m3/blank4/code/starVLA/playground/Checkpoints/ervla_h_enc_choice_cam3d/results/libero/overall_results.json
starVLA,libero,ervla_h_enc_choice_cam3d,libero_object,99,100,0.99000000,/e/project1/m3/blank4/code/starVLA/playground/Checkpoints/ervla_h_enc_choice_cam3d/results/libero/overall_results.json
starVLA,libero,ervla_h_enc_choice_cam3d,libero_spatial,98,100,0.98000000,/e/project1/m3/blank4/code/starVLA/playground/Checkpoints/ervla_h_enc_choice_cam3d/results/libero/overall_results.json
starVLA,libero,ervla_i_dec_choice_cam3d,libero_10,94,100,0.94000000,/e/project1/m3/blank4/code/starVLA/playground/Checkpoints/ervla_i_dec_choice_cam3d/results/libero/overall_results.json
starVLA,libero,ervla_i_dec_choice_cam3d,libero_goal,100,100,1.00000000,/e/project1/m3/blank4/code/starVLA/playground/Checkpoints/ervla_i_dec_choice_cam3d/results/libero/overall_results.json
starVLA,libero,ervla_i_dec_choice_cam3d,libero_object,99,100,0.99000000,/e/project1/m3/blank4/code/starVLA/playground/Checkpoints/ervla_i_dec_choice_cam3d/results/libero/overall_results.json
starVLA,libero,ervla_i_dec_choice_cam3d,libero_spatial,98,100,0.98000000,/e/project1/m3/blank4/code/starVLA/playground/Checkpoints/ervla_i_dec_choice_cam3d/results/libero/overall_results.json
starVLA,libero,ervla_j_dec_choice_staged_cam3d,libero_10,92,100,0.92000000,/e/project1/m3/blank4/code/starVLA/playground/Checkpoints/ervla_j_dec_choice_staged_cam3d/results/libero/overall_results.json
starVLA,libero,ervla_j_dec_choice_staged_cam3d,libero_goal,97,100,0.97000000,/e/project1/m3/blank4/code/starVLA/playground/Checkpoints/ervla_j_dec_choice_staged_cam3d/results/libero/overall_results.json
starVLA,libero,ervla_j_dec_choice_staged_cam3d,libero_object,100,100,1.00000000,/e/project1/m3/blank4/code/starVLA/playground/Checkpoints/ervla_j_dec_choice_staged_cam3d/results/libero/overall_results.json
starVLA,libero,ervla_j_dec_choice_staged_cam3d,libero_spatial,97,100,0.97000000,/e/project1/m3/blank4/code/starVLA/playground/Checkpoints/ervla_j_dec_choice_staged_cam3d/results/libero/overall_results.json
starVLA,libero,ervla_k2_pi_cam3d_cot05_pifix_latent32,libero_10,90,100,0.90000000,/e/project1/m3/blank4/code/starVLA/playground/Checkpoints/ervla_k2_pi_cam3d_cot05_pifix_latent32/results/libero/overall_results.json
starVLA,libero,ervla_k2_pi_cam3d_cot05_pifix_latent32,libero_goal,97,100,0.97000000,/e/project1/m3/blank4/code/starVLA/playground/Checkpoints/ervla_k2_pi_cam3d_cot05_pifix_latent32/results/libero/overall_results.json
starVLA,libero,ervla_k2_pi_cam3d_cot05_pifix_latent32,libero_object,100,100,1.00000000,/e/project1/m3/blank4/code/starVLA/playground/Checkpoints/ervla_k2_pi_cam3d_cot05_pifix_latent32/results/libero/overall_results.json
starVLA,libero,ervla_k2_pi_cam3d_cot05_pifix_latent32,libero_spatial,97,100,0.97000000,/e/project1/m3/blank4/code/starVLA/playground/Checkpoints/ervla_k2_pi_cam3d_cot05_pifix_latent32/results/libero/overall_results.json
starVLA,libero,ervla_k2_pi_cam3d_cot05_pifix_nolatent,libero_10,98,100,0.98000000,/e/project1/m3/blank4/code/starVLA/playground/Checkpoints/ervla_k2_pi_cam3d_cot05_pifix_nolatent/results/libero/overall_results.json
starVLA,libero,ervla_k2_pi_cam3d_cot05_pifix_nolatent,libero_goal,98,100,0.98000000,/e/project1/m3/blank4/code/starVLA/playground/Checkpoints/ervla_k2_pi_cam3d_cot05_pifix_nolatent/results/libero/overall_results.json
starVLA,libero,ervla_k2_pi_cam3d_cot05_pifix_nolatent,libero_object,100,100,1.00000000,/e/project1/m3/blank4/code/starVLA/playground/Checkpoints/ervla_k2_pi_cam3d_cot05_pifix_nolatent/results/libero/overall_results.json
starVLA,libero,ervla_k2_pi_cam3d_cot05_pifix_nolatent,libero_spatial,98,100,0.98000000,/e/project1/m3/blank4/code/starVLA/playground/Checkpoints/ervla_k2_pi_cam3d_cot05_pifix_nolatent/results/libero/overall_results.json
starVLA,libero,ervla_k_pi_cam3d_cot05,libero_10,46,100,0.46000000,/e/project1/m3/blank4/code/starVLA/playground/Checkpoints/ervla_k_pi_cam3d_cot05/results/libero/overall_results.json
starVLA,libero,ervla_k_pi_cam3d_cot05,libero_goal,56,100,0.56000000,/e/project1/m3/blank4/code/starVLA/playground/Checkpoints/ervla_k_pi_cam3d_cot05/results/libero/overall_results.json
starVLA,libero,ervla_k_pi_cam3d_cot05,libero_object,70,100,0.70000000,/e/project1/m3/blank4/code/starVLA/playground/Checkpoints/ervla_k_pi_cam3d_cot05/results/libero/overall_results.json
starVLA,libero,ervla_k_pi_cam3d_cot05,libero_spatial,59,100,0.59000000,/e/project1/m3/blank4/code/starVLA/playground/Checkpoints/ervla_k_pi_cam3d_cot05/results/libero/overall_results.json
starVLA,libero,ervla_k_pi_cam3d_cot05_masked,libero_10,91,100,0.91000000,/e/project1/m3/blank4/code/starVLA/playground/Checkpoints/ervla_k_pi_cam3d_cot05_masked/results/libero/overall_results.json
starVLA,libero,ervla_k_pi_cam3d_cot05_masked,libero_goal,99,100,0.99000000,/e/project1/m3/blank4/code/starVLA/playground/Checkpoints/ervla_k_pi_cam3d_cot05_masked/results/libero/overall_results.json
starVLA,libero,ervla_k_pi_cam3d_cot05_masked,libero_object,99,100,0.99000000,/e/project1/m3/blank4/code/starVLA/playground/Checkpoints/ervla_k_pi_cam3d_cot05_masked/results/libero/overall_results.json
starVLA,libero,ervla_k_pi_cam3d_cot05_masked,libero_spatial,97,100,0.97000000,/e/project1/m3/blank4/code/starVLA/playground/Checkpoints/ervla_k_pi_cam3d_cot05_masked/results/libero/overall_results.json
starVLA,libero,ervla_k_pi_cam3d_cot05_masked_seed43,libero_10,98,100,0.98000000,/e/project1/m3/blank4/code/starVLA/playground/Checkpoints/ervla_k_pi_cam3d_cot05_masked_seed43/results/libero/overall_results.json
starVLA,libero,ervla_k_pi_cam3d_cot05_masked_seed43,libero_goal,99,100,0.99000000,/e/project1/m3/blank4/code/starVLA/playground/Checkpoints/ervla_k_pi_cam3d_cot05_masked_seed43/results/libero/overall_results.json
starVLA,libero,ervla_k_pi_cam3d_cot05_masked_seed43,libero_object,100,100,1.00000000,/e/project1/m3/blank4/code/starVLA/playground/Checkpoints/ervla_k_pi_cam3d_cot05_masked_seed43/results/libero/overall_results.json
starVLA,libero,ervla_k_pi_cam3d_cot05_masked_seed43,libero_spatial,100,100,1.00000000,/e/project1/m3/blank4/code/starVLA/playground/Checkpoints/ervla_k_pi_cam3d_cot05_masked_seed43/results/libero/overall_results.json
starVLA,libero,ervla_l_split14_gr00t_action,libero_10,90,100,0.90000000,/e/project1/m3/blank4/code/starVLA/playground/Checkpoints/ervla_l_split14_gr00t_action/results/libero/overall_results.json
starVLA,libero,ervla_l_split14_gr00t_action,libero_goal,100,100,1.00000000,/e/project1/m3/blank4/code/starVLA/playground/Checkpoints/ervla_l_split14_gr00t_action/results/libero/overall_results.json
starVLA,libero,ervla_l_split14_gr00t_action,libero_object,98,100,0.98000000,/e/project1/m3/blank4/code/starVLA/playground/Checkpoints/ervla_l_split14_gr00t_action/results/libero/overall_results.json
starVLA,libero,ervla_l_split14_gr00t_action,libero_spatial,95,100,0.95000000,/e/project1/m3/blank4/code/starVLA/playground/Checkpoints/ervla_l_split14_gr00t_action/results/libero/overall_results.json
starVLA,libero,ervla_m_overlap18_gr00t_action,libero_10,94,100,0.94000000,/e/project1/m3/blank4/code/starVLA/playground/Checkpoints/ervla_m_overlap18_gr00t_action/results/libero/overall_results.json
starVLA,libero,ervla_m_overlap18_gr00t_action,libero_goal,99,100,0.99000000,/e/project1/m3/blank4/code/starVLA/playground/Checkpoints/ervla_m_overlap18_gr00t_action/results/libero/overall_results.json
starVLA,libero,ervla_m_overlap18_gr00t_action,libero_object,100,100,1.00000000,/e/project1/m3/blank4/code/starVLA/playground/Checkpoints/ervla_m_overlap18_gr00t_action/results/libero/overall_results.json
starVLA,libero,ervla_m_overlap18_gr00t_action,libero_spatial,99,100,0.99000000,/e/project1/m3/blank4/code/starVLA/playground/Checkpoints/ervla_m_overlap18_gr00t_action/results/libero/overall_results.json
starVLA,libero,ervla_mlm_pi_encoder_cam3d,libero_10,97,100,0.97000000,/e/project1/m3/blank4/code/starVLA/playground/Checkpoints/ervla_mlm_pi_encoder_cam3d/results/libero/overall_results.json
starVLA,libero,ervla_mlm_pi_encoder_cam3d,libero_goal,96,100,0.96000000,/e/project1/m3/blank4/code/starVLA/playground/Checkpoints/ervla_mlm_pi_encoder_cam3d/results/libero/overall_results.json
starVLA,libero,ervla_mlm_pi_encoder_cam3d,libero_object,100,100,1.00000000,/e/project1/m3/blank4/code/starVLA/playground/Checkpoints/ervla_mlm_pi_encoder_cam3d/results/libero/overall_results.json
starVLA,libero,ervla_mlm_pi_encoder_cam3d,libero_spatial,95,100,0.95000000,/e/project1/m3/blank4/code/starVLA/playground/Checkpoints/ervla_mlm_pi_encoder_cam3d/results/libero/overall_results.json
starVLA,libero,ervla_mlm_pi_encoder_cam3d_rand,libero_10,94,100,0.94000000,/e/project1/m3/blank4/code/starVLA/playground/Checkpoints/ervla_mlm_pi_encoder_cam3d_rand/results/libero/overall_results.json
starVLA,libero,ervla_mlm_pi_encoder_cam3d_rand,libero_goal,96,100,0.96000000,/e/project1/m3/blank4/code/starVLA/playground/Checkpoints/ervla_mlm_pi_encoder_cam3d_rand/results/libero/overall_results.json
starVLA,libero,ervla_mlm_pi_encoder_cam3d_rand,libero_object,100,100,1.00000000,/e/project1/m3/blank4/code/starVLA/playground/Checkpoints/ervla_mlm_pi_encoder_cam3d_rand/results/libero/overall_results.json
starVLA,libero,ervla_mlm_pi_encoder_cam3d_rand,libero_spatial,97,100,0.97000000,/e/project1/m3/blank4/code/starVLA/playground/Checkpoints/ervla_mlm_pi_encoder_cam3d_rand/results/libero/overall_results.json
starVLA,libero,ervla_mlm_pi_encoder_cam3d_slotdrop15_nolabeldrop_noditdrop,libero_10,91,100,0.91000000,/e/project1/m3/blank4/code/starVLA/playground/Checkpoints/ervla_mlm_pi_encoder_cam3d_slotdrop15_nolabeldrop_noditdrop/results/libero/overall_results.json
starVLA,libero,ervla_mlm_pi_encoder_cam3d_slotdrop15_nolabeldrop_noditdrop,libero_goal,97,100,0.97000000,/e/project1/m3/blank4/code/starVLA/playground/Checkpoints/ervla_mlm_pi_encoder_cam3d_slotdrop15_nolabeldrop_noditdrop/results/libero/overall_results.json
starVLA,libero,ervla_mlm_pi_encoder_cam3d_slotdrop15_nolabeldrop_noditdrop,libero_object,100,100,1.00000000,/e/project1/m3/blank4/code/starVLA/playground/Checkpoints/ervla_mlm_pi_encoder_cam3d_slotdrop15_nolabeldrop_noditdrop/results/libero/overall_results.json
starVLA,libero,ervla_mlm_pi_encoder_cam3d_slotdrop15_nolabeldrop_noditdrop,libero_spatial,97,100,0.97000000,/e/project1/m3/blank4/code/starVLA/playground/Checkpoints/ervla_mlm_pi_encoder_cam3d_slotdrop15_nolabeldrop_noditdrop/results/libero/overall_results.json
starVLA,libero,ervla_mlm_pi_encoder_control,libero_10,92,100,0.92000000,/e/project1/m3/blank4/code/starVLA/playground/Checkpoints/ervla_mlm_pi_encoder_control/results/libero/overall_results.json
starVLA,libero,ervla_mlm_pi_encoder_control,libero_goal,98,100,0.98000000,/e/project1/m3/blank4/code/starVLA/playground/Checkpoints/ervla_mlm_pi_encoder_control/results/libero/overall_results.json
starVLA,libero,ervla_mlm_pi_encoder_control,libero_object,99,100,0.99000000,/e/project1/m3/blank4/code/starVLA/playground/Checkpoints/ervla_mlm_pi_encoder_control/results/libero/overall_results.json
starVLA,libero,ervla_mlm_pi_encoder_control,libero_spatial,99,100,0.99000000,/e/project1/m3/blank4/code/starVLA/playground/Checkpoints/ervla_mlm_pi_encoder_control/results/libero/overall_results.json
starVLA,libero,ervla_n_overlap18_structaux_cot,libero_10,95,100,0.95000000,/e/project1/m3/blank4/code/starVLA/playground/Checkpoints/ervla_n_overlap18_structaux_cot/results/libero/overall_results.json
starVLA,libero,ervla_n_overlap18_structaux_cot,libero_goal,98,100,0.98000000,/e/project1/m3/blank4/code/starVLA/playground/Checkpoints/ervla_n_overlap18_structaux_cot/results/libero/overall_results.json
starVLA,libero,ervla_n_overlap18_structaux_cot,libero_object,98,100,0.98000000,/e/project1/m3/blank4/code/starVLA/playground/Checkpoints/ervla_n_overlap18_structaux_cot/results/libero/overall_results.json
starVLA,libero,ervla_n_overlap18_structaux_cot,libero_spatial,95,100,0.95000000,/e/project1/m3/blank4/code/starVLA/playground/Checkpoints/ervla_n_overlap18_structaux_cot/results/libero/overall_results.json
starVLA,libero,ervla_o_split14_pi_cot,libero_10,67,100,0.67000000,/e/project1/m3/blank4/code/starVLA/playground/Checkpoints/ervla_o_split14_pi_cot/results/libero/overall_results.json
starVLA,libero,ervla_o_split14_pi_cot,libero_goal,47,100,0.47000000,/e/project1/m3/blank4/code/starVLA/playground/Checkpoints/ervla_o_split14_pi_cot/results/libero/overall_results.json
starVLA,libero,ervla_o_split14_pi_cot,libero_object,72,100,0.72000000,/e/project1/m3/blank4/code/starVLA/playground/Checkpoints/ervla_o_split14_pi_cot/results/libero/overall_results.json
starVLA,libero,ervla_o_split14_pi_cot,libero_spatial,88,100,0.88000000,/e/project1/m3/blank4/code/starVLA/playground/Checkpoints/ervla_o_split14_pi_cot/results/libero/overall_results.json
starVLA,libero,ervla_o_split14_pi_cot_masked,libero_10,92,100,0.92000000,/e/project1/m3/blank4/code/starVLA/playground/Checkpoints/ervla_o_split14_pi_cot_masked/results/libero/overall_results.json
starVLA,libero,ervla_o_split14_pi_cot_masked,libero_goal,97,100,0.97000000,/e/project1/m3/blank4/code/starVLA/playground/Checkpoints/ervla_o_split14_pi_cot_masked/results/libero/overall_results.json
starVLA,libero,ervla_o_split14_pi_cot_masked,libero_object,97,100,0.97000000,/e/project1/m3/blank4/code/starVLA/playground/Checkpoints/ervla_o_split14_pi_cot_masked/results/libero/overall_results.json
starVLA,libero,ervla_o_split14_pi_cot_masked,libero_spatial,96,100,0.96000000,/e/project1/m3/blank4/code/starVLA/playground/Checkpoints/ervla_o_split14_pi_cot_masked/results/libero/overall_results.json
starVLA,libero,ervla_p_causal_pi_masked,libero_10,92,100,0.92000000,/e/project1/m3/blank4/code/starVLA/playground/Checkpoints/ervla_p_causal_pi_masked/results/libero/overall_results.json
starVLA,libero,ervla_p_causal_pi_masked,libero_goal,99,100,0.99000000,/e/project1/m3/blank4/code/starVLA/playground/Checkpoints/ervla_p_causal_pi_masked/results/libero/overall_results.json
starVLA,libero,ervla_p_causal_pi_masked,libero_object,99,100,0.99000000,/e/project1/m3/blank4/code/starVLA/playground/Checkpoints/ervla_p_causal_pi_masked/results/libero/overall_results.json
starVLA,libero,ervla_p_causal_pi_masked,libero_spatial,97,100,0.97000000,/e/project1/m3/blank4/code/starVLA/playground/Checkpoints/ervla_p_causal_pi_masked/results/libero/overall_results.json
starVLA,libero,ervla_pi_bidir_actiononly_pifix_nolatent_nodrop_2gpu_s42,libero_10,90,100,0.90000000,/e/project1/m3/blank4/code/starVLA/playground/Checkpoints/ervla_pi_bidir_actiononly_pifix_nolatent_nodrop_2gpu_s42/results/libero/overall_results.json
starVLA,libero,ervla_pi_bidir_actiononly_pifix_nolatent_nodrop_2gpu_s42,libero_goal,98,100,0.98000000,/e/project1/m3/blank4/code/starVLA/playground/Checkpoints/ervla_pi_bidir_actiononly_pifix_nolatent_nodrop_2gpu_s42/results/libero/overall_results.json
starVLA,libero,ervla_pi_bidir_actiononly_pifix_nolatent_nodrop_2gpu_s42,libero_object,100,100,1.00000000,/e/project1/m3/blank4/code/starVLA/playground/Checkpoints/ervla_pi_bidir_actiononly_pifix_nolatent_nodrop_2gpu_s42/results/libero/overall_results.json
starVLA,libero,ervla_pi_bidir_actiononly_pifix_nolatent_nodrop_2gpu_s42,libero_spatial,99,100,0.99000000,/e/project1/m3/blank4/code/starVLA/playground/Checkpoints/ervla_pi_bidir_actiononly_pifix_nolatent_nodrop_2gpu_s42/results/libero/overall_results.json
starVLA,libero,ervla_pi_bidir_actiononly_pifix_nolatent_nodrop_2gpu_s43,libero_10,97,100,0.97000000,/e/project1/m3/blank4/code/starVLA/playground/Checkpoints/ervla_pi_bidir_actiononly_pifix_nolatent_nodrop_2gpu_s43/results/libero/overall_results.json
starVLA,libero,ervla_pi_bidir_actiononly_pifix_nolatent_nodrop_2gpu_s43,libero_goal,98,100,0.98000000,/e/project1/m3/blank4/code/starVLA/playground/Checkpoints/ervla_pi_bidir_actiononly_pifix_nolatent_nodrop_2gpu_s43/results/libero/overall_results.json
starVLA,libero,ervla_pi_bidir_actiononly_pifix_nolatent_nodrop_2gpu_s43,libero_object,100,100,1.00000000,/e/project1/m3/blank4/code/starVLA/playground/Checkpoints/ervla_pi_bidir_actiononly_pifix_nolatent_nodrop_2gpu_s43/results/libero/overall_results.json
starVLA,libero,ervla_pi_bidir_actiononly_pifix_nolatent_nodrop_2gpu_s43,libero_spatial,95,100,0.95000000,/e/project1/m3/blank4/code/starVLA/playground/Checkpoints/ervla_pi_bidir_actiononly_pifix_nolatent_nodrop_2gpu_s43/results/libero/overall_results.json
starVLA,libero,ervla_pi_bidir_actiononly_pifix_nolatent_nodrop_2gpu_s44,libero_10,93,100,0.93000000,/e/project1/m3/blank4/code/starVLA/playground/Checkpoints/ervla_pi_bidir_actiononly_pifix_nolatent_nodrop_2gpu_s44/results/libero/overall_results.json
starVLA,libero,ervla_pi_bidir_actiononly_pifix_nolatent_nodrop_2gpu_s44,libero_goal,99,100,0.99000000,/e/project1/m3/blank4/code/starVLA/playground/Checkpoints/ervla_pi_bidir_actiononly_pifix_nolatent_nodrop_2gpu_s44/results/libero/overall_results.json
starVLA,libero,ervla_pi_bidir_actiononly_pifix_nolatent_nodrop_2gpu_s44,libero_object,100,100,1.00000000,/e/project1/m3/blank4/code/starVLA/playground/Checkpoints/ervla_pi_bidir_actiononly_pifix_nolatent_nodrop_2gpu_s44/results/libero/overall_results.json
starVLA,libero,ervla_pi_bidir_actiononly_pifix_nolatent_nodrop_2gpu_s44,libero_spatial,97,100,0.97000000,/e/project1/m3/blank4/code/starVLA/playground/Checkpoints/ervla_pi_bidir_actiononly_pifix_nolatent_nodrop_2gpu_s44/results/libero/overall_results.json
starVLA,libero,ervla_pi_causal_actiononly_pifix_nolatent_nodrop_2gpu_s42,libero_10,88,100,0.88000000,/e/project1/m3/blank4/code/starVLA/playground/Checkpoints/ervla_pi_causal_actiononly_pifix_nolatent_nodrop_2gpu_s42/results/libero/overall_results.json
starVLA,libero,ervla_pi_causal_actiononly_pifix_nolatent_nodrop_2gpu_s42,libero_goal,96,100,0.96000000,/e/project1/m3/blank4/code/starVLA/playground/Checkpoints/ervla_pi_causal_actiononly_pifix_nolatent_nodrop_2gpu_s42/results/libero/overall_results.json
starVLA,libero,ervla_pi_causal_actiononly_pifix_nolatent_nodrop_2gpu_s42,libero_object,100,100,1.00000000,/e/project1/m3/blank4/code/starVLA/playground/Checkpoints/ervla_pi_causal_actiononly_pifix_nolatent_nodrop_2gpu_s42/results/libero/overall_results.json
starVLA,libero,ervla_pi_causal_actiononly_pifix_nolatent_nodrop_2gpu_s42,libero_spatial,97,100,0.97000000,/e/project1/m3/blank4/code/starVLA/playground/Checkpoints/ervla_pi_causal_actiononly_pifix_nolatent_nodrop_2gpu_s42/results/libero/overall_results.json
starVLA,libero,ervla_pi_causal_actiononly_pifix_nolatent_nodrop_2gpu_s43,libero_10,89,100,0.89000000,/e/project1/m3/blank4/code/starVLA/playground/Checkpoints/ervla_pi_causal_actiononly_pifix_nolatent_nodrop_2gpu_s43/results/libero/overall_results.json
starVLA,libero,ervla_pi_causal_actiononly_pifix_nolatent_nodrop_2gpu_s43,libero_goal,97,100,0.97000000,/e/project1/m3/blank4/code/starVLA/playground/Checkpoints/ervla_pi_causal_actiononly_pifix_nolatent_nodrop_2gpu_s43/results/libero/overall_results.json
starVLA,libero,ervla_pi_causal_actiononly_pifix_nolatent_nodrop_2gpu_s43,libero_object,99,100,0.99000000,/e/project1/m3/blank4/code/starVLA/playground/Checkpoints/ervla_pi_causal_actiononly_pifix_nolatent_nodrop_2gpu_s43/results/libero/overall_results.json
starVLA,libero,ervla_pi_causal_actiononly_pifix_nolatent_nodrop_2gpu_s43,libero_spatial,99,100,0.99000000,/e/project1/m3/blank4/code/starVLA/playground/Checkpoints/ervla_pi_causal_actiononly_pifix_nolatent_nodrop_2gpu_s43/results/libero/overall_results.json
starVLA,libero,ervla_pi_causal_actiononly_pifix_nolatent_nodrop_2gpu_s44,libero_10,96,100,0.96000000,/e/project1/m3/blank4/code/starVLA/playground/Checkpoints/ervla_pi_causal_actiononly_pifix_nolatent_nodrop_2gpu_s44/results/libero/overall_results.json
starVLA,libero,ervla_pi_causal_actiononly_pifix_nolatent_nodrop_2gpu_s44,libero_goal,99,100,0.99000000,/e/project1/m3/blank4/code/starVLA/playground/Checkpoints/ervla_pi_causal_actiononly_pifix_nolatent_nodrop_2gpu_s44/results/libero/overall_results.json
starVLA,libero,ervla_pi_causal_actiononly_pifix_nolatent_nodrop_2gpu_s44,libero_object,100,100,1.00000000,/e/project1/m3/blank4/code/starVLA/playground/Checkpoints/ervla_pi_causal_actiononly_pifix_nolatent_nodrop_2gpu_s44/results/libero/overall_results.json
starVLA,libero,ervla_pi_causal_actiononly_pifix_nolatent_nodrop_2gpu_s44,libero_spatial,99,100,0.99000000,/e/project1/m3/blank4/code/starVLA/playground/Checkpoints/ervla_pi_causal_actiononly_pifix_nolatent_nodrop_2gpu_s44/results/libero/overall_results.json
starVLA,libero,ervla_q_pi_split14_base_cot,libero_10,92,100,0.92000000,/e/project1/m3/blank4/code/starVLA/playground/Checkpoints/ervla_q_pi_split14_base_cot/results/libero/overall_results.json
starVLA,libero,ervla_q_pi_split14_base_cot,libero_goal,97,100,0.97000000,/e/project1/m3/blank4/code/starVLA/playground/Checkpoints/ervla_q_pi_split14_base_cot/results/libero/overall_results.json
starVLA,libero,ervla_q_pi_split14_base_cot,libero_object,99,100,0.99000000,/e/project1/m3/blank4/code/starVLA/playground/Checkpoints/ervla_q_pi_split14_base_cot/results/libero/overall_results.json
starVLA,libero,ervla_q_pi_split14_base_cot,libero_spatial,100,100,1.00000000,/e/project1/m3/blank4/code/starVLA/playground/Checkpoints/ervla_q_pi_split14_base_cot/results/libero/overall_results.json
starVLA,libero,ervla_r_pi_split18_base_cot,libero_10,89,100,0.89000000,/e/project1/m3/blank4/code/starVLA/playground/Checkpoints/ervla_r_pi_split18_base_cot/results/libero/overall_results.json
starVLA,libero,ervla_r_pi_split18_base_cot,libero_goal,99,100,0.99000000,/e/project1/m3/blank4/code/starVLA/playground/Checkpoints/ervla_r_pi_split18_base_cot/results/libero/overall_results.json
starVLA,libero,ervla_r_pi_split18_base_cot,libero_object,100,100,1.00000000,/e/project1/m3/blank4/code/starVLA/playground/Checkpoints/ervla_r_pi_split18_base_cot/results/libero/overall_results.json
starVLA,libero,ervla_r_pi_split18_base_cot,libero_spatial,99,100,0.99000000,/e/project1/m3/blank4/code/starVLA/playground/Checkpoints/ervla_r_pi_split18_base_cot/results/libero/overall_results.json
starVLA,libero,ervla_s_pi_overlap18_base_cot,libero_10,93,100,0.93000000,/e/project1/m3/blank4/code/starVLA/playground/Checkpoints/ervla_s_pi_overlap18_base_cot/results/libero/overall_results.json
starVLA,libero,ervla_s_pi_overlap18_base_cot,libero_goal,99,100,0.99000000,/e/project1/m3/blank4/code/starVLA/playground/Checkpoints/ervla_s_pi_overlap18_base_cot/results/libero/overall_results.json
starVLA,libero,ervla_s_pi_overlap18_base_cot,libero_object,100,100,1.00000000,/e/project1/m3/blank4/code/starVLA/playground/Checkpoints/ervla_s_pi_overlap18_base_cot/results/libero/overall_results.json
starVLA,libero,ervla_s_pi_overlap18_base_cot,libero_spatial,99,100,0.99000000,/e/project1/m3/blank4/code/starVLA/playground/Checkpoints/ervla_s_pi_overlap18_base_cot/results/libero/overall_results.json
starVLA,libero,ervla_t_pi_overlap18_structaux_cot,libero_10,90,100,0.90000000,/e/project1/m3/blank4/code/starVLA/playground/Checkpoints/ervla_t_pi_overlap18_structaux_cot/results/libero/overall_results.json
starVLA,libero,ervla_t_pi_overlap18_structaux_cot,libero_goal,100,100,1.00000000,/e/project1/m3/blank4/code/starVLA/playground/Checkpoints/ervla_t_pi_overlap18_structaux_cot/results/libero/overall_results.json
starVLA,libero,ervla_t_pi_overlap18_structaux_cot,libero_object,100,100,1.00000000,/e/project1/m3/blank4/code/starVLA/playground/Checkpoints/ervla_t_pi_overlap18_structaux_cot/results/libero/overall_results.json
starVLA,libero,ervla_t_pi_overlap18_structaux_cot,libero_spatial,100,100,1.00000000,/e/project1/m3/blank4/code/starVLA/playground/Checkpoints/ervla_t_pi_overlap18_structaux_cot/results/libero/overall_results.json
starVLA,libero,ervla_u_pi_layerwise_decoder_cot,libero_10,94,100,0.94000000,/e/project1/m3/blank4/code/starVLA/playground/Checkpoints/ervla_u_pi_layerwise_decoder_cot/results/libero/overall_results.json
starVLA,libero,ervla_u_pi_layerwise_decoder_cot,libero_goal,100,100,1.00000000,/e/project1/m3/blank4/code/starVLA/playground/Checkpoints/ervla_u_pi_layerwise_decoder_cot/results/libero/overall_results.json
starVLA,libero,ervla_u_pi_layerwise_decoder_cot,libero_object,100,100,1.00000000,/e/project1/m3/blank4/code/starVLA/playground/Checkpoints/ervla_u_pi_layerwise_decoder_cot/results/libero/overall_results.json
starVLA,libero,ervla_u_pi_layerwise_decoder_cot,libero_spatial,98,100,0.98000000,/e/project1/m3/blank4/code/starVLA/playground/Checkpoints/ervla_u_pi_layerwise_decoder_cot/results/libero/overall_results.json
starVLA,libero,ervla_v5_gr00t_actiononly_s42,libero_10,85,100,0.85000000,/e/project1/m3/blank4/code/starVLA/playground/Checkpoints/ervla_v5_gr00t_actiononly_s42/results/libero/overall_results.json
starVLA,libero,ervla_v5_gr00t_actiononly_s42,libero_goal,99,100,0.99000000,/e/project1/m3/blank4/code/starVLA/playground/Checkpoints/ervla_v5_gr00t_actiononly_s42/results/libero/overall_results.json
starVLA,libero,ervla_v5_gr00t_actiononly_s42,libero_object,99,100,0.99000000,/e/project1/m3/blank4/code/starVLA/playground/Checkpoints/ervla_v5_gr00t_actiononly_s42/results/libero/overall_results.json
starVLA,libero,ervla_v5_gr00t_actiononly_s42,libero_spatial,97,100,0.97000000,/e/project1/m3/blank4/code/starVLA/playground/Checkpoints/ervla_v5_gr00t_actiononly_s42/results/libero/overall_results.json
starVLA,libero,ervla_v5_gr00t_actiononly_s43,libero_10,92,100,0.92000000,/e/project1/m3/blank4/code/starVLA/playground/Checkpoints/ervla_v5_gr00t_actiononly_s43/results/libero/overall_results.json
starVLA,libero,ervla_v5_gr00t_actiononly_s43,libero_goal,99,100,0.99000000,/e/project1/m3/blank4/code/starVLA/playground/Checkpoints/ervla_v5_gr00t_actiononly_s43/results/libero/overall_results.json
starVLA,libero,ervla_v5_gr00t_actiononly_s43,libero_object,100,100,1.00000000,/e/project1/m3/blank4/code/starVLA/playground/Checkpoints/ervla_v5_gr00t_actiononly_s43/results/libero/overall_results.json
starVLA,libero,ervla_v5_gr00t_actiononly_s43,libero_spatial,96,100,0.96000000,/e/project1/m3/blank4/code/starVLA/playground/Checkpoints/ervla_v5_gr00t_actiononly_s43/results/libero/overall_results.json
starVLA,libero,ervla_v5_pi_actiononly_pifix_aug_s42,libero_10,94,100,0.94000000,/e/project1/m3/blank4/code/starVLA/playground/Checkpoints/ervla_v5_pi_actiononly_pifix_aug_s42/results/libero/overall_results.json
starVLA,libero,ervla_v5_pi_actiononly_pifix_aug_s42,libero_goal,100,100,1.00000000,/e/project1/m3/blank4/code/starVLA/playground/Checkpoints/ervla_v5_pi_actiononly_pifix_aug_s42/results/libero/overall_results.json
starVLA,libero,ervla_v5_pi_actiononly_pifix_aug_s42,libero_object,100,100,1.00000000,/e/project1/m3/blank4/code/starVLA/playground/Checkpoints/ervla_v5_pi_actiononly_pifix_aug_s42/results/libero/overall_results.json
starVLA,libero,ervla_v5_pi_actiononly_pifix_aug_s42,libero_spatial,97,100,0.97000000,/e/project1/m3/blank4/code/starVLA/playground/Checkpoints/ervla_v5_pi_actiononly_pifix_aug_s42/results/libero/overall_results.json
starVLA,libero,ervla_v5_pi_actiononly_pifix_s43,libero_10,90,100,0.90000000,/e/project1/m3/blank4/code/starVLA/playground/Checkpoints/ervla_v5_pi_actiononly_pifix_s43/results/libero/overall_results.json
starVLA,libero,ervla_v5_pi_actiononly_pifix_s43,libero_goal,99,100,0.99000000,/e/project1/m3/blank4/code/starVLA/playground/Checkpoints/ervla_v5_pi_actiononly_pifix_s43/results/libero/overall_results.json
starVLA,libero,ervla_v5_pi_actiononly_pifix_s43,libero_object,98,100,0.98000000,/e/project1/m3/blank4/code/starVLA/playground/Checkpoints/ervla_v5_pi_actiononly_pifix_s43/results/libero/overall_results.json
starVLA,libero,ervla_v5_pi_actiononly_pifix_s43,libero_spatial,99,100,0.99000000,/e/project1/m3/blank4/code/starVLA/playground/Checkpoints/ervla_v5_pi_actiononly_pifix_s43/results/libero/overall_results.json
starVLA,libero,ervla_v5aux_pi_actiononly_pifix_s42,libero_10,91,100,0.91000000,/e/project1/m3/blank4/code/starVLA/playground/Checkpoints/ervla_v5aux_pi_actiononly_pifix_s42/results/libero/overall_results.json
starVLA,libero,ervla_v5aux_pi_actiononly_pifix_s42,libero_goal,95,100,0.95000000,/e/project1/m3/blank4/code/starVLA/playground/Checkpoints/ervla_v5aux_pi_actiononly_pifix_s42/results/libero/overall_results.json
starVLA,libero,ervla_v5aux_pi_actiononly_pifix_s42,libero_object,100,100,1.00000000,/e/project1/m3/blank4/code/starVLA/playground/Checkpoints/ervla_v5aux_pi_actiononly_pifix_s42/results/libero/overall_results.json
starVLA,libero,ervla_v5aux_pi_actiononly_pifix_s42,libero_spatial,99,100,0.99000000,/e/project1/m3/blank4/code/starVLA/playground/Checkpoints/ervla_v5aux_pi_actiononly_pifix_s42/results/libero/overall_results.json
starVLA,libero,ervla_v5aux_pi_actiononly_pifix_s43,libero_10,95,100,0.95000000,/e/project1/m3/blank4/code/starVLA/playground/Checkpoints/ervla_v5aux_pi_actiononly_pifix_s43/results/libero/overall_results.json
starVLA,libero,ervla_v5aux_pi_actiononly_pifix_s43,libero_goal,100,100,1.00000000,/e/project1/m3/blank4/code/starVLA/playground/Checkpoints/ervla_v5aux_pi_actiononly_pifix_s43/results/libero/overall_results.json
starVLA,libero,ervla_v5aux_pi_actiononly_pifix_s43,libero_object,100,100,1.00000000,/e/project1/m3/blank4/code/starVLA/playground/Checkpoints/ervla_v5aux_pi_actiononly_pifix_s43/results/libero/overall_results.json
starVLA,libero,ervla_v5aux_pi_actiononly_pifix_s43,libero_spatial,98,100,0.98000000,/e/project1/m3/blank4/code/starVLA/playground/Checkpoints/ervla_v5aux_pi_actiononly_pifix_s43/results/libero/overall_results.json
starVLA,libero,ervla_v_pi_decoder_staged_cot,libero_10,92,100,0.92000000,/e/project1/m3/blank4/code/starVLA/playground/Checkpoints/ervla_v_pi_decoder_staged_cot/results/libero/overall_results.json
starVLA,libero,ervla_v_pi_decoder_staged_cot,libero_goal,98,100,0.98000000,/e/project1/m3/blank4/code/starVLA/playground/Checkpoints/ervla_v_pi_decoder_staged_cot/results/libero/overall_results.json
starVLA,libero,ervla_v_pi_decoder_staged_cot,libero_object,97,100,0.97000000,/e/project1/m3/blank4/code/starVLA/playground/Checkpoints/ervla_v_pi_decoder_staged_cot/results/libero/overall_results.json
starVLA,libero,ervla_v_pi_decoder_staged_cot,libero_spatial,98,100,0.98000000,/e/project1/m3/blank4/code/starVLA/playground/Checkpoints/ervla_v_pi_decoder_staged_cot/results/libero/overall_results.json
starVLA,libero,ervla_w2_pi_encoder_actiononly_pifix_latent32,libero_10,86,100,0.86000000,/e/project1/m3/blank4/code/starVLA/playground/Checkpoints/ervla_w2_pi_encoder_actiononly_pifix_latent32/results/libero/overall_results.json
starVLA,libero,ervla_w2_pi_encoder_actiononly_pifix_latent32,libero_goal,95,100,0.95000000,/e/project1/m3/blank4/code/starVLA/playground/Checkpoints/ervla_w2_pi_encoder_actiononly_pifix_latent32/results/libero/overall_results.json
starVLA,libero,ervla_w2_pi_encoder_actiononly_pifix_latent32,libero_object,99,100,0.99000000,/e/project1/m3/blank4/code/starVLA/playground/Checkpoints/ervla_w2_pi_encoder_actiononly_pifix_latent32/results/libero/overall_results.json
starVLA,libero,ervla_w2_pi_encoder_actiononly_pifix_latent32,libero_spatial,98,100,0.98000000,/e/project1/m3/blank4/code/starVLA/playground/Checkpoints/ervla_w2_pi_encoder_actiononly_pifix_latent32/results/libero/overall_results.json
starVLA,libero,ervla_w2_pi_encoder_actiononly_pifix_nolatent,libero_10,94,100,0.94000000,/e/project1/m3/blank4/code/starVLA/playground/Checkpoints/ervla_w2_pi_encoder_actiononly_pifix_nolatent/results/libero/overall_results.json
starVLA,libero,ervla_w2_pi_encoder_actiononly_pifix_nolatent,libero_goal,98,100,0.98000000,/e/project1/m3/blank4/code/starVLA/playground/Checkpoints/ervla_w2_pi_encoder_actiononly_pifix_nolatent/results/libero/overall_results.json
starVLA,libero,ervla_w2_pi_encoder_actiononly_pifix_nolatent,libero_object,98,100,0.98000000,/e/project1/m3/blank4/code/starVLA/playground/Checkpoints/ervla_w2_pi_encoder_actiononly_pifix_nolatent/results/libero/overall_results.json
starVLA,libero,ervla_w2_pi_encoder_actiononly_pifix_nolatent,libero_spatial,94,100,0.94000000,/e/project1/m3/blank4/code/starVLA/playground/Checkpoints/ervla_w2_pi_encoder_actiononly_pifix_nolatent/results/libero/overall_results.json
starVLA,libero,ervla_w_pi_encoder_actiononly,libero_10,94,100,0.94000000,/e/project1/m3/blank4/code/starVLA/playground/Checkpoints/ervla_w_pi_encoder_actiononly/results/libero/overall_results.json
starVLA,libero,ervla_w_pi_encoder_actiononly,libero_goal,99,100,0.99000000,/e/project1/m3/blank4/code/starVLA/playground/Checkpoints/ervla_w_pi_encoder_actiononly/results/libero/overall_results.json
starVLA,libero,ervla_w_pi_encoder_actiononly,libero_object,100,100,1.00000000,/e/project1/m3/blank4/code/starVLA/playground/Checkpoints/ervla_w_pi_encoder_actiononly/results/libero/overall_results.json
starVLA,libero,ervla_w_pi_encoder_actiononly,libero_spatial,98,100,0.98000000,/e/project1/m3/blank4/code/starVLA/playground/Checkpoints/ervla_w_pi_encoder_actiononly/results/libero/overall_results.json
starVLA,libero,ervla_x_pi_encoder_actiononly_freeze8,libero_10,97,100,0.97000000,/e/project1/m3/blank4/code/starVLA/playground/Checkpoints/ervla_x_pi_encoder_actiononly_freeze8/results/libero/overall_results.json
starVLA,libero,ervla_x_pi_encoder_actiononly_freeze8,libero_goal,99,100,0.99000000,/e/project1/m3/blank4/code/starVLA/playground/Checkpoints/ervla_x_pi_encoder_actiononly_freeze8/results/libero/overall_results.json
starVLA,libero,ervla_x_pi_encoder_actiononly_freeze8,libero_object,100,100,1.00000000,/e/project1/m3/blank4/code/starVLA/playground/Checkpoints/ervla_x_pi_encoder_actiononly_freeze8/results/libero/overall_results.json
starVLA,libero,ervla_x_pi_encoder_actiononly_freeze8,libero_spatial,99,100,0.99000000,/e/project1/m3/blank4/code/starVLA/playground/Checkpoints/ervla_x_pi_encoder_actiononly_freeze8/results/libero/overall_results.json
starVLA,libero,ervla_y2_pi_k_structaux15_cot,libero_10,92,100,0.92000000,/e/project1/m3/blank4/code/starVLA/playground/Checkpoints/ervla_y2_pi_k_structaux15_cot/results/libero/overall_results.json
starVLA,libero,ervla_y2_pi_k_structaux15_cot,libero_goal,100,100,1.00000000,/e/project1/m3/blank4/code/starVLA/playground/Checkpoints/ervla_y2_pi_k_structaux15_cot/results/libero/overall_results.json
starVLA,libero,ervla_y2_pi_k_structaux15_cot,libero_object,100,100,1.00000000,/e/project1/m3/blank4/code/starVLA/playground/Checkpoints/ervla_y2_pi_k_structaux15_cot/results/libero/overall_results.json
starVLA,libero,ervla_y2_pi_k_structaux15_cot,libero_spatial,98,100,0.98000000,/e/project1/m3/blank4/code/starVLA/playground/Checkpoints/ervla_y2_pi_k_structaux15_cot/results/libero/overall_results.json
starVLA,libero,ervla_z1_pi_w32_anchor,libero_10,91,100,0.91000000,/e/project1/m3/blank4/code/starVLA/playground/Checkpoints/ervla_z1_pi_w32_anchor/results/libero/overall_results.json
starVLA,libero,ervla_z1_pi_w32_anchor,libero_goal,97,100,0.97000000,/e/project1/m3/blank4/code/starVLA/playground/Checkpoints/ervla_z1_pi_w32_anchor/results/libero/overall_results.json
starVLA,libero,ervla_z1_pi_w32_anchor,libero_object,98,100,0.98000000,/e/project1/m3/blank4/code/starVLA/playground/Checkpoints/ervla_z1_pi_w32_anchor/results/libero/overall_results.json
starVLA,libero,ervla_z1_pi_w32_anchor,libero_spatial,98,100,0.98000000,/e/project1/m3/blank4/code/starVLA/playground/Checkpoints/ervla_z1_pi_w32_anchor/results/libero/overall_results.json
starVLA,libero,ervla_z2_pi_w32_tied_dynamics,libero_10,94,100,0.94000000,/e/project1/m3/blank4/code/starVLA/playground/Checkpoints/ervla_z2_pi_w32_tied_dynamics/results/libero/overall_results.json
starVLA,libero,ervla_z2_pi_w32_tied_dynamics,libero_goal,97,100,0.97000000,/e/project1/m3/blank4/code/starVLA/playground/Checkpoints/ervla_z2_pi_w32_tied_dynamics/results/libero/overall_results.json
starVLA,libero,ervla_z2_pi_w32_tied_dynamics,libero_object,100,100,1.00000000,/e/project1/m3/blank4/code/starVLA/playground/Checkpoints/ervla_z2_pi_w32_tied_dynamics/results/libero/overall_results.json
starVLA,libero,ervla_z2_pi_w32_tied_dynamics,libero_spatial,98,100,0.98000000,/e/project1/m3/blank4/code/starVLA/playground/Checkpoints/ervla_z2_pi_w32_tied_dynamics/results/libero/overall_results.json
starVLA,libero,ervla_zbase_pi_sharedz_control,libero_10,90,100,0.90000000,/e/project1/m3/blank4/code/starVLA/playground/Checkpoints/ervla_zbase_pi_sharedz_control/results/libero/overall_results.json
starVLA,libero,ervla_zbase_pi_sharedz_control,libero_goal,100,100,1.00000000,/e/project1/m3/blank4/code/starVLA/playground/Checkpoints/ervla_zbase_pi_sharedz_control/results/libero/overall_results.json
starVLA,libero,ervla_zbase_pi_sharedz_control,libero_object,99,100,0.99000000,/e/project1/m3/blank4/code/starVLA/playground/Checkpoints/ervla_zbase_pi_sharedz_control/results/libero/overall_results.json
starVLA,libero,ervla_zbase_pi_sharedz_control,libero_spatial,94,100,0.94000000,/e/project1/m3/blank4/code/starVLA/playground/Checkpoints/ervla_zbase_pi_sharedz_control/results/libero/overall_results.json
starVLA,libero,ervla_znodrop_pi_sharedz_ground_temporal,libero_10,92,100,0.92000000,/e/project1/m3/blank4/code/starVLA/playground/Checkpoints/ervla_znodrop_pi_sharedz_ground_temporal/results/libero/overall_results.json
starVLA,libero,ervla_znodrop_pi_sharedz_ground_temporal,libero_goal,97,100,0.97000000,/e/project1/m3/blank4/code/starVLA/playground/Checkpoints/ervla_znodrop_pi_sharedz_ground_temporal/results/libero/overall_results.json
starVLA,libero,ervla_znodrop_pi_sharedz_ground_temporal,libero_object,99,100,0.99000000,/e/project1/m3/blank4/code/starVLA/playground/Checkpoints/ervla_znodrop_pi_sharedz_ground_temporal/results/libero/overall_results.json
starVLA,libero,ervla_znodrop_pi_sharedz_ground_temporal,libero_spatial,98,100,0.98000000,/e/project1/m3/blank4/code/starVLA/playground/Checkpoints/ervla_znodrop_pi_sharedz_ground_temporal/results/libero/overall_results.json
starVLA,libero,ervla_zonly_pi_sharedz_ground_temporal,libero_10,93,100,0.93000000,/e/project1/m3/blank4/code/starVLA/playground/Checkpoints/ervla_zonly_pi_sharedz_ground_temporal/results/libero/overall_results.json
starVLA,libero,ervla_zonly_pi_sharedz_ground_temporal,libero_goal,98,100,0.98000000,/e/project1/m3/blank4/code/starVLA/playground/Checkpoints/ervla_zonly_pi_sharedz_ground_temporal/results/libero/overall_results.json
starVLA,libero,ervla_zonly_pi_sharedz_ground_temporal,libero_object,100,100,1.00000000,/e/project1/m3/blank4/code/starVLA/playground/Checkpoints/ervla_zonly_pi_sharedz_ground_temporal/results/libero/overall_results.json
starVLA,libero,ervla_zonly_pi_sharedz_ground_temporal,libero_spatial,95,100,0.95000000,/e/project1/m3/blank4/code/starVLA/playground/Checkpoints/ervla_zonly_pi_sharedz_ground_temporal/results/libero/overall_results.json
starVLA,libero,ervla_zshuf_pi_sharedz_ground_temporal,libero_10,93,100,0.93000000,/e/project1/m3/blank4/code/starVLA/playground/Checkpoints/ervla_zshuf_pi_sharedz_ground_temporal/results/libero/overall_results.json
starVLA,libero,ervla_zshuf_pi_sharedz_ground_temporal,libero_goal,98,100,0.98000000,/e/project1/m3/blank4/code/starVLA/playground/Checkpoints/ervla_zshuf_pi_sharedz_ground_temporal/results/libero/overall_results.json
starVLA,libero,ervla_zshuf_pi_sharedz_ground_temporal,libero_object,100,100,1.00000000,/e/project1/m3/blank4/code/starVLA/playground/Checkpoints/ervla_zshuf_pi_sharedz_ground_temporal/results/libero/overall_results.json
starVLA,libero,ervla_zshuf_pi_sharedz_ground_temporal,libero_spatial,97,100,0.97000000,/e/project1/m3/blank4/code/starVLA/playground/Checkpoints/ervla_zshuf_pi_sharedz_ground_temporal/results/libero/overall_results.json
starVLA,libero,ervla_zsup_pi_sharedz_ground_temporal,libero_10,95,100,0.95000000,/e/project1/m3/blank4/code/starVLA/playground/Checkpoints/ervla_zsup_pi_sharedz_ground_temporal/results/libero/overall_results.json
starVLA,libero,ervla_zsup_pi_sharedz_ground_temporal,libero_goal,97,100,0.97000000,/e/project1/m3/blank4/code/starVLA/playground/Checkpoints/ervla_zsup_pi_sharedz_ground_temporal/results/libero/overall_results.json
starVLA,libero,ervla_zsup_pi_sharedz_ground_temporal,libero_object,100,100,1.00000000,/e/project1/m3/blank4/code/starVLA/playground/Checkpoints/ervla_zsup_pi_sharedz_ground_temporal/results/libero/overall_results.json
starVLA,libero,ervla_zsup_pi_sharedz_ground_temporal,libero_spatial,97,100,0.97000000,/e/project1/m3/blank4/code/starVLA/playground/Checkpoints/ervla_zsup_pi_sharedz_ground_temporal/results/libero/overall_results.json
starVLA,libero,ervla_zsupdec_pi_sharedz_ground_temporal,libero_10,98,100,0.98000000,/e/project1/m3/blank4/code/starVLA/playground/Checkpoints/ervla_zsupdec_pi_sharedz_ground_temporal/results/libero/overall_results.json
starVLA,libero,ervla_zsupdec_pi_sharedz_ground_temporal,libero_goal,99,100,0.99000000,/e/project1/m3/blank4/code/starVLA/playground/Checkpoints/ervla_zsupdec_pi_sharedz_ground_temporal/results/libero/overall_results.json
starVLA,libero,ervla_zsupdec_pi_sharedz_ground_temporal,libero_object,100,100,1.00000000,/e/project1/m3/blank4/code/starVLA/playground/Checkpoints/ervla_zsupdec_pi_sharedz_ground_temporal/results/libero/overall_results.json
starVLA,libero,ervla_zsupdec_pi_sharedz_ground_temporal,libero_spatial,98,100,0.98000000,/e/project1/m3/blank4/code/starVLA/playground/Checkpoints/ervla_zsupdec_pi_sharedz_ground_temporal/results/libero/overall_results.json
starVLA,libero,ervla_zunsup_pi_sharedz_dist,libero_10,94,100,0.94000000,/e/project1/m3/blank4/code/starVLA/playground/Checkpoints/ervla_zunsup_pi_sharedz_dist/results/libero/overall_results.json
starVLA,libero,ervla_zunsup_pi_sharedz_dist,libero_goal,98,100,0.98000000,/e/project1/m3/blank4/code/starVLA/playground/Checkpoints/ervla_zunsup_pi_sharedz_dist/results/libero/overall_results.json
starVLA,libero,ervla_zunsup_pi_sharedz_dist,libero_object,100,100,1.00000000,/e/project1/m3/blank4/code/starVLA/playground/Checkpoints/ervla_zunsup_pi_sharedz_dist/results/libero/overall_results.json
starVLA,libero,ervla_zunsup_pi_sharedz_dist,libero_spatial,96,100,0.96000000,/e/project1/m3/blank4/code/starVLA/playground/Checkpoints/ervla_zunsup_pi_sharedz_dist/results/libero/overall_results.json
starVLA,libero,libero_encdec_arm_base,libero_10,5,100,0.05000000,/e/project1/m3/blank4/code/starVLA/playground/Checkpoints/libero_encdec_arm_base/results/libero/overall_results.json
starVLA,libero,libero_encdec_arm_base,libero_goal,38,100,0.38000000,/e/project1/m3/blank4/code/starVLA/playground/Checkpoints/libero_encdec_arm_base/results/libero/overall_results.json
starVLA,libero,libero_encdec_arm_base,libero_object,36,100,0.36000000,/e/project1/m3/blank4/code/starVLA/playground/Checkpoints/libero_encdec_arm_base/results/libero/overall_results.json
starVLA,libero,libero_encdec_arm_base,libero_spatial,36,150,0.24000000,/e/project1/m3/blank4/code/starVLA/playground/Checkpoints/libero_encdec_arm_base/results/libero/overall_results.json
starVLA,libero,libero_encdec_arm_blind,libero_10,0,100,0.00000000,/e/project1/m3/blank4/code/starVLA/playground/Checkpoints/libero_encdec_arm_blind/results/libero/overall_results.json
starVLA,libero,libero_encdec_arm_blind,libero_goal,0,100,0.00000000,/e/project1/m3/blank4/code/starVLA/playground/Checkpoints/libero_encdec_arm_blind/results/libero/overall_results.json
starVLA,libero,libero_encdec_arm_blind,libero_object,0,100,0.00000000,/e/project1/m3/blank4/code/starVLA/playground/Checkpoints/libero_encdec_arm_blind/results/libero/overall_results.json
starVLA,libero,libero_encdec_arm_blind,libero_spatial,0,100,0.00000000,/e/project1/m3/blank4/code/starVLA/playground/Checkpoints/libero_encdec_arm_blind/results/libero/overall_results.json
starVLA,libero,libero_encdec_arm_causal_maskft_all4,libero_10,1,100,0.01000000,/e/project1/m3/blank4/code/starVLA/playground/Checkpoints/libero_encdec_arm_causal_maskft_all4/results/libero/overall_results.json
starVLA,libero,libero_encdec_arm_causal_maskft_all4,libero_goal,35,100,0.35000000,/e/project1/m3/blank4/code/starVLA/playground/Checkpoints/libero_encdec_arm_causal_maskft_all4/results/libero/overall_results.json
starVLA,libero,libero_encdec_arm_causal_maskft_all4,libero_object,40,100,0.40000000,/e/project1/m3/blank4/code/starVLA/playground/Checkpoints/libero_encdec_arm_causal_maskft_all4/results/libero/overall_results.json
starVLA,libero,libero_encdec_arm_causal_maskft_all4,libero_spatial,14,100,0.14000000,/e/project1/m3/blank4/code/starVLA/playground/Checkpoints/libero_encdec_arm_causal_maskft_all4/results/libero/overall_results.json
starVLA,libero,libero_encdec_arm_encdec,libero_10,4,100,0.04000000,/e/project1/m3/blank4/code/starVLA/playground/Checkpoints/libero_encdec_arm_encdec/results/libero/overall_results.json
starVLA,libero,libero_encdec_arm_encdec,libero_goal,30,100,0.30000000,/e/project1/m3/blank4/code/starVLA/playground/Checkpoints/libero_encdec_arm_encdec/results/libero/overall_results.json
starVLA,libero,libero_encdec_arm_encdec,libero_object,35,100,0.35000000,/e/project1/m3/blank4/code/starVLA/playground/Checkpoints/libero_encdec_arm_encdec/results/libero/overall_results.json
starVLA,libero,libero_encdec_arm_encdec,libero_spatial,16,100,0.16000000,/e/project1/m3/blank4/code/starVLA/playground/Checkpoints/libero_encdec_arm_encdec/results/libero/overall_results.json
starVLA,libero,libero_encdec_arm_futuremask_all4,libero_10,3,100,0.03000000,/e/project1/m3/blank4/code/starVLA/playground/Checkpoints/libero_encdec_arm_futuremask_all4/results/libero/overall_results.json
starVLA,libero,libero_encdec_arm_futuremask_all4,libero_goal,45,100,0.45000000,/e/project1/m3/blank4/code/starVLA/playground/Checkpoints/libero_encdec_arm_futuremask_all4/results/libero/overall_results.json
starVLA,libero,libero_encdec_arm_futuremask_all4,libero_object,52,100,0.52000000,/e/project1/m3/blank4/code/starVLA/playground/Checkpoints/libero_encdec_arm_futuremask_all4/results/libero/overall_results.json
starVLA,libero,libero_encdec_arm_futuremask_all4,libero_spatial,21,100,0.21000000,/e/project1/m3/blank4/code/starVLA/playground/Checkpoints/libero_encdec_arm_futuremask_all4/results/libero/overall_results.json
starVLA,libero,libero_encdec_arm_maskft,libero_10,4,100,0.04000000,/e/project1/m3/blank4/code/starVLA/playground/Checkpoints/libero_encdec_arm_maskft/results/libero/overall_results.json
starVLA,libero,libero_encdec_arm_maskft,libero_goal,49,100,0.49000000,/e/project1/m3/blank4/code/starVLA/playground/Checkpoints/libero_encdec_arm_maskft/results/libero/overall_results.json
starVLA,libero,libero_encdec_arm_maskft,libero_object,51,100,0.51000000,/e/project1/m3/blank4/code/starVLA/playground/Checkpoints/libero_encdec_arm_maskft/results/libero/overall_results.json
starVLA,libero,libero_encdec_arm_maskft,libero_spatial,43,100,0.43000000,/e/project1/m3/blank4/code/starVLA/playground/Checkpoints/libero_encdec_arm_maskft/results/libero/overall_results.json
starVLA,libero,libero_encdec_arm_maskft_all4,libero_10,0,100,0.00000000,/e/project1/m3/blank4/code/starVLA/playground/Checkpoints/libero_encdec_arm_maskft_all4/results/libero/overall_results.json
starVLA,libero,libero_encdec_arm_maskft_all4,libero_goal,36,100,0.36000000,/e/project1/m3/blank4/code/starVLA/playground/Checkpoints/libero_encdec_arm_maskft_all4/results/libero/overall_results.json
starVLA,libero,libero_encdec_arm_maskft_all4,libero_object,44,100,0.44000000,/e/project1/m3/blank4/code/starVLA/playground/Checkpoints/libero_encdec_arm_maskft_all4/results/libero/overall_results.json
starVLA,libero,libero_encdec_arm_maskft_all4,libero_spatial,29,100,0.29000000,/e/project1/m3/blank4/code/starVLA/playground/Checkpoints/libero_encdec_arm_maskft_all4/results/libero/overall_results.json
starVLA,libero,libero_encdec_arm_maskft_all4_matched,libero_10,0,100,0.00000000,/e/project1/m3/blank4/code/starVLA/playground/Checkpoints/libero_encdec_arm_maskft_all4_matched/results/libero/overall_results.json
starVLA,libero,libero_encdec_arm_maskft_all4_matched,libero_goal,37,100,0.37000000,/e/project1/m3/blank4/code/starVLA/playground/Checkpoints/libero_encdec_arm_maskft_all4_matched/results/libero/overall_results.json
starVLA,libero,libero_encdec_arm_maskft_all4_matched,libero_object,31,100,0.31000000,/e/project1/m3/blank4/code/starVLA/playground/Checkpoints/libero_encdec_arm_maskft_all4_matched/results/libero/overall_results.json
starVLA,libero,libero_encdec_arm_maskft_all4_matched,libero_spatial,26,100,0.26000000,/e/project1/m3/blank4/code/starVLA/playground/Checkpoints/libero_encdec_arm_maskft_all4_matched/results/libero/overall_results.json
starVLA,libero,libero_encdec_arm_maskft_noswap,libero_10,0,100,0.00000000,/e/project1/m3/blank4/code/starVLA/playground/Checkpoints/libero_encdec_arm_maskft_noswap/results/libero/overall_results.json
starVLA,libero,libero_encdec_arm_maskft_noswap,libero_goal,46,100,0.46000000,/e/project1/m3/blank4/code/starVLA/playground/Checkpoints/libero_encdec_arm_maskft_noswap/results/libero/overall_results.json
starVLA,libero,libero_encdec_arm_maskft_noswap,libero_object,54,100,0.54000000,/e/project1/m3/blank4/code/starVLA/playground/Checkpoints/libero_encdec_arm_maskft_noswap/results/libero/overall_results.json
starVLA,libero,libero_encdec_arm_maskft_noswap,libero_spatial,35,100,0.35000000,/e/project1/m3/blank4/code/starVLA/playground/Checkpoints/libero_encdec_arm_maskft_noswap/results/libero/overall_results.json
starVLA,libero,libero_encdec_arm_maskft_spatial7k,libero_10,0,72,0.00000000,/e/project1/m3/blank4/code/starVLA/playground/Checkpoints/libero_encdec_arm_maskft_spatial7k/results/libero/overall_results.json
starVLA,libero,libero_encdec_arm_maskft_spatial7k,libero_goal,28,72,0.38888889,/e/project1/m3/blank4/code/starVLA/playground/Checkpoints/libero_encdec_arm_maskft_spatial7k/results/libero/overall_results.json
starVLA,libero,libero_encdec_arm_maskft_spatial7k,libero_object,42,72,0.58333333,/e/project1/m3/blank4/code/starVLA/playground/Checkpoints/libero_encdec_arm_maskft_spatial7k/results/libero/overall_results.json
starVLA,libero,libero_encdec_arm_maskft_spatial7k,libero_spatial,26,72,0.36111111,/e/project1/m3/blank4/code/starVLA/playground/Checkpoints/libero_encdec_arm_maskft_spatial7k/results/libero/overall_results.json
starVLA,libero,libero_encdec_arm_object10,libero_10,0,100,0.00000000,/e/project1/m3/blank4/code/starVLA/playground/Checkpoints/libero_encdec_arm_object10/results/libero/overall_results.json
starVLA,libero,libero_encdec_arm_object10,libero_goal,12,100,0.12000000,/e/project1/m3/blank4/code/starVLA/playground/Checkpoints/libero_encdec_arm_object10/results/libero/overall_results.json
starVLA,libero,libero_encdec_arm_object10,libero_object,8,100,0.08000000,/e/project1/m3/blank4/code/starVLA/playground/Checkpoints/libero_encdec_arm_object10/results/libero/overall_results.json
starVLA,libero,libero_encdec_arm_object10,libero_spatial,4,100,0.04000000,/e/project1/m3/blank4/code/starVLA/playground/Checkpoints/libero_encdec_arm_object10/results/libero/overall_results.json
starVLA,libero,libero_gr00t_arm_base,libero_10,57,100,0.57000000,/e/project1/m3/blank4/code/starVLA/playground/Checkpoints/libero_gr00t_arm_base/results/libero/overall_results.json
starVLA,libero,libero_gr00t_arm_base,libero_goal,79,100,0.79000000,/e/project1/m3/blank4/code/starVLA/playground/Checkpoints/libero_gr00t_arm_base/results/libero/overall_results.json
starVLA,libero,libero_gr00t_arm_base,libero_object,97,100,0.97000000,/e/project1/m3/blank4/code/starVLA/playground/Checkpoints/libero_gr00t_arm_base/results/libero/overall_results.json
starVLA,libero,libero_gr00t_arm_base,libero_spatial,84,100,0.84000000,/e/project1/m3/blank4/code/starVLA/playground/Checkpoints/libero_gr00t_arm_base/results/libero/overall_results.json
starVLA,libero,libero_gr00t_arm_base_s1,libero_10,55,100,0.55000000,/e/project1/m3/blank4/code/starVLA/playground/Checkpoints/libero_gr00t_arm_base_s1/results/libero/overall_results.json
starVLA,libero,libero_gr00t_arm_base_s1,libero_goal,84,100,0.84000000,/e/project1/m3/blank4/code/starVLA/playground/Checkpoints/libero_gr00t_arm_base_s1/results/libero/overall_results.json
starVLA,libero,libero_gr00t_arm_base_s1,libero_object,92,100,0.92000000,/e/project1/m3/blank4/code/starVLA/playground/Checkpoints/libero_gr00t_arm_base_s1/results/libero/overall_results.json
starVLA,libero,libero_gr00t_arm_base_s1,libero_spatial,89,100,0.89000000,/e/project1/m3/blank4/code/starVLA/playground/Checkpoints/libero_gr00t_arm_base_s1/results/libero/overall_results.json
starVLA,libero,libero_gr00t_arm_base_s2,libero_10,57,100,0.57000000,/e/project1/m3/blank4/code/starVLA/playground/Checkpoints/libero_gr00t_arm_base_s2/results/libero/overall_results.json
starVLA,libero,libero_gr00t_arm_base_s2,libero_goal,77,100,0.77000000,/e/project1/m3/blank4/code/starVLA/playground/Checkpoints/libero_gr00t_arm_base_s2/results/libero/overall_results.json
starVLA,libero,libero_gr00t_arm_base_s2,libero_object,85,100,0.85000000,/e/project1/m3/blank4/code/starVLA/playground/Checkpoints/libero_gr00t_arm_base_s2/results/libero/overall_results.json
starVLA,libero,libero_gr00t_arm_base_s2,libero_spatial,84,100,0.84000000,/e/project1/m3/blank4/code/starVLA/playground/Checkpoints/libero_gr00t_arm_base_s2/results/libero/overall_results.json
starVLA,libero,libero_gr00t_arm_bothcam,libero_10,79,100,0.79000000,/e/project1/m3/blank4/code/starVLA/playground/Checkpoints/libero_gr00t_arm_bothcam/results/libero/overall_results.json
starVLA,libero,libero_gr00t_arm_bothcam,libero_goal,90,100,0.90000000,/e/project1/m3/blank4/code/starVLA/playground/Checkpoints/libero_gr00t_arm_bothcam/results/libero/overall_results.json
starVLA,libero,libero_gr00t_arm_bothcam,libero_object,100,100,1.00000000,/e/project1/m3/blank4/code/starVLA/playground/Checkpoints/libero_gr00t_arm_bothcam/results/libero/overall_results.json
starVLA,libero,libero_gr00t_arm_bothcam,libero_spatial,91,100,0.91000000,/e/project1/m3/blank4/code/starVLA/playground/Checkpoints/libero_gr00t_arm_bothcam/results/libero/overall_results.json
starVLA,libero,libero_gr00t_arm_causal_maskft,libero_10,41,100,0.41000000,/e/project1/m3/blank4/code/starVLA/playground/Checkpoints/libero_gr00t_arm_causal_maskft/results/libero/overall_results.json
starVLA,libero,libero_gr00t_arm_causal_maskft,libero_goal,77,100,0.77000000,/e/project1/m3/blank4/code/starVLA/playground/Checkpoints/libero_gr00t_arm_causal_maskft/results/libero/overall_results.json
starVLA,libero,libero_gr00t_arm_causal_maskft,libero_object,91,100,0.91000000,/e/project1/m3/blank4/code/starVLA/playground/Checkpoints/libero_gr00t_arm_causal_maskft/results/libero/overall_results.json
starVLA,libero,libero_gr00t_arm_causal_maskft,libero_spatial,72,100,0.72000000,/e/project1/m3/blank4/code/starVLA/playground/Checkpoints/libero_gr00t_arm_causal_maskft/results/libero/overall_results.json
starVLA,libero,libero_gr00t_arm_crand,libero_10,81,100,0.81000000,/e/project1/m3/blank4/code/starVLA/playground/Checkpoints/libero_gr00t_arm_crand/results/libero/overall_results.json
starVLA,libero,libero_gr00t_arm_crand,libero_goal,90,100,0.90000000,/e/project1/m3/blank4/code/starVLA/playground/Checkpoints/libero_gr00t_arm_crand/results/libero/overall_results.json
starVLA,libero,libero_gr00t_arm_crand,libero_object,96,100,0.96000000,/e/project1/m3/blank4/code/starVLA/playground/Checkpoints/libero_gr00t_arm_crand/results/libero/overall_results.json
starVLA,libero,libero_gr00t_arm_crand,libero_spatial,92,100,0.92000000,/e/project1/m3/blank4/code/starVLA/playground/Checkpoints/libero_gr00t_arm_crand/results/libero/overall_results.json
starVLA,libero,libero_gr00t_arm_crand_bare,libero_10,52,72,0.72222222,/e/project1/m3/blank4/code/starVLA/playground/Checkpoints/libero_gr00t_arm_crand_bare/results/libero/overall_results.json
starVLA,libero,libero_gr00t_arm_crand_bare,libero_goal,60,72,0.83333333,/e/project1/m3/blank4/code/starVLA/playground/Checkpoints/libero_gr00t_arm_crand_bare/results/libero/overall_results.json
starVLA,libero,libero_gr00t_arm_crand_bare,libero_object,71,72,0.98611111,/e/project1/m3/blank4/code/starVLA/playground/Checkpoints/libero_gr00t_arm_crand_bare/results/libero/overall_results.json
starVLA,libero,libero_gr00t_arm_crand_bare,libero_spatial,68,72,0.94444444,/e/project1/m3/blank4/code/starVLA/playground/Checkpoints/libero_gr00t_arm_crand_bare/results/libero/overall_results.json
starVLA,libero,libero_gr00t_arm_creal,libero_10,78,100,0.78000000,/e/project1/m3/blank4/code/starVLA/playground/Checkpoints/libero_gr00t_arm_creal/results/libero/overall_results.json
starVLA,libero,libero_gr00t_arm_creal,libero_goal,85,100,0.85000000,/e/project1/m3/blank4/code/starVLA/playground/Checkpoints/libero_gr00t_arm_creal/results/libero/overall_results.json
starVLA,libero,libero_gr00t_arm_creal,libero_object,96,100,0.96000000,/e/project1/m3/blank4/code/starVLA/playground/Checkpoints/libero_gr00t_arm_creal/results/libero/overall_results.json
starVLA,libero,libero_gr00t_arm_creal,libero_spatial,92,100,0.92000000,/e/project1/m3/blank4/code/starVLA/playground/Checkpoints/libero_gr00t_arm_creal/results/libero/overall_results.json
starVLA,libero,libero_gr00t_arm_creal_bare,libero_10,75,100,0.75000000,/e/project1/m3/blank4/code/starVLA/playground/Checkpoints/libero_gr00t_arm_creal_bare/results/libero/overall_results.json
starVLA,libero,libero_gr00t_arm_creal_bare,libero_goal,90,100,0.90000000,/e/project1/m3/blank4/code/starVLA/playground/Checkpoints/libero_gr00t_arm_creal_bare/results/libero/overall_results.json
starVLA,libero,libero_gr00t_arm_creal_bare,libero_object,98,100,0.98000000,/e/project1/m3/blank4/code/starVLA/playground/Checkpoints/libero_gr00t_arm_creal_bare/results/libero/overall_results.json
starVLA,libero,libero_gr00t_arm_creal_bare,libero_spatial,84,100,0.84000000,/e/project1/m3/blank4/code/starVLA/playground/Checkpoints/libero_gr00t_arm_creal_bare/results/libero/overall_results.json
starVLA,libero,libero_gr00t_arm_maskft,libero_10,82,100,0.82000000,/e/project1/m3/blank4/code/starVLA/playground/Checkpoints/libero_gr00t_arm_maskft/results/libero/overall_results.json
starVLA,libero,libero_gr00t_arm_maskft,libero_goal,88,100,0.88000000,/e/project1/m3/blank4/code/starVLA/playground/Checkpoints/libero_gr00t_arm_maskft/results/libero/overall_results.json
starVLA,libero,libero_gr00t_arm_maskft,libero_object,98,100,0.98000000,/e/project1/m3/blank4/code/starVLA/playground/Checkpoints/libero_gr00t_arm_maskft/results/libero/overall_results.json
starVLA,libero,libero_gr00t_arm_maskft,libero_spatial,96,100,0.96000000,/e/project1/m3/blank4/code/starVLA/playground/Checkpoints/libero_gr00t_arm_maskft/results/libero/overall_results.json
starVLA,libero,libero_gr00t_arm_maskft_all4,libero_10,81,100,0.81000000,/e/project1/m3/blank4/code/starVLA/playground/Checkpoints/libero_gr00t_arm_maskft_all4/results/libero/overall_results.json
starVLA,libero,libero_gr00t_arm_maskft_all4,libero_goal,86,100,0.86000000,/e/project1/m3/blank4/code/starVLA/playground/Checkpoints/libero_gr00t_arm_maskft_all4/results/libero/overall_results.json
starVLA,libero,libero_gr00t_arm_maskft_all4,libero_object,100,100,1.00000000,/e/project1/m3/blank4/code/starVLA/playground/Checkpoints/libero_gr00t_arm_maskft_all4/results/libero/overall_results.json
starVLA,libero,libero_gr00t_arm_maskft_all4,libero_spatial,90,100,0.90000000,/e/project1/m3/blank4/code/starVLA/playground/Checkpoints/libero_gr00t_arm_maskft_all4/results/libero/overall_results.json
starVLA,libero,libero_gr00t_arm_maskft_bare,libero_10,78,100,0.78000000,/e/project1/m3/blank4/code/starVLA/playground/Checkpoints/libero_gr00t_arm_maskft_bare/results/libero/overall_results.json
starVLA,libero,libero_gr00t_arm_maskft_bare,libero_goal,83,100,0.83000000,/e/project1/m3/blank4/code/starVLA/playground/Checkpoints/libero_gr00t_arm_maskft_bare/results/libero/overall_results.json
starVLA,libero,libero_gr00t_arm_maskft_bare,libero_object,97,100,0.97000000,/e/project1/m3/blank4/code/starVLA/playground/Checkpoints/libero_gr00t_arm_maskft_bare/results/libero/overall_results.json
starVLA,libero,libero_gr00t_arm_maskft_bare,libero_spatial,94,100,0.94000000,/e/project1/m3/blank4/code/starVLA/playground/Checkpoints/libero_gr00t_arm_maskft_bare/results/libero/overall_results.json
starVLA,libero,libero_gr00t_arm_maskft_ft,libero_10,90,100,0.90000000,/e/project1/m3/blank4/code/starVLA/playground/Checkpoints/libero_gr00t_arm_maskft_ft/results/libero/overall_results.json
starVLA,libero,libero_gr00t_arm_maskft_ft,libero_goal,97,100,0.97000000,/e/project1/m3/blank4/code/starVLA/playground/Checkpoints/libero_gr00t_arm_maskft_ft/results/libero/overall_results.json
starVLA,libero,libero_gr00t_arm_maskft_ft,libero_object,99,100,0.99000000,/e/project1/m3/blank4/code/starVLA/playground/Checkpoints/libero_gr00t_arm_maskft_ft/results/libero/overall_results.json
starVLA,libero,libero_gr00t_arm_maskft_ft,libero_spatial,99,100,0.99000000,/e/project1/m3/blank4/code/starVLA/playground/Checkpoints/libero_gr00t_arm_maskft_ft/results/libero/overall_results.json
starVLA,libero,libero_gr00t_arm_maskft_s1,libero_10,71,100,0.71000000,/e/project1/m3/blank4/code/starVLA/playground/Checkpoints/libero_gr00t_arm_maskft_s1/results/libero/overall_results.json
starVLA,libero,libero_gr00t_arm_maskft_s1,libero_goal,91,100,0.91000000,/e/project1/m3/blank4/code/starVLA/playground/Checkpoints/libero_gr00t_arm_maskft_s1/results/libero/overall_results.json
starVLA,libero,libero_gr00t_arm_maskft_s1,libero_object,98,100,0.98000000,/e/project1/m3/blank4/code/starVLA/playground/Checkpoints/libero_gr00t_arm_maskft_s1/results/libero/overall_results.json
starVLA,libero,libero_gr00t_arm_maskft_s1,libero_spatial,92,100,0.92000000,/e/project1/m3/blank4/code/starVLA/playground/Checkpoints/libero_gr00t_arm_maskft_s1/results/libero/overall_results.json
starVLA,libero,libero_gr00t_arm_maskft_s2,libero_10,80,100,0.80000000,/e/project1/m3/blank4/code/starVLA/playground/Checkpoints/libero_gr00t_arm_maskft_s2/results/libero/overall_results.json
starVLA,libero,libero_gr00t_arm_maskft_s2,libero_goal,90,100,0.90000000,/e/project1/m3/blank4/code/starVLA/playground/Checkpoints/libero_gr00t_arm_maskft_s2/results/libero/overall_results.json
starVLA,libero,libero_gr00t_arm_maskft_s2,libero_object,98,100,0.98000000,/e/project1/m3/blank4/code/starVLA/playground/Checkpoints/libero_gr00t_arm_maskft_s2/results/libero/overall_results.json
starVLA,libero,libero_gr00t_arm_maskft_s2,libero_spatial,94,100,0.94000000,/e/project1/m3/blank4/code/starVLA/playground/Checkpoints/libero_gr00t_arm_maskft_s2/results/libero/overall_results.json
starVLA,libero,libero_gr00t_arm_object10,libero_10,78,100,0.78000000,/e/project1/m3/blank4/code/starVLA/playground/Checkpoints/libero_gr00t_arm_object10/results/libero/overall_results.json
starVLA,libero,libero_gr00t_arm_object10,libero_goal,91,100,0.91000000,/e/project1/m3/blank4/code/starVLA/playground/Checkpoints/libero_gr00t_arm_object10/results/libero/overall_results.json
starVLA,libero,libero_gr00t_arm_object10,libero_object,97,100,0.97000000,/e/project1/m3/blank4/code/starVLA/playground/Checkpoints/libero_gr00t_arm_object10/results/libero/overall_results.json
starVLA,libero,libero_gr00t_arm_object10,libero_spatial,93,100,0.93000000,/e/project1/m3/blank4/code/starVLA/playground/Checkpoints/libero_gr00t_arm_object10/results/libero/overall_results.json
starVLA,libero,libero_gr00t_arm_plain,libero_10,55,72,0.76388889,/e/project1/m3/blank4/code/starVLA/playground/Checkpoints/libero_gr00t_arm_plain/results/libero/overall_results.json
starVLA,libero,libero_gr00t_arm_plain,libero_goal,68,72,0.94444444,/e/project1/m3/blank4/code/starVLA/playground/Checkpoints/libero_gr00t_arm_plain/results/libero/overall_results.json
starVLA,libero,libero_gr00t_arm_plain,libero_object,70,72,0.97222222,/e/project1/m3/blank4/code/starVLA/playground/Checkpoints/libero_gr00t_arm_plain/results/libero/overall_results.json
starVLA,libero,libero_gr00t_arm_plain,libero_spatial,63,72,0.87500000,/e/project1/m3/blank4/code/starVLA/playground/Checkpoints/libero_gr00t_arm_plain/results/libero/overall_results.json
starVLA,libero,libero_gr00t_arm_plain_bare,libero_10,80,100,0.80000000,/e/project1/m3/blank4/code/starVLA/playground/Checkpoints/libero_gr00t_arm_plain_bare/results/libero/overall_results.json
starVLA,libero,libero_gr00t_arm_plain_bare,libero_goal,91,100,0.91000000,/e/project1/m3/blank4/code/starVLA/playground/Checkpoints/libero_gr00t_arm_plain_bare/results/libero/overall_results.json
starVLA,libero,libero_gr00t_arm_plain_bare,libero_object,100,100,1.00000000,/e/project1/m3/blank4/code/starVLA/playground/Checkpoints/libero_gr00t_arm_plain_bare/results/libero/overall_results.json
starVLA,libero,libero_gr00t_arm_plain_bare,libero_spatial,92,100,0.92000000,/e/project1/m3/blank4/code/starVLA/playground/Checkpoints/libero_gr00t_arm_plain_bare/results/libero/overall_results.json
starVLA,libero,libero_gr00t_arm_plain_ft,libero_10,91,100,0.91000000,/e/project1/m3/blank4/code/starVLA/playground/Checkpoints/libero_gr00t_arm_plain_ft/results/libero/overall_results.json
starVLA,libero,libero_gr00t_arm_plain_ft,libero_goal,99,100,0.99000000,/e/project1/m3/blank4/code/starVLA/playground/Checkpoints/libero_gr00t_arm_plain_ft/results/libero/overall_results.json
starVLA,libero,libero_gr00t_arm_plain_ft,libero_object,100,100,1.00000000,/e/project1/m3/blank4/code/starVLA/playground/Checkpoints/libero_gr00t_arm_plain_ft/results/libero/overall_results.json
starVLA,libero,libero_gr00t_arm_plain_ft,libero_spatial,100,100,1.00000000,/e/project1/m3/blank4/code/starVLA/playground/Checkpoints/libero_gr00t_arm_plain_ft/results/libero/overall_results.json
starVLA,libero,libero_gr00t_arm_vitft,libero_10,81,100,0.81000000,/e/project1/m3/blank4/code/starVLA/playground/Checkpoints/libero_gr00t_arm_vitft/results/libero/overall_results.json
starVLA,libero,libero_gr00t_arm_vitft,libero_goal,89,100,0.89000000,/e/project1/m3/blank4/code/starVLA/playground/Checkpoints/libero_gr00t_arm_vitft/results/libero/overall_results.json
starVLA,libero,libero_gr00t_arm_vitft,libero_object,98,100,0.98000000,/e/project1/m3/blank4/code/starVLA/playground/Checkpoints/libero_gr00t_arm_vitft/results/libero/overall_results.json
starVLA,libero,libero_gr00t_arm_vitft,libero_spatial,94,100,0.94000000,/e/project1/m3/blank4/code/starVLA/playground/Checkpoints/libero_gr00t_arm_vitft/results/libero/overall_results.json
starVLA,libero,libero_pi_arm_maskft,libero_10,77,100,0.77000000,/e/project1/m3/blank4/code/starVLA/playground/Checkpoints/libero_pi_arm_maskft/results/libero/overall_results.json
starVLA,libero,libero_pi_arm_maskft,libero_goal,87,100,0.87000000,/e/project1/m3/blank4/code/starVLA/playground/Checkpoints/libero_pi_arm_maskft/results/libero/overall_results.json
starVLA,libero,libero_pi_arm_maskft,libero_object,98,100,0.98000000,/e/project1/m3/blank4/code/starVLA/playground/Checkpoints/libero_pi_arm_maskft/results/libero/overall_results.json
starVLA,libero,libero_pi_arm_maskft,libero_spatial,96,100,0.96000000,/e/project1/m3/blank4/code/starVLA/playground/Checkpoints/libero_pi_arm_maskft/results/libero/overall_results.json
starVLA,libero,libero_qwen08b_base,libero_10,189,200,0.94500000,/e/project1/m3/blank4/code/starVLA/playground/Checkpoints/libero_qwen08b_base/results/libero/overall_results.json
starVLA,libero,libero_qwen08b_base,libero_goal,199,200,0.99500000,/e/project1/m3/blank4/code/starVLA/playground/Checkpoints/libero_qwen08b_base/results/libero/overall_results.json
starVLA,libero,libero_qwen08b_base,libero_object,200,200,1.00000000,/e/project1/m3/blank4/code/starVLA/playground/Checkpoints/libero_qwen08b_base/results/libero/overall_results.json
starVLA,libero,libero_qwen08b_base,libero_spatial,196,200,0.98000000,/e/project1/m3/blank4/code/starVLA/playground/Checkpoints/libero_qwen08b_base/results/libero/overall_results.json
starVLA,libero,libero_qwen08b_base_16chunk,libero_10,178,200,0.89000000,/e/project1/m3/blank4/code/starVLA/playground/Checkpoints/libero_qwen08b_base_16chunk/results/libero/overall_results.json
starVLA,libero,libero_qwen08b_base_16chunk,libero_goal,198,200,0.99000000,/e/project1/m3/blank4/code/starVLA/playground/Checkpoints/libero_qwen08b_base_16chunk/results/libero/overall_results.json
starVLA,libero,libero_qwen08b_base_16chunk,libero_object,200,200,1.00000000,/e/project1/m3/blank4/code/starVLA/playground/Checkpoints/libero_qwen08b_base_16chunk/results/libero/overall_results.json
starVLA,libero,libero_qwen08b_base_16chunk,libero_spatial,191,202,0.94554455,/e/project1/m3/blank4/code/starVLA/playground/Checkpoints/libero_qwen08b_base_16chunk/results/libero/overall_results.json
starVLA,libero,libero_qwen08b_gr00t_cot_trace_ours,libero_10,142,170,0.83529412,/e/project1/m3/blank4/code/starVLA/playground/Checkpoints/libero_qwen08b_gr00t_cot_trace_ours/results/libero/overall_results.json
starVLA,libero,libero_qwen08b_gr00t_cot_trace_ours,libero_goal,156,170,0.91764706,/e/project1/m3/blank4/code/starVLA/playground/Checkpoints/libero_qwen08b_gr00t_cot_trace_ours/results/libero/overall_results.json
starVLA,libero,libero_qwen08b_gr00t_cot_trace_ours,libero_object,164,170,0.96470588,/e/project1/m3/blank4/code/starVLA/playground/Checkpoints/libero_qwen08b_gr00t_cot_trace_ours/results/libero/overall_results.json
starVLA,libero,libero_qwen08b_gr00t_cot_trace_ours,libero_spatial,152,170,0.89411765,/e/project1/m3/blank4/code/starVLA/playground/Checkpoints/libero_qwen08b_gr00t_cot_trace_ours/results/libero/overall_results.json
starVLA,libero,libero_qwen08b_oft_cot_trace_det,libero_10,176,200,0.88000000,/e/project1/m3/blank4/code/starVLA/playground/Checkpoints/libero_qwen08b_oft_cot_trace_det/results/libero/overall_results.json
starVLA,libero,libero_qwen08b_oft_cot_trace_det,libero_goal,193,200,0.96500000,/e/project1/m3/blank4/code/starVLA/playground/Checkpoints/libero_qwen08b_oft_cot_trace_det/results/libero/overall_results.json
starVLA,libero,libero_qwen08b_oft_cot_trace_det,libero_object,474,487,0.97330595,/e/project1/m3/blank4/code/starVLA/playground/Checkpoints/libero_qwen08b_oft_cot_trace_det/results/libero/overall_results.json
starVLA,libero,libero_qwen08b_oft_cot_trace_det,libero_spatial,740,882,0.83900227,/e/project1/m3/blank4/code/starVLA/playground/Checkpoints/libero_qwen08b_oft_cot_trace_det/results/libero/overall_results.json
starVLA,libero,libero_qwen08b_oft_cot_trace_ours,libero_object,181,200,0.90500000,/e/project1/m3/blank4/code/starVLA/playground/Checkpoints/libero_qwen08b_oft_cot_trace_ours/results/libero/overall_results.json
starVLA,libero,libero_qwen08b_oft_cot_trace_ours_ft,libero_10,157,200,0.78500000,/e/project1/m3/blank4/code/starVLA/playground/Checkpoints/libero_qwen08b_oft_cot_trace_ours_ft/results/libero/overall_results.json
starVLA,libero,libero_qwen08b_oft_cot_trace_ours_ft,libero_goal,180,200,0.90000000,/e/project1/m3/blank4/code/starVLA/playground/Checkpoints/libero_qwen08b_oft_cot_trace_ours_ft/results/libero/overall_results.json
starVLA,libero,libero_qwen08b_oft_cot_trace_ours_ft,libero_object,327,350,0.93428571,/e/project1/m3/blank4/code/starVLA/playground/Checkpoints/libero_qwen08b_oft_cot_trace_ours_ft/results/libero/overall_results.json
starVLA,libero,libero_qwen08b_oft_cot_trace_ours_ft,libero_spatial,326,351,0.92877493,/e/project1/m3/blank4/code/starVLA/playground/Checkpoints/libero_qwen08b_oft_cot_trace_ours_ft/results/libero/overall_results.json
starVLA,libero,libero_qwen08b_oldmix,libero_10,189,300,0.63000000,/e/project1/m3/blank4/code/starVLA/playground/Checkpoints/libero_qwen08b_oldmix/results/libero/overall_results.json
starVLA,libero,libero_qwen08b_warmup1k,libero_10,259,500,0.51800000,/e/project1/m3/blank4/code/starVLA/playground/Checkpoints/libero_qwen08b_warmup1k/results/libero/overall_results.json
starVLA,libero-maskfix,ervla_k_pi_cam3d_cot05,libero_10,31,100,0.31000000,/e/project1/m3/blank4/code/starVLA/playground/Checkpoints/ervla_k_pi_cam3d_cot05/results/libero-maskfix/overall_results.json
starVLA,libero-maskfix,ervla_k_pi_cam3d_cot05,libero_goal,26,100,0.26000000,/e/project1/m3/blank4/code/starVLA/playground/Checkpoints/ervla_k_pi_cam3d_cot05/results/libero-maskfix/overall_results.json
starVLA,libero-maskfix,ervla_k_pi_cam3d_cot05,libero_object,44,100,0.44000000,/e/project1/m3/blank4/code/starVLA/playground/Checkpoints/ervla_k_pi_cam3d_cot05/results/libero-maskfix/overall_results.json
starVLA,libero-maskfix,ervla_k_pi_cam3d_cot05,libero_spatial,41,100,0.41000000,/e/project1/m3/blank4/code/starVLA/playground/Checkpoints/ervla_k_pi_cam3d_cot05/results/libero-maskfix/overall_results.json
starVLA,libero-object-ood-source-target-4cm,libero_qwen08b_base_16chunk,libero_object,133,200,0.66500000,/e/project1/m3/blank4/code/starVLA/playground/Checkpoints/libero_qwen08b_base_16chunk/results/libero-object-ood-source-target-4cm/overall_results.json
starVLA,libero-object-ood-source-target-4cm,libero_qwen08b_oft_cot_trace_det,libero_object,110,200,0.55000000,/e/project1/m3/blank4/code/starVLA/playground/Checkpoints/libero_qwen08b_oft_cot_trace_det/results/libero-object-ood-source-target-4cm/overall_results.json
starVLA,libero-object-ood-source-target-4cm,libero_qwen08b_oft_cot_trace_ours_ft,libero_object,112,200,0.56000000,/e/project1/m3/blank4/code/starVLA/playground/Checkpoints/libero_qwen08b_oft_cot_trace_ours_ft/results/libero-object-ood-source-target-4cm/overall_results.json
starVLA,libero-plus,1229_libero4in1_qwen35oft,overall,0,0,nan,/e/project1/m3/blank4/code/starVLA/playground/Checkpoints/1229_libero4in1_qwen35oft/results/libero-plus/overall_results.json
starVLA,libero-plus,ablate_cotw1_corrupt,libero_10,163,256,0.63671875,/e/project1/m3/blank4/code/starVLA/playground/Checkpoints/ablate_cotw1_corrupt/results/libero-plus/overall_results.json
starVLA,libero-plus,ablate_cotw1_corrupt,libero_goal,192,287,0.66898955,/e/project1/m3/blank4/code/starVLA/playground/Checkpoints/ablate_cotw1_corrupt/results/libero-plus/overall_results.json
starVLA,libero-plus,ablate_cotw1_corrupt,libero_object,215,256,0.83984375,/e/project1/m3/blank4/code/starVLA/playground/Checkpoints/ablate_cotw1_corrupt/results/libero-plus/overall_results.json
starVLA,libero-plus,ablate_cotw1_corrupt,libero_spatial,303,354,0.85593220,/e/project1/m3/blank4/code/starVLA/playground/Checkpoints/ablate_cotw1_corrupt/results/libero-plus/overall_results.json
starVLA,libero-plus,ablate_cotw1_corrupt,libero_10,163,256,0.63671875,/e/project1/m3/blank4/code/starVLA/playground/Checkpoints/ablate_cotw1_corrupt/results/libero-plus/libero_10/overall_results.json
starVLA,libero-plus,ablate_cotw1_corrupt,libero_goal,192,287,0.66898955,/e/project1/m3/blank4/code/starVLA/playground/Checkpoints/ablate_cotw1_corrupt/results/libero-plus/libero_goal/overall_results.json
starVLA,libero-plus,ablate_cotw1_corrupt,libero_object,215,256,0.83984375,/e/project1/m3/blank4/code/starVLA/playground/Checkpoints/ablate_cotw1_corrupt/results/libero-plus/libero_object/overall_results.json
starVLA,libero-plus,ablate_cotw1_corrupt,libero_spatial,303,354,0.85593220,/e/project1/m3/blank4/code/starVLA/playground/Checkpoints/ablate_cotw1_corrupt/results/libero-plus/libero_spatial/overall_results.json
starVLA,libero-plus,ablate_cotw1_nocot,libero_10,171,256,0.66796875,/e/project1/m3/blank4/code/starVLA/playground/Checkpoints/ablate_cotw1_nocot/results/libero-plus/overall_results.json
starVLA,libero-plus,ablate_cotw1_nocot,libero_goal,193,287,0.67247387,/e/project1/m3/blank4/code/starVLA/playground/Checkpoints/ablate_cotw1_nocot/results/libero-plus/overall_results.json
starVLA,libero-plus,ablate_cotw1_nocot,libero_object,218,256,0.85156250,/e/project1/m3/blank4/code/starVLA/playground/Checkpoints/ablate_cotw1_nocot/results/libero-plus/overall_results.json
starVLA,libero-plus,ablate_cotw1_nocot,libero_spatial,293,354,0.82768362,/e/project1/m3/blank4/code/starVLA/playground/Checkpoints/ablate_cotw1_nocot/results/libero-plus/overall_results.json
starVLA,libero-plus,ablate_cotw1_nocot,libero_10,171,256,0.66796875,/e/project1/m3/blank4/code/starVLA/playground/Checkpoints/ablate_cotw1_nocot/results/libero-plus/libero_10/overall_results.json
starVLA,libero-plus,ablate_cotw1_nocot,libero_goal,193,287,0.67247387,/e/project1/m3/blank4/code/starVLA/playground/Checkpoints/ablate_cotw1_nocot/results/libero-plus/libero_goal/overall_results.json
starVLA,libero-plus,ablate_cotw1_nocot,libero_object,218,256,0.85156250,/e/project1/m3/blank4/code/starVLA/playground/Checkpoints/ablate_cotw1_nocot/results/libero-plus/libero_object/overall_results.json
starVLA,libero-plus,ablate_cotw1_nocot,libero_spatial,293,354,0.82768362,/e/project1/m3/blank4/code/starVLA/playground/Checkpoints/ablate_cotw1_nocot/results/libero-plus/libero_spatial/overall_results.json
starVLA,libero-plus,ervla_a_causal,libero_10,34,64,0.53125000,/e/project1/m3/blank4/code/starVLA/playground/Checkpoints/ervla_a_causal/results/libero-plus/overall_results.json
starVLA,libero-plus,ervla_a_causal,libero_goal,50,64,0.78125000,/e/project1/m3/blank4/code/starVLA/playground/Checkpoints/ervla_a_causal/results/libero-plus/overall_results.json
starVLA,libero-plus,ervla_a_causal,libero_object,50,64,0.78125000,/e/project1/m3/blank4/code/starVLA/playground/Checkpoints/ervla_a_causal/results/libero-plus/overall_results.json
starVLA,libero-plus,ervla_a_causal,libero_spatial,43,64,0.67187500,/e/project1/m3/blank4/code/starVLA/playground/Checkpoints/ervla_a_causal/results/libero-plus/overall_results.json
starVLA,libero-plus,ervla_a_causal,libero_10,34,64,0.53125000,/e/project1/m3/blank4/code/starVLA/playground/Checkpoints/ervla_a_causal/results/libero-plus/libero_10/overall_results.json
starVLA,libero-plus,ervla_a_causal,libero_goal,50,64,0.78125000,/e/project1/m3/blank4/code/starVLA/playground/Checkpoints/ervla_a_causal/results/libero-plus/libero_goal/overall_results.json
starVLA,libero-plus,ervla_a_causal,libero_object,50,64,0.78125000,/e/project1/m3/blank4/code/starVLA/playground/Checkpoints/ervla_a_causal/results/libero-plus/libero_object/overall_results.json
starVLA,libero-plus,ervla_a_causal,libero_spatial,43,64,0.67187500,/e/project1/m3/blank4/code/starVLA/playground/Checkpoints/ervla_a_causal/results/libero-plus/libero_spatial/overall_results.json
starVLA,libero-plus,ervla_b_bidir,libero_10,38,64,0.59375000,/e/project1/m3/blank4/code/starVLA/playground/Checkpoints/ervla_b_bidir/results/libero-plus/overall_results.json
starVLA,libero-plus,ervla_b_bidir,libero_goal,48,64,0.75000000,/e/project1/m3/blank4/code/starVLA/playground/Checkpoints/ervla_b_bidir/results/libero-plus/overall_results.json
starVLA,libero-plus,ervla_b_bidir,libero_object,53,64,0.82812500,/e/project1/m3/blank4/code/starVLA/playground/Checkpoints/ervla_b_bidir/results/libero-plus/overall_results.json
starVLA,libero-plus,ervla_b_bidir,libero_spatial,44,64,0.68750000,/e/project1/m3/blank4/code/starVLA/playground/Checkpoints/ervla_b_bidir/results/libero-plus/overall_results.json
starVLA,libero-plus,ervla_b_bidir,libero_10,38,64,0.59375000,/e/project1/m3/blank4/code/starVLA/playground/Checkpoints/ervla_b_bidir/results/libero-plus/libero_10/overall_results.json
starVLA,libero-plus,ervla_b_bidir,libero_goal,48,64,0.75000000,/e/project1/m3/blank4/code/starVLA/playground/Checkpoints/ervla_b_bidir/results/libero-plus/libero_goal/overall_results.json
starVLA,libero-plus,ervla_b_bidir,libero_object,53,64,0.82812500,/e/project1/m3/blank4/code/starVLA/playground/Checkpoints/ervla_b_bidir/results/libero-plus/libero_object/overall_results.json
starVLA,libero-plus,ervla_b_bidir,libero_spatial,44,64,0.68750000,/e/project1/m3/blank4/code/starVLA/playground/Checkpoints/ervla_b_bidir/results/libero-plus/libero_spatial/overall_results.json
starVLA,libero-plus,ervla_c_action_batchdrop,libero_10,41,64,0.64062500,/e/project1/m3/blank4/code/starVLA/playground/Checkpoints/ervla_c_action_batchdrop/results/libero-plus/overall_results.json
starVLA,libero-plus,ervla_c_action_batchdrop,libero_goal,44,64,0.68750000,/e/project1/m3/blank4/code/starVLA/playground/Checkpoints/ervla_c_action_batchdrop/results/libero-plus/overall_results.json
starVLA,libero-plus,ervla_c_action_batchdrop,libero_object,48,64,0.75000000,/e/project1/m3/blank4/code/starVLA/playground/Checkpoints/ervla_c_action_batchdrop/results/libero-plus/overall_results.json
starVLA,libero-plus,ervla_c_action_batchdrop,libero_spatial,49,64,0.76562500,/e/project1/m3/blank4/code/starVLA/playground/Checkpoints/ervla_c_action_batchdrop/results/libero-plus/overall_results.json
starVLA,libero-plus,ervla_c_action_batchdrop,libero_10,41,64,0.64062500,/e/project1/m3/blank4/code/starVLA/playground/Checkpoints/ervla_c_action_batchdrop/results/libero-plus/libero_10/overall_results.json
starVLA,libero-plus,ervla_c_action_batchdrop,libero_goal,44,64,0.68750000,/e/project1/m3/blank4/code/starVLA/playground/Checkpoints/ervla_c_action_batchdrop/results/libero-plus/libero_goal/overall_results.json
starVLA,libero-plus,ervla_c_action_batchdrop,libero_object,48,64,0.75000000,/e/project1/m3/blank4/code/starVLA/playground/Checkpoints/ervla_c_action_batchdrop/results/libero-plus/libero_object/overall_results.json
starVLA,libero-plus,ervla_c_action_batchdrop,libero_spatial,49,64,0.76562500,/e/project1/m3/blank4/code/starVLA/playground/Checkpoints/ervla_c_action_batchdrop/results/libero-plus/libero_spatial/overall_results.json
starVLA,libero-plus,ervla_crand_batchdrop,libero_10,40,64,0.62500000,/e/project1/m3/blank4/code/starVLA/playground/Checkpoints/ervla_crand_batchdrop/results/libero-plus/overall_results.json
starVLA,libero-plus,ervla_crand_batchdrop,libero_goal,49,64,0.76562500,/e/project1/m3/blank4/code/starVLA/playground/Checkpoints/ervla_crand_batchdrop/results/libero-plus/overall_results.json
starVLA,libero-plus,ervla_crand_batchdrop,libero_object,46,64,0.71875000,/e/project1/m3/blank4/code/starVLA/playground/Checkpoints/ervla_crand_batchdrop/results/libero-plus/overall_results.json
starVLA,libero-plus,ervla_crand_batchdrop,libero_spatial,47,64,0.73437500,/e/project1/m3/blank4/code/starVLA/playground/Checkpoints/ervla_crand_batchdrop/results/libero-plus/overall_results.json
starVLA,libero-plus,ervla_crand_batchdrop,libero_10,40,64,0.62500000,/e/project1/m3/blank4/code/starVLA/playground/Checkpoints/ervla_crand_batchdrop/results/libero-plus/libero_10/overall_results.json
starVLA,libero-plus,ervla_crand_batchdrop,libero_goal,49,64,0.76562500,/e/project1/m3/blank4/code/starVLA/playground/Checkpoints/ervla_crand_batchdrop/results/libero-plus/libero_goal/overall_results.json
starVLA,libero-plus,ervla_crand_batchdrop,libero_object,46,64,0.71875000,/e/project1/m3/blank4/code/starVLA/playground/Checkpoints/ervla_crand_batchdrop/results/libero-plus/libero_object/overall_results.json
starVLA,libero-plus,ervla_crand_batchdrop,libero_spatial,47,64,0.73437500,/e/project1/m3/blank4/code/starVLA/playground/Checkpoints/ervla_crand_batchdrop/results/libero-plus/libero_spatial/overall_results.json
starVLA,libero-plus,ervla_d_cam3d_8gpu,libero_10,38,64,0.59375000,/e/project1/m3/blank4/code/starVLA/playground/Checkpoints/ervla_d_cam3d_8gpu/results/libero-plus/overall_results.json
starVLA,libero-plus,ervla_d_cam3d_8gpu,libero_goal,50,64,0.78125000,/e/project1/m3/blank4/code/starVLA/playground/Checkpoints/ervla_d_cam3d_8gpu/results/libero-plus/overall_results.json
starVLA,libero-plus,ervla_d_cam3d_8gpu,libero_object,50,64,0.78125000,/e/project1/m3/blank4/code/starVLA/playground/Checkpoints/ervla_d_cam3d_8gpu/results/libero-plus/overall_results.json
starVLA,libero-plus,ervla_d_cam3d_8gpu,libero_spatial,44,64,0.68750000,/e/project1/m3/blank4/code/starVLA/playground/Checkpoints/ervla_d_cam3d_8gpu/results/libero-plus/overall_results.json
starVLA,libero-plus,ervla_d_cam3d_8gpu,libero_10,38,64,0.59375000,/e/project1/m3/blank4/code/starVLA/playground/Checkpoints/ervla_d_cam3d_8gpu/results/libero-plus/libero_10/overall_results.json
starVLA,libero-plus,ervla_d_cam3d_8gpu,libero_goal,50,64,0.78125000,/e/project1/m3/blank4/code/starVLA/playground/Checkpoints/ervla_d_cam3d_8gpu/results/libero-plus/libero_goal/overall_results.json
starVLA,libero-plus,ervla_d_cam3d_8gpu,libero_object,50,64,0.78125000,/e/project1/m3/blank4/code/starVLA/playground/Checkpoints/ervla_d_cam3d_8gpu/results/libero-plus/libero_object/overall_results.json
starVLA,libero-plus,ervla_d_cam3d_8gpu,libero_spatial,44,64,0.68750000,/e/project1/m3/blank4/code/starVLA/playground/Checkpoints/ervla_d_cam3d_8gpu/results/libero-plus/libero_spatial/overall_results.json
starVLA,libero-plus,ervla_d_cam3d_rand_8gpu,libero_10,40,64,0.62500000,/e/project1/m3/blank4/code/starVLA/playground/Checkpoints/ervla_d_cam3d_rand_8gpu/results/libero-plus/overall_results.json
starVLA,libero-plus,ervla_d_cam3d_rand_8gpu,libero_goal,45,64,0.70312500,/e/project1/m3/blank4/code/starVLA/playground/Checkpoints/ervla_d_cam3d_rand_8gpu/results/libero-plus/overall_results.json
starVLA,libero-plus,ervla_d_cam3d_rand_8gpu,libero_object,50,64,0.78125000,/e/project1/m3/blank4/code/starVLA/playground/Checkpoints/ervla_d_cam3d_rand_8gpu/results/libero-plus/overall_results.json
starVLA,libero-plus,ervla_d_cam3d_rand_8gpu,libero_spatial,48,64,0.75000000,/e/project1/m3/blank4/code/starVLA/playground/Checkpoints/ervla_d_cam3d_rand_8gpu/results/libero-plus/overall_results.json
starVLA,libero-plus,ervla_d_cam3d_rand_8gpu,libero_10,40,64,0.62500000,/e/project1/m3/blank4/code/starVLA/playground/Checkpoints/ervla_d_cam3d_rand_8gpu/results/libero-plus/libero_10/overall_results.json
starVLA,libero-plus,ervla_d_cam3d_rand_8gpu,libero_goal,45,64,0.70312500,/e/project1/m3/blank4/code/starVLA/playground/Checkpoints/ervla_d_cam3d_rand_8gpu/results/libero-plus/libero_goal/overall_results.json
starVLA,libero-plus,ervla_d_cam3d_rand_8gpu,libero_object,50,64,0.78125000,/e/project1/m3/blank4/code/starVLA/playground/Checkpoints/ervla_d_cam3d_rand_8gpu/results/libero-plus/libero_object/overall_results.json
starVLA,libero-plus,ervla_d_cam3d_rand_8gpu,libero_spatial,48,64,0.75000000,/e/project1/m3/blank4/code/starVLA/playground/Checkpoints/ervla_d_cam3d_rand_8gpu/results/libero-plus/libero_spatial/overall_results.json
starVLA,libero-plus,ervla_d_ground_batchdrop,libero_10,45,64,0.70312500,/e/project1/m3/blank4/code/starVLA/playground/Checkpoints/ervla_d_ground_batchdrop/results/libero-plus/overall_results.json
starVLA,libero-plus,ervla_d_ground_batchdrop,libero_goal,42,64,0.65625000,/e/project1/m3/blank4/code/starVLA/playground/Checkpoints/ervla_d_ground_batchdrop/results/libero-plus/overall_results.json
starVLA,libero-plus,ervla_d_ground_batchdrop,libero_object,49,64,0.76562500,/e/project1/m3/blank4/code/starVLA/playground/Checkpoints/ervla_d_ground_batchdrop/results/libero-plus/overall_results.json
starVLA,libero-plus,ervla_d_ground_batchdrop,libero_spatial,46,64,0.71875000,/e/project1/m3/blank4/code/starVLA/playground/Checkpoints/ervla_d_ground_batchdrop/results/libero-plus/overall_results.json
starVLA,libero-plus,ervla_d_ground_batchdrop,libero_10,45,64,0.70312500,/e/project1/m3/blank4/code/starVLA/playground/Checkpoints/ervla_d_ground_batchdrop/results/libero-plus/libero_10/overall_results.json
starVLA,libero-plus,ervla_d_ground_batchdrop,libero_goal,42,64,0.65625000,/e/project1/m3/blank4/code/starVLA/playground/Checkpoints/ervla_d_ground_batchdrop/results/libero-plus/libero_goal/overall_results.json
starVLA,libero-plus,ervla_d_ground_batchdrop,libero_object,49,64,0.76562500,/e/project1/m3/blank4/code/starVLA/playground/Checkpoints/ervla_d_ground_batchdrop/results/libero-plus/libero_object/overall_results.json
starVLA,libero-plus,ervla_d_ground_batchdrop,libero_spatial,46,64,0.71875000,/e/project1/m3/blank4/code/starVLA/playground/Checkpoints/ervla_d_ground_batchdrop/results/libero-plus/libero_spatial/overall_results.json
starVLA,libero-plus,ervla_d_ground_state_batchdrop,libero_10,39,64,0.60937500,/e/project1/m3/blank4/code/starVLA/playground/Checkpoints/ervla_d_ground_state_batchdrop/results/libero-plus/overall_results.json
starVLA,libero-plus,ervla_d_ground_state_batchdrop,libero_goal,47,64,0.73437500,/e/project1/m3/blank4/code/starVLA/playground/Checkpoints/ervla_d_ground_state_batchdrop/results/libero-plus/overall_results.json
starVLA,libero-plus,ervla_d_ground_state_batchdrop,libero_object,45,64,0.70312500,/e/project1/m3/blank4/code/starVLA/playground/Checkpoints/ervla_d_ground_state_batchdrop/results/libero-plus/overall_results.json
starVLA,libero-plus,ervla_d_ground_state_batchdrop,libero_spatial,49,64,0.76562500,/e/project1/m3/blank4/code/starVLA/playground/Checkpoints/ervla_d_ground_state_batchdrop/results/libero-plus/overall_results.json
starVLA,libero-plus,ervla_d_ground_state_batchdrop,libero_10,39,64,0.60937500,/e/project1/m3/blank4/code/starVLA/playground/Checkpoints/ervla_d_ground_state_batchdrop/results/libero-plus/libero_10/overall_results.json
starVLA,libero-plus,ervla_d_ground_state_batchdrop,libero_goal,47,64,0.73437500,/e/project1/m3/blank4/code/starVLA/playground/Checkpoints/ervla_d_ground_state_batchdrop/results/libero-plus/libero_goal/overall_results.json
starVLA,libero-plus,ervla_d_ground_state_batchdrop,libero_object,45,64,0.70312500,/e/project1/m3/blank4/code/starVLA/playground/Checkpoints/ervla_d_ground_state_batchdrop/results/libero-plus/libero_object/overall_results.json
starVLA,libero-plus,ervla_d_ground_state_batchdrop,libero_spatial,49,64,0.76562500,/e/project1/m3/blank4/code/starVLA/playground/Checkpoints/ervla_d_ground_state_batchdrop/results/libero-plus/libero_spatial/overall_results.json
starVLA,libero-plus,ervla_e_staged_batchdrop,libero_10,41,64,0.64062500,/e/project1/m3/blank4/code/starVLA/playground/Checkpoints/ervla_e_staged_batchdrop/results/libero-plus/overall_results.json
starVLA,libero-plus,ervla_e_staged_batchdrop,libero_goal,46,64,0.71875000,/e/project1/m3/blank4/code/starVLA/playground/Checkpoints/ervla_e_staged_batchdrop/results/libero-plus/overall_results.json
starVLA,libero-plus,ervla_e_staged_batchdrop,libero_object,46,64,0.71875000,/e/project1/m3/blank4/code/starVLA/playground/Checkpoints/ervla_e_staged_batchdrop/results/libero-plus/overall_results.json
starVLA,libero-plus,ervla_e_staged_batchdrop,libero_spatial,43,64,0.67187500,/e/project1/m3/blank4/code/starVLA/playground/Checkpoints/ervla_e_staged_batchdrop/results/libero-plus/overall_results.json
starVLA,libero-plus,ervla_e_staged_batchdrop,libero_10,41,64,0.64062500,/e/project1/m3/blank4/code/starVLA/playground/Checkpoints/ervla_e_staged_batchdrop/results/libero-plus/libero_10/overall_results.json
starVLA,libero-plus,ervla_e_staged_batchdrop,libero_goal,46,64,0.71875000,/e/project1/m3/blank4/code/starVLA/playground/Checkpoints/ervla_e_staged_batchdrop/results/libero-plus/libero_goal/overall_results.json
starVLA,libero-plus,ervla_e_staged_batchdrop,libero_object,46,64,0.71875000,/e/project1/m3/blank4/code/starVLA/playground/Checkpoints/ervla_e_staged_batchdrop/results/libero-plus/libero_object/overall_results.json
starVLA,libero-plus,ervla_e_staged_batchdrop,libero_spatial,43,64,0.67187500,/e/project1/m3/blank4/code/starVLA/playground/Checkpoints/ervla_e_staged_batchdrop/results/libero-plus/libero_spatial/overall_results.json
starVLA,libero-plus,ervla_f_decoder_frozen,libero_10,41,64,0.64062500,/e/project1/m3/blank4/code/starVLA/playground/Checkpoints/ervla_f_decoder_frozen/results/libero-plus/overall_results.json
starVLA,libero-plus,ervla_f_decoder_frozen,libero_goal,44,64,0.68750000,/e/project1/m3/blank4/code/starVLA/playground/Checkpoints/ervla_f_decoder_frozen/results/libero-plus/overall_results.json
starVLA,libero-plus,ervla_f_decoder_frozen,libero_object,48,64,0.75000000,/e/project1/m3/blank4/code/starVLA/playground/Checkpoints/ervla_f_decoder_frozen/results/libero-plus/overall_results.json
starVLA,libero-plus,ervla_f_decoder_frozen,libero_spatial,46,64,0.71875000,/e/project1/m3/blank4/code/starVLA/playground/Checkpoints/ervla_f_decoder_frozen/results/libero-plus/overall_results.json
starVLA,libero-plus,ervla_f_decoder_frozen,libero_10,41,64,0.64062500,/e/project1/m3/blank4/code/starVLA/playground/Checkpoints/ervla_f_decoder_frozen/results/libero-plus/libero_10/overall_results.json
starVLA,libero-plus,ervla_f_decoder_frozen,libero_goal,44,64,0.68750000,/e/project1/m3/blank4/code/starVLA/playground/Checkpoints/ervla_f_decoder_frozen/results/libero-plus/libero_goal/overall_results.json
starVLA,libero-plus,ervla_f_decoder_frozen,libero_object,48,64,0.75000000,/e/project1/m3/blank4/code/starVLA/playground/Checkpoints/ervla_f_decoder_frozen/results/libero-plus/libero_object/overall_results.json
starVLA,libero-plus,ervla_f_decoder_frozen,libero_spatial,46,64,0.71875000,/e/project1/m3/blank4/code/starVLA/playground/Checkpoints/ervla_f_decoder_frozen/results/libero-plus/libero_spatial/overall_results.json
starVLA,libero-plus,ervla_g_cam3d_cot05,libero_10,43,64,0.67187500,/e/project1/m3/blank4/code/starVLA/playground/Checkpoints/ervla_g_cam3d_cot05/results/libero-plus/overall_results.json
starVLA,libero-plus,ervla_g_cam3d_cot05,libero_goal,43,64,0.67187500,/e/project1/m3/blank4/code/starVLA/playground/Checkpoints/ervla_g_cam3d_cot05/results/libero-plus/overall_results.json
starVLA,libero-plus,ervla_g_cam3d_cot05,libero_object,48,64,0.75000000,/e/project1/m3/blank4/code/starVLA/playground/Checkpoints/ervla_g_cam3d_cot05/results/libero-plus/overall_results.json
starVLA,libero-plus,ervla_g_cam3d_cot05,libero_spatial,47,64,0.73437500,/e/project1/m3/blank4/code/starVLA/playground/Checkpoints/ervla_g_cam3d_cot05/results/libero-plus/overall_results.json
starVLA,libero-plus,ervla_g_cam3d_cot05,libero_10,43,64,0.67187500,/e/project1/m3/blank4/code/starVLA/playground/Checkpoints/ervla_g_cam3d_cot05/results/libero-plus/libero_10/overall_results.json
starVLA,libero-plus,ervla_g_cam3d_cot05,libero_goal,43,64,0.67187500,/e/project1/m3/blank4/code/starVLA/playground/Checkpoints/ervla_g_cam3d_cot05/results/libero-plus/libero_goal/overall_results.json
starVLA,libero-plus,ervla_g_cam3d_cot05,libero_object,48,64,0.75000000,/e/project1/m3/blank4/code/starVLA/playground/Checkpoints/ervla_g_cam3d_cot05/results/libero-plus/libero_object/overall_results.json
starVLA,libero-plus,ervla_g_cam3d_cot05,libero_spatial,47,64,0.73437500,/e/project1/m3/blank4/code/starVLA/playground/Checkpoints/ervla_g_cam3d_cot05/results/libero-plus/libero_spatial/overall_results.json
starVLA,libero-plus,ervla_g_cross_only,libero_10,45,64,0.70312500,/e/project1/m3/blank4/code/starVLA/playground/Checkpoints/ervla_g_cross_only/results/libero-plus/overall_results.json
starVLA,libero-plus,ervla_g_cross_only,libero_goal,43,64,0.67187500,/e/project1/m3/blank4/code/starVLA/playground/Checkpoints/ervla_g_cross_only/results/libero-plus/overall_results.json
starVLA,libero-plus,ervla_g_cross_only,libero_object,48,64,0.75000000,/e/project1/m3/blank4/code/starVLA/playground/Checkpoints/ervla_g_cross_only/results/libero-plus/overall_results.json
starVLA,libero-plus,ervla_g_cross_only,libero_spatial,47,64,0.73437500,/e/project1/m3/blank4/code/starVLA/playground/Checkpoints/ervla_g_cross_only/results/libero-plus/overall_results.json
starVLA,libero-plus,ervla_g_cross_only,libero_10,45,64,0.70312500,/e/project1/m3/blank4/code/starVLA/playground/Checkpoints/ervla_g_cross_only/results/libero-plus/libero_10/overall_results.json
starVLA,libero-plus,ervla_g_cross_only,libero_goal,43,64,0.67187500,/e/project1/m3/blank4/code/starVLA/playground/Checkpoints/ervla_g_cross_only/results/libero-plus/libero_goal/overall_results.json
starVLA,libero-plus,ervla_g_cross_only,libero_object,48,64,0.75000000,/e/project1/m3/blank4/code/starVLA/playground/Checkpoints/ervla_g_cross_only/results/libero-plus/libero_object/overall_results.json
starVLA,libero-plus,ervla_g_cross_only,libero_spatial,47,64,0.73437500,/e/project1/m3/blank4/code/starVLA/playground/Checkpoints/ervla_g_cross_only/results/libero-plus/libero_spatial/overall_results.json
starVLA,libero-plus,ervla_h_enc_choice_cam3d,libero_10,42,64,0.65625000,/e/project1/m3/blank4/code/starVLA/playground/Checkpoints/ervla_h_enc_choice_cam3d/results/libero-plus/overall_results.json
starVLA,libero-plus,ervla_h_enc_choice_cam3d,libero_goal,46,64,0.71875000,/e/project1/m3/blank4/code/starVLA/playground/Checkpoints/ervla_h_enc_choice_cam3d/results/libero-plus/overall_results.json
starVLA,libero-plus,ervla_h_enc_choice_cam3d,libero_object,45,64,0.70312500,/e/project1/m3/blank4/code/starVLA/playground/Checkpoints/ervla_h_enc_choice_cam3d/results/libero-plus/overall_results.json
starVLA,libero-plus,ervla_h_enc_choice_cam3d,libero_spatial,43,64,0.67187500,/e/project1/m3/blank4/code/starVLA/playground/Checkpoints/ervla_h_enc_choice_cam3d/results/libero-plus/overall_results.json
starVLA,libero-plus,ervla_h_enc_choice_cam3d,libero_10,42,64,0.65625000,/e/project1/m3/blank4/code/starVLA/playground/Checkpoints/ervla_h_enc_choice_cam3d/results/libero-plus/libero_10/overall_results.json
starVLA,libero-plus,ervla_h_enc_choice_cam3d,libero_goal,46,64,0.71875000,/e/project1/m3/blank4/code/starVLA/playground/Checkpoints/ervla_h_enc_choice_cam3d/results/libero-plus/libero_goal/overall_results.json
starVLA,libero-plus,ervla_h_enc_choice_cam3d,libero_object,45,64,0.70312500,/e/project1/m3/blank4/code/starVLA/playground/Checkpoints/ervla_h_enc_choice_cam3d/results/libero-plus/libero_object/overall_results.json
starVLA,libero-plus,ervla_h_enc_choice_cam3d,libero_spatial,43,64,0.67187500,/e/project1/m3/blank4/code/starVLA/playground/Checkpoints/ervla_h_enc_choice_cam3d/results/libero-plus/libero_spatial/overall_results.json
starVLA,libero-plus,ervla_i_dec_choice_cam3d,libero_10,43,64,0.67187500,/e/project1/m3/blank4/code/starVLA/playground/Checkpoints/ervla_i_dec_choice_cam3d/results/libero-plus/overall_results.json
starVLA,libero-plus,ervla_i_dec_choice_cam3d,libero_goal,41,64,0.64062500,/e/project1/m3/blank4/code/starVLA/playground/Checkpoints/ervla_i_dec_choice_cam3d/results/libero-plus/overall_results.json
starVLA,libero-plus,ervla_i_dec_choice_cam3d,libero_object,50,64,0.78125000,/e/project1/m3/blank4/code/starVLA/playground/Checkpoints/ervla_i_dec_choice_cam3d/results/libero-plus/overall_results.json
starVLA,libero-plus,ervla_i_dec_choice_cam3d,libero_spatial,51,64,0.79687500,/e/project1/m3/blank4/code/starVLA/playground/Checkpoints/ervla_i_dec_choice_cam3d/results/libero-plus/overall_results.json
starVLA,libero-plus,ervla_i_dec_choice_cam3d,libero_10,43,64,0.67187500,/e/project1/m3/blank4/code/starVLA/playground/Checkpoints/ervla_i_dec_choice_cam3d/results/libero-plus/libero_10/overall_results.json
starVLA,libero-plus,ervla_i_dec_choice_cam3d,libero_goal,41,64,0.64062500,/e/project1/m3/blank4/code/starVLA/playground/Checkpoints/ervla_i_dec_choice_cam3d/results/libero-plus/libero_goal/overall_results.json
starVLA,libero-plus,ervla_i_dec_choice_cam3d,libero_object,50,64,0.78125000,/e/project1/m3/blank4/code/starVLA/playground/Checkpoints/ervla_i_dec_choice_cam3d/results/libero-plus/libero_object/overall_results.json
starVLA,libero-plus,ervla_i_dec_choice_cam3d,libero_spatial,51,64,0.79687500,/e/project1/m3/blank4/code/starVLA/playground/Checkpoints/ervla_i_dec_choice_cam3d/results/libero-plus/libero_spatial/overall_results.json
starVLA,libero-plus,ervla_j_dec_choice_staged_cam3d,libero_10,44,64,0.68750000,/e/project1/m3/blank4/code/starVLA/playground/Checkpoints/ervla_j_dec_choice_staged_cam3d/results/libero-plus/overall_results.json
starVLA,libero-plus,ervla_j_dec_choice_staged_cam3d,libero_goal,38,64,0.59375000,/e/project1/m3/blank4/code/starVLA/playground/Checkpoints/ervla_j_dec_choice_staged_cam3d/results/libero-plus/overall_results.json
starVLA,libero-plus,ervla_j_dec_choice_staged_cam3d,libero_object,46,64,0.71875000,/e/project1/m3/blank4/code/starVLA/playground/Checkpoints/ervla_j_dec_choice_staged_cam3d/results/libero-plus/overall_results.json
starVLA,libero-plus,ervla_j_dec_choice_staged_cam3d,libero_spatial,44,64,0.68750000,/e/project1/m3/blank4/code/starVLA/playground/Checkpoints/ervla_j_dec_choice_staged_cam3d/results/libero-plus/overall_results.json
starVLA,libero-plus,ervla_j_dec_choice_staged_cam3d,libero_10,44,64,0.68750000,/e/project1/m3/blank4/code/starVLA/playground/Checkpoints/ervla_j_dec_choice_staged_cam3d/results/libero-plus/libero_10/overall_results.json
starVLA,libero-plus,ervla_j_dec_choice_staged_cam3d,libero_goal,38,64,0.59375000,/e/project1/m3/blank4/code/starVLA/playground/Checkpoints/ervla_j_dec_choice_staged_cam3d/results/libero-plus/libero_goal/overall_results.json
starVLA,libero-plus,ervla_j_dec_choice_staged_cam3d,libero_object,46,64,0.71875000,/e/project1/m3/blank4/code/starVLA/playground/Checkpoints/ervla_j_dec_choice_staged_cam3d/results/libero-plus/libero_object/overall_results.json
starVLA,libero-plus,ervla_j_dec_choice_staged_cam3d,libero_spatial,44,64,0.68750000,/e/project1/m3/blank4/code/starVLA/playground/Checkpoints/ervla_j_dec_choice_staged_cam3d/results/libero-plus/libero_spatial/overall_results.json
starVLA,libero-plus,ervla_k2_pi_cam3d_cot05_pifix_latent32,libero_10,44,64,0.68750000,/e/project1/m3/blank4/code/starVLA/playground/Checkpoints/ervla_k2_pi_cam3d_cot05_pifix_latent32/results/libero-plus/overall_results.json
starVLA,libero-plus,ervla_k2_pi_cam3d_cot05_pifix_latent32,libero_goal,46,64,0.71875000,/e/project1/m3/blank4/code/starVLA/playground/Checkpoints/ervla_k2_pi_cam3d_cot05_pifix_latent32/results/libero-plus/overall_results.json
starVLA,libero-plus,ervla_k2_pi_cam3d_cot05_pifix_latent32,libero_object,48,64,0.75000000,/e/project1/m3/blank4/code/starVLA/playground/Checkpoints/ervla_k2_pi_cam3d_cot05_pifix_latent32/results/libero-plus/overall_results.json
starVLA,libero-plus,ervla_k2_pi_cam3d_cot05_pifix_latent32,libero_spatial,48,64,0.75000000,/e/project1/m3/blank4/code/starVLA/playground/Checkpoints/ervla_k2_pi_cam3d_cot05_pifix_latent32/results/libero-plus/overall_results.json
starVLA,libero-plus,ervla_k2_pi_cam3d_cot05_pifix_latent32,libero_10,44,64,0.68750000,/e/project1/m3/blank4/code/starVLA/playground/Checkpoints/ervla_k2_pi_cam3d_cot05_pifix_latent32/results/libero-plus/libero_10/overall_results.json
starVLA,libero-plus,ervla_k2_pi_cam3d_cot05_pifix_latent32,libero_goal,46,64,0.71875000,/e/project1/m3/blank4/code/starVLA/playground/Checkpoints/ervla_k2_pi_cam3d_cot05_pifix_latent32/results/libero-plus/libero_goal/overall_results.json
starVLA,libero-plus,ervla_k2_pi_cam3d_cot05_pifix_latent32,libero_object,48,64,0.75000000,/e/project1/m3/blank4/code/starVLA/playground/Checkpoints/ervla_k2_pi_cam3d_cot05_pifix_latent32/results/libero-plus/libero_object/overall_results.json
starVLA,libero-plus,ervla_k2_pi_cam3d_cot05_pifix_latent32,libero_spatial,48,64,0.75000000,/e/project1/m3/blank4/code/starVLA/playground/Checkpoints/ervla_k2_pi_cam3d_cot05_pifix_latent32/results/libero-plus/libero_spatial/overall_results.json
starVLA,libero-plus,ervla_k2_pi_cam3d_cot05_pifix_nolatent,libero_10,43,64,0.67187500,/e/project1/m3/blank4/code/starVLA/playground/Checkpoints/ervla_k2_pi_cam3d_cot05_pifix_nolatent/results/libero-plus/overall_results.json
starVLA,libero-plus,ervla_k2_pi_cam3d_cot05_pifix_nolatent,libero_goal,51,64,0.79687500,/e/project1/m3/blank4/code/starVLA/playground/Checkpoints/ervla_k2_pi_cam3d_cot05_pifix_nolatent/results/libero-plus/overall_results.json
starVLA,libero-plus,ervla_k2_pi_cam3d_cot05_pifix_nolatent,libero_object,46,64,0.71875000,/e/project1/m3/blank4/code/starVLA/playground/Checkpoints/ervla_k2_pi_cam3d_cot05_pifix_nolatent/results/libero-plus/overall_results.json
starVLA,libero-plus,ervla_k2_pi_cam3d_cot05_pifix_nolatent,libero_spatial,49,64,0.76562500,/e/project1/m3/blank4/code/starVLA/playground/Checkpoints/ervla_k2_pi_cam3d_cot05_pifix_nolatent/results/libero-plus/overall_results.json
starVLA,libero-plus,ervla_k2_pi_cam3d_cot05_pifix_nolatent,libero_10,43,64,0.67187500,/e/project1/m3/blank4/code/starVLA/playground/Checkpoints/ervla_k2_pi_cam3d_cot05_pifix_nolatent/results/libero-plus/libero_10/overall_results.json
starVLA,libero-plus,ervla_k2_pi_cam3d_cot05_pifix_nolatent,libero_goal,51,64,0.79687500,/e/project1/m3/blank4/code/starVLA/playground/Checkpoints/ervla_k2_pi_cam3d_cot05_pifix_nolatent/results/libero-plus/libero_goal/overall_results.json
starVLA,libero-plus,ervla_k2_pi_cam3d_cot05_pifix_nolatent,libero_object,46,64,0.71875000,/e/project1/m3/blank4/code/starVLA/playground/Checkpoints/ervla_k2_pi_cam3d_cot05_pifix_nolatent/results/libero-plus/libero_object/overall_results.json
starVLA,libero-plus,ervla_k2_pi_cam3d_cot05_pifix_nolatent,libero_spatial,49,64,0.76562500,/e/project1/m3/blank4/code/starVLA/playground/Checkpoints/ervla_k2_pi_cam3d_cot05_pifix_nolatent/results/libero-plus/libero_spatial/overall_results.json
starVLA,libero-plus,ervla_k_pi_cam3d_cot05,libero_10,20,64,0.31250000,/e/project1/m3/blank4/code/starVLA/playground/Checkpoints/ervla_k_pi_cam3d_cot05/results/libero-plus/overall_results.json
starVLA,libero-plus,ervla_k_pi_cam3d_cot05,libero_goal,15,64,0.23437500,/e/project1/m3/blank4/code/starVLA/playground/Checkpoints/ervla_k_pi_cam3d_cot05/results/libero-plus/overall_results.json
starVLA,libero-plus,ervla_k_pi_cam3d_cot05,libero_object,28,64,0.43750000,/e/project1/m3/blank4/code/starVLA/playground/Checkpoints/ervla_k_pi_cam3d_cot05/results/libero-plus/overall_results.json
starVLA,libero-plus,ervla_k_pi_cam3d_cot05,libero_spatial,29,64,0.45312500,/e/project1/m3/blank4/code/starVLA/playground/Checkpoints/ervla_k_pi_cam3d_cot05/results/libero-plus/overall_results.json
starVLA,libero-plus,ervla_k_pi_cam3d_cot05,libero_10,20,64,0.31250000,/e/project1/m3/blank4/code/starVLA/playground/Checkpoints/ervla_k_pi_cam3d_cot05/results/libero-plus/libero_10/overall_results.json
starVLA,libero-plus,ervla_k_pi_cam3d_cot05,libero_goal,15,64,0.23437500,/e/project1/m3/blank4/code/starVLA/playground/Checkpoints/ervla_k_pi_cam3d_cot05/results/libero-plus/libero_goal/overall_results.json
starVLA,libero-plus,ervla_k_pi_cam3d_cot05,libero_object,28,64,0.43750000,/e/project1/m3/blank4/code/starVLA/playground/Checkpoints/ervla_k_pi_cam3d_cot05/results/libero-plus/libero_object/overall_results.json
starVLA,libero-plus,ervla_k_pi_cam3d_cot05,libero_spatial,29,64,0.45312500,/e/project1/m3/blank4/code/starVLA/playground/Checkpoints/ervla_k_pi_cam3d_cot05/results/libero-plus/libero_spatial/overall_results.json
starVLA,libero-plus,ervla_k_pi_cam3d_cot05_masked,libero_10,47,64,0.73437500,/e/project1/m3/blank4/code/starVLA/playground/Checkpoints/ervla_k_pi_cam3d_cot05_masked/results/libero-plus/overall_results.json
starVLA,libero-plus,ervla_k_pi_cam3d_cot05_masked,libero_goal,54,64,0.84375000,/e/project1/m3/blank4/code/starVLA/playground/Checkpoints/ervla_k_pi_cam3d_cot05_masked/results/libero-plus/overall_results.json
starVLA,libero-plus,ervla_k_pi_cam3d_cot05_masked,libero_object,53,64,0.82812500,/e/project1/m3/blank4/code/starVLA/playground/Checkpoints/ervla_k_pi_cam3d_cot05_masked/results/libero-plus/overall_results.json
starVLA,libero-plus,ervla_k_pi_cam3d_cot05_masked,libero_spatial,52,64,0.81250000,/e/project1/m3/blank4/code/starVLA/playground/Checkpoints/ervla_k_pi_cam3d_cot05_masked/results/libero-plus/overall_results.json
starVLA,libero-plus,ervla_k_pi_cam3d_cot05_masked,libero_10,47,64,0.73437500,/e/project1/m3/blank4/code/starVLA/playground/Checkpoints/ervla_k_pi_cam3d_cot05_masked/results/libero-plus/libero_10/overall_results.json
starVLA,libero-plus,ervla_k_pi_cam3d_cot05_masked,libero_goal,54,64,0.84375000,/e/project1/m3/blank4/code/starVLA/playground/Checkpoints/ervla_k_pi_cam3d_cot05_masked/results/libero-plus/libero_goal/overall_results.json
starVLA,libero-plus,ervla_k_pi_cam3d_cot05_masked,libero_object,53,64,0.82812500,/e/project1/m3/blank4/code/starVLA/playground/Checkpoints/ervla_k_pi_cam3d_cot05_masked/results/libero-plus/libero_object/overall_results.json
starVLA,libero-plus,ervla_k_pi_cam3d_cot05_masked,libero_spatial,52,64,0.81250000,/e/project1/m3/blank4/code/starVLA/playground/Checkpoints/ervla_k_pi_cam3d_cot05_masked/results/libero-plus/libero_spatial/overall_results.json
starVLA,libero-plus,ervla_l_split14_gr00t_action,libero_10,42,64,0.65625000,/e/project1/m3/blank4/code/starVLA/playground/Checkpoints/ervla_l_split14_gr00t_action/results/libero-plus/overall_results.json
starVLA,libero-plus,ervla_l_split14_gr00t_action,libero_goal,43,64,0.67187500,/e/project1/m3/blank4/code/starVLA/playground/Checkpoints/ervla_l_split14_gr00t_action/results/libero-plus/overall_results.json
starVLA,libero-plus,ervla_l_split14_gr00t_action,libero_object,42,64,0.65625000,/e/project1/m3/blank4/code/starVLA/playground/Checkpoints/ervla_l_split14_gr00t_action/results/libero-plus/overall_results.json
starVLA,libero-plus,ervla_l_split14_gr00t_action,libero_spatial,45,64,0.70312500,/e/project1/m3/blank4/code/starVLA/playground/Checkpoints/ervla_l_split14_gr00t_action/results/libero-plus/overall_results.json
starVLA,libero-plus,ervla_l_split14_gr00t_action,libero_10,42,64,0.65625000,/e/project1/m3/blank4/code/starVLA/playground/Checkpoints/ervla_l_split14_gr00t_action/results/libero-plus/libero_10/overall_results.json
starVLA,libero-plus,ervla_l_split14_gr00t_action,libero_goal,43,64,0.67187500,/e/project1/m3/blank4/code/starVLA/playground/Checkpoints/ervla_l_split14_gr00t_action/results/libero-plus/libero_goal/overall_results.json
starVLA,libero-plus,ervla_l_split14_gr00t_action,libero_object,42,64,0.65625000,/e/project1/m3/blank4/code/starVLA/playground/Checkpoints/ervla_l_split14_gr00t_action/results/libero-plus/libero_object/overall_results.json
starVLA,libero-plus,ervla_l_split14_gr00t_action,libero_spatial,45,64,0.70312500,/e/project1/m3/blank4/code/starVLA/playground/Checkpoints/ervla_l_split14_gr00t_action/results/libero-plus/libero_spatial/overall_results.json
starVLA,libero-plus,ervla_m_overlap18_gr00t_action,libero_10,40,64,0.62500000,/e/project1/m3/blank4/code/starVLA/playground/Checkpoints/ervla_m_overlap18_gr00t_action/results/libero-plus/overall_results.json
starVLA,libero-plus,ervla_m_overlap18_gr00t_action,libero_goal,37,64,0.57812500,/e/project1/m3/blank4/code/starVLA/playground/Checkpoints/ervla_m_overlap18_gr00t_action/results/libero-plus/overall_results.json
starVLA,libero-plus,ervla_m_overlap18_gr00t_action,libero_object,46,64,0.71875000,/e/project1/m3/blank4/code/starVLA/playground/Checkpoints/ervla_m_overlap18_gr00t_action/results/libero-plus/overall_results.json
starVLA,libero-plus,ervla_m_overlap18_gr00t_action,libero_spatial,39,64,0.60937500,/e/project1/m3/blank4/code/starVLA/playground/Checkpoints/ervla_m_overlap18_gr00t_action/results/libero-plus/overall_results.json
starVLA,libero-plus,ervla_m_overlap18_gr00t_action,libero_10,40,64,0.62500000,/e/project1/m3/blank4/code/starVLA/playground/Checkpoints/ervla_m_overlap18_gr00t_action/results/libero-plus/libero_10/overall_results.json
starVLA,libero-plus,ervla_m_overlap18_gr00t_action,libero_goal,37,64,0.57812500,/e/project1/m3/blank4/code/starVLA/playground/Checkpoints/ervla_m_overlap18_gr00t_action/results/libero-plus/libero_goal/overall_results.json
starVLA,libero-plus,ervla_m_overlap18_gr00t_action,libero_object,46,64,0.71875000,/e/project1/m3/blank4/code/starVLA/playground/Checkpoints/ervla_m_overlap18_gr00t_action/results/libero-plus/libero_object/overall_results.json
starVLA,libero-plus,ervla_m_overlap18_gr00t_action,libero_spatial,39,64,0.60937500,/e/project1/m3/blank4/code/starVLA/playground/Checkpoints/ervla_m_overlap18_gr00t_action/results/libero-plus/libero_spatial/overall_results.json
starVLA,libero-plus,ervla_mlm_pi_encoder_cam3d,libero_10,40,64,0.62500000,/e/project1/m3/blank4/code/starVLA/playground/Checkpoints/ervla_mlm_pi_encoder_cam3d/results/libero-plus/overall_results.json
starVLA,libero-plus,ervla_mlm_pi_encoder_cam3d,libero_goal,45,64,0.70312500,/e/project1/m3/blank4/code/starVLA/playground/Checkpoints/ervla_mlm_pi_encoder_cam3d/results/libero-plus/overall_results.json
starVLA,libero-plus,ervla_mlm_pi_encoder_cam3d,libero_object,47,64,0.73437500,/e/project1/m3/blank4/code/starVLA/playground/Checkpoints/ervla_mlm_pi_encoder_cam3d/results/libero-plus/overall_results.json
starVLA,libero-plus,ervla_mlm_pi_encoder_cam3d,libero_spatial,44,64,0.68750000,/e/project1/m3/blank4/code/starVLA/playground/Checkpoints/ervla_mlm_pi_encoder_cam3d/results/libero-plus/overall_results.json
starVLA,libero-plus,ervla_mlm_pi_encoder_cam3d,libero_10,40,64,0.62500000,/e/project1/m3/blank4/code/starVLA/playground/Checkpoints/ervla_mlm_pi_encoder_cam3d/results/libero-plus/libero_10/overall_results.json
starVLA,libero-plus,ervla_mlm_pi_encoder_cam3d,libero_goal,45,64,0.70312500,/e/project1/m3/blank4/code/starVLA/playground/Checkpoints/ervla_mlm_pi_encoder_cam3d/results/libero-plus/libero_goal/overall_results.json
starVLA,libero-plus,ervla_mlm_pi_encoder_cam3d,libero_object,47,64,0.73437500,/e/project1/m3/blank4/code/starVLA/playground/Checkpoints/ervla_mlm_pi_encoder_cam3d/results/libero-plus/libero_object/overall_results.json
starVLA,libero-plus,ervla_mlm_pi_encoder_cam3d,libero_spatial,44,64,0.68750000,/e/project1/m3/blank4/code/starVLA/playground/Checkpoints/ervla_mlm_pi_encoder_cam3d/results/libero-plus/libero_spatial/overall_results.json
starVLA,libero-plus,ervla_mlm_pi_encoder_cam3d_rand,libero_10,35,64,0.54687500,/e/project1/m3/blank4/code/starVLA/playground/Checkpoints/ervla_mlm_pi_encoder_cam3d_rand/results/libero-plus/overall_results.json
starVLA,libero-plus,ervla_mlm_pi_encoder_cam3d_rand,libero_goal,42,64,0.65625000,/e/project1/m3/blank4/code/starVLA/playground/Checkpoints/ervla_mlm_pi_encoder_cam3d_rand/results/libero-plus/overall_results.json
starVLA,libero-plus,ervla_mlm_pi_encoder_cam3d_rand,libero_object,53,64,0.82812500,/e/project1/m3/blank4/code/starVLA/playground/Checkpoints/ervla_mlm_pi_encoder_cam3d_rand/results/libero-plus/overall_results.json
starVLA,libero-plus,ervla_mlm_pi_encoder_cam3d_rand,libero_spatial,53,64,0.82812500,/e/project1/m3/blank4/code/starVLA/playground/Checkpoints/ervla_mlm_pi_encoder_cam3d_rand/results/libero-plus/overall_results.json
starVLA,libero-plus,ervla_mlm_pi_encoder_cam3d_rand,libero_10,35,64,0.54687500,/e/project1/m3/blank4/code/starVLA/playground/Checkpoints/ervla_mlm_pi_encoder_cam3d_rand/results/libero-plus/libero_10/overall_results.json
starVLA,libero-plus,ervla_mlm_pi_encoder_cam3d_rand,libero_goal,42,64,0.65625000,/e/project1/m3/blank4/code/starVLA/playground/Checkpoints/ervla_mlm_pi_encoder_cam3d_rand/results/libero-plus/libero_goal/overall_results.json
starVLA,libero-plus,ervla_mlm_pi_encoder_cam3d_rand,libero_object,53,64,0.82812500,/e/project1/m3/blank4/code/starVLA/playground/Checkpoints/ervla_mlm_pi_encoder_cam3d_rand/results/libero-plus/libero_object/overall_results.json
starVLA,libero-plus,ervla_mlm_pi_encoder_cam3d_rand,libero_spatial,53,64,0.82812500,/e/project1/m3/blank4/code/starVLA/playground/Checkpoints/ervla_mlm_pi_encoder_cam3d_rand/results/libero-plus/libero_spatial/overall_results.json
starVLA,libero-plus,ervla_mlm_pi_encoder_cam3d_slotdrop15_nolabeldrop_noditdrop,libero_10,45,64,0.70312500,/e/project1/m3/blank4/code/starVLA/playground/Checkpoints/ervla_mlm_pi_encoder_cam3d_slotdrop15_nolabeldrop_noditdrop/results/libero-plus/overall_results.json
starVLA,libero-plus,ervla_mlm_pi_encoder_cam3d_slotdrop15_nolabeldrop_noditdrop,libero_goal,45,64,0.70312500,/e/project1/m3/blank4/code/starVLA/playground/Checkpoints/ervla_mlm_pi_encoder_cam3d_slotdrop15_nolabeldrop_noditdrop/results/libero-plus/overall_results.json
starVLA,libero-plus,ervla_mlm_pi_encoder_cam3d_slotdrop15_nolabeldrop_noditdrop,libero_object,51,64,0.79687500,/e/project1/m3/blank4/code/starVLA/playground/Checkpoints/ervla_mlm_pi_encoder_cam3d_slotdrop15_nolabeldrop_noditdrop/results/libero-plus/overall_results.json
starVLA,libero-plus,ervla_mlm_pi_encoder_cam3d_slotdrop15_nolabeldrop_noditdrop,libero_spatial,52,64,0.81250000,/e/project1/m3/blank4/code/starVLA/playground/Checkpoints/ervla_mlm_pi_encoder_cam3d_slotdrop15_nolabeldrop_noditdrop/results/libero-plus/overall_results.json
starVLA,libero-plus,ervla_mlm_pi_encoder_cam3d_slotdrop15_nolabeldrop_noditdrop,libero_10,45,64,0.70312500,/e/project1/m3/blank4/code/starVLA/playground/Checkpoints/ervla_mlm_pi_encoder_cam3d_slotdrop15_nolabeldrop_noditdrop/results/libero-plus/libero_10/overall_results.json
starVLA,libero-plus,ervla_mlm_pi_encoder_cam3d_slotdrop15_nolabeldrop_noditdrop,libero_goal,45,64,0.70312500,/e/project1/m3/blank4/code/starVLA/playground/Checkpoints/ervla_mlm_pi_encoder_cam3d_slotdrop15_nolabeldrop_noditdrop/results/libero-plus/libero_goal/overall_results.json
starVLA,libero-plus,ervla_mlm_pi_encoder_cam3d_slotdrop15_nolabeldrop_noditdrop,libero_object,51,64,0.79687500,/e/project1/m3/blank4/code/starVLA/playground/Checkpoints/ervla_mlm_pi_encoder_cam3d_slotdrop15_nolabeldrop_noditdrop/results/libero-plus/libero_object/overall_results.json
starVLA,libero-plus,ervla_mlm_pi_encoder_cam3d_slotdrop15_nolabeldrop_noditdrop,libero_spatial,52,64,0.81250000,/e/project1/m3/blank4/code/starVLA/playground/Checkpoints/ervla_mlm_pi_encoder_cam3d_slotdrop15_nolabeldrop_noditdrop/results/libero-plus/libero_spatial/overall_results.json
starVLA,libero-plus,ervla_mlm_pi_encoder_control,libero_10,46,64,0.71875000,/e/project1/m3/blank4/code/starVLA/playground/Checkpoints/ervla_mlm_pi_encoder_control/results/libero-plus/overall_results.json
starVLA,libero-plus,ervla_mlm_pi_encoder_control,libero_goal,48,64,0.75000000,/e/project1/m3/blank4/code/starVLA/playground/Checkpoints/ervla_mlm_pi_encoder_control/results/libero-plus/overall_results.json
starVLA,libero-plus,ervla_mlm_pi_encoder_control,libero_object,54,64,0.84375000,/e/project1/m3/blank4/code/starVLA/playground/Checkpoints/ervla_mlm_pi_encoder_control/results/libero-plus/overall_results.json
starVLA,libero-plus,ervla_mlm_pi_encoder_control,libero_spatial,51,64,0.79687500,/e/project1/m3/blank4/code/starVLA/playground/Checkpoints/ervla_mlm_pi_encoder_control/results/libero-plus/overall_results.json
starVLA,libero-plus,ervla_mlm_pi_encoder_control,libero_10,46,64,0.71875000,/e/project1/m3/blank4/code/starVLA/playground/Checkpoints/ervla_mlm_pi_encoder_control/results/libero-plus/libero_10/overall_results.json
starVLA,libero-plus,ervla_mlm_pi_encoder_control,libero_goal,48,64,0.75000000,/e/project1/m3/blank4/code/starVLA/playground/Checkpoints/ervla_mlm_pi_encoder_control/results/libero-plus/libero_goal/overall_results.json
starVLA,libero-plus,ervla_mlm_pi_encoder_control,libero_object,54,64,0.84375000,/e/project1/m3/blank4/code/starVLA/playground/Checkpoints/ervla_mlm_pi_encoder_control/results/libero-plus/libero_object/overall_results.json
starVLA,libero-plus,ervla_mlm_pi_encoder_control,libero_spatial,51,64,0.79687500,/e/project1/m3/blank4/code/starVLA/playground/Checkpoints/ervla_mlm_pi_encoder_control/results/libero-plus/libero_spatial/overall_results.json
starVLA,libero-plus,ervla_n_overlap18_structaux_cot,libero_10,37,64,0.57812500,/e/project1/m3/blank4/code/starVLA/playground/Checkpoints/ervla_n_overlap18_structaux_cot/results/libero-plus/overall_results.json
starVLA,libero-plus,ervla_n_overlap18_structaux_cot,libero_goal,40,64,0.62500000,/e/project1/m3/blank4/code/starVLA/playground/Checkpoints/ervla_n_overlap18_structaux_cot/results/libero-plus/overall_results.json
starVLA,libero-plus,ervla_n_overlap18_structaux_cot,libero_object,50,64,0.78125000,/e/project1/m3/blank4/code/starVLA/playground/Checkpoints/ervla_n_overlap18_structaux_cot/results/libero-plus/overall_results.json
starVLA,libero-plus,ervla_n_overlap18_structaux_cot,libero_spatial,51,64,0.79687500,/e/project1/m3/blank4/code/starVLA/playground/Checkpoints/ervla_n_overlap18_structaux_cot/results/libero-plus/overall_results.json
starVLA,libero-plus,ervla_n_overlap18_structaux_cot,libero_10,37,64,0.57812500,/e/project1/m3/blank4/code/starVLA/playground/Checkpoints/ervla_n_overlap18_structaux_cot/results/libero-plus/libero_10/overall_results.json
starVLA,libero-plus,ervla_n_overlap18_structaux_cot,libero_goal,40,64,0.62500000,/e/project1/m3/blank4/code/starVLA/playground/Checkpoints/ervla_n_overlap18_structaux_cot/results/libero-plus/libero_goal/overall_results.json
starVLA,libero-plus,ervla_n_overlap18_structaux_cot,libero_object,50,64,0.78125000,/e/project1/m3/blank4/code/starVLA/playground/Checkpoints/ervla_n_overlap18_structaux_cot/results/libero-plus/libero_object/overall_results.json
starVLA,libero-plus,ervla_n_overlap18_structaux_cot,libero_spatial,51,64,0.79687500,/e/project1/m3/blank4/code/starVLA/playground/Checkpoints/ervla_n_overlap18_structaux_cot/results/libero-plus/libero_spatial/overall_results.json
starVLA,libero-plus,ervla_o_split14_pi_cot,libero_10,32,64,0.50000000,/e/project1/m3/blank4/code/starVLA/playground/Checkpoints/ervla_o_split14_pi_cot/results/libero-plus/overall_results.json
starVLA,libero-plus,ervla_o_split14_pi_cot,libero_goal,13,64,0.20312500,/e/project1/m3/blank4/code/starVLA/playground/Checkpoints/ervla_o_split14_pi_cot/results/libero-plus/overall_results.json
starVLA,libero-plus,ervla_o_split14_pi_cot,libero_object,28,64,0.43750000,/e/project1/m3/blank4/code/starVLA/playground/Checkpoints/ervla_o_split14_pi_cot/results/libero-plus/overall_results.json
starVLA,libero-plus,ervla_o_split14_pi_cot,libero_spatial,31,64,0.48437500,/e/project1/m3/blank4/code/starVLA/playground/Checkpoints/ervla_o_split14_pi_cot/results/libero-plus/overall_results.json
starVLA,libero-plus,ervla_o_split14_pi_cot,libero_10,32,64,0.50000000,/e/project1/m3/blank4/code/starVLA/playground/Checkpoints/ervla_o_split14_pi_cot/results/libero-plus/libero_10/overall_results.json
starVLA,libero-plus,ervla_o_split14_pi_cot,libero_goal,13,64,0.20312500,/e/project1/m3/blank4/code/starVLA/playground/Checkpoints/ervla_o_split14_pi_cot/results/libero-plus/libero_goal/overall_results.json
starVLA,libero-plus,ervla_o_split14_pi_cot,libero_object,28,64,0.43750000,/e/project1/m3/blank4/code/starVLA/playground/Checkpoints/ervla_o_split14_pi_cot/results/libero-plus/libero_object/overall_results.json
starVLA,libero-plus,ervla_o_split14_pi_cot,libero_spatial,31,64,0.48437500,/e/project1/m3/blank4/code/starVLA/playground/Checkpoints/ervla_o_split14_pi_cot/results/libero-plus/libero_spatial/overall_results.json
starVLA,libero-plus,ervla_o_split14_pi_cot_masked,libero_10,39,64,0.60937500,/e/project1/m3/blank4/code/starVLA/playground/Checkpoints/ervla_o_split14_pi_cot_masked/results/libero-plus/overall_results.json
starVLA,libero-plus,ervla_o_split14_pi_cot_masked,libero_goal,40,64,0.62500000,/e/project1/m3/blank4/code/starVLA/playground/Checkpoints/ervla_o_split14_pi_cot_masked/results/libero-plus/overall_results.json
starVLA,libero-plus,ervla_o_split14_pi_cot_masked,libero_object,50,64,0.78125000,/e/project1/m3/blank4/code/starVLA/playground/Checkpoints/ervla_o_split14_pi_cot_masked/results/libero-plus/overall_results.json
starVLA,libero-plus,ervla_o_split14_pi_cot_masked,libero_spatial,49,64,0.76562500,/e/project1/m3/blank4/code/starVLA/playground/Checkpoints/ervla_o_split14_pi_cot_masked/results/libero-plus/overall_results.json
starVLA,libero-plus,ervla_o_split14_pi_cot_masked,libero_10,39,64,0.60937500,/e/project1/m3/blank4/code/starVLA/playground/Checkpoints/ervla_o_split14_pi_cot_masked/results/libero-plus/libero_10/overall_results.json
starVLA,libero-plus,ervla_o_split14_pi_cot_masked,libero_goal,40,64,0.62500000,/e/project1/m3/blank4/code/starVLA/playground/Checkpoints/ervla_o_split14_pi_cot_masked/results/libero-plus/libero_goal/overall_results.json
starVLA,libero-plus,ervla_o_split14_pi_cot_masked,libero_object,50,64,0.78125000,/e/project1/m3/blank4/code/starVLA/playground/Checkpoints/ervla_o_split14_pi_cot_masked/results/libero-plus/libero_object/overall_results.json
starVLA,libero-plus,ervla_o_split14_pi_cot_masked,libero_spatial,49,64,0.76562500,/e/project1/m3/blank4/code/starVLA/playground/Checkpoints/ervla_o_split14_pi_cot_masked/results/libero-plus/libero_spatial/overall_results.json
starVLA,libero-plus,ervla_p_causal_pi_masked,libero_10,37,64,0.57812500,/e/project1/m3/blank4/code/starVLA/playground/Checkpoints/ervla_p_causal_pi_masked/results/libero-plus/overall_results.json
starVLA,libero-plus,ervla_p_causal_pi_masked,libero_goal,44,64,0.68750000,/e/project1/m3/blank4/code/starVLA/playground/Checkpoints/ervla_p_causal_pi_masked/results/libero-plus/overall_results.json
starVLA,libero-plus,ervla_p_causal_pi_masked,libero_object,48,64,0.75000000,/e/project1/m3/blank4/code/starVLA/playground/Checkpoints/ervla_p_causal_pi_masked/results/libero-plus/overall_results.json
starVLA,libero-plus,ervla_p_causal_pi_masked,libero_spatial,47,64,0.73437500,/e/project1/m3/blank4/code/starVLA/playground/Checkpoints/ervla_p_causal_pi_masked/results/libero-plus/overall_results.json
starVLA,libero-plus,ervla_p_causal_pi_masked,libero_10,37,64,0.57812500,/e/project1/m3/blank4/code/starVLA/playground/Checkpoints/ervla_p_causal_pi_masked/results/libero-plus/libero_10/overall_results.json
starVLA,libero-plus,ervla_p_causal_pi_masked,libero_goal,44,64,0.68750000,/e/project1/m3/blank4/code/starVLA/playground/Checkpoints/ervla_p_causal_pi_masked/results/libero-plus/libero_goal/overall_results.json
starVLA,libero-plus,ervla_p_causal_pi_masked,libero_object,48,64,0.75000000,/e/project1/m3/blank4/code/starVLA/playground/Checkpoints/ervla_p_causal_pi_masked/results/libero-plus/libero_object/overall_results.json
starVLA,libero-plus,ervla_p_causal_pi_masked,libero_spatial,47,64,0.73437500,/e/project1/m3/blank4/code/starVLA/playground/Checkpoints/ervla_p_causal_pi_masked/results/libero-plus/libero_spatial/overall_results.json
starVLA,libero-plus,ervla_pi_bidir_actiononly_pifix_nolatent_nodrop_2gpu_s42,libero_10,642,1000,0.64200000,/e/project1/m3/blank4/code/starVLA/playground/Checkpoints/ervla_pi_bidir_actiononly_pifix_nolatent_nodrop_2gpu_s42/results/libero-plus/overall_results.json
starVLA,libero-plus,ervla_pi_bidir_actiononly_pifix_nolatent_nodrop_2gpu_s42,libero_goal,717,1000,0.71700000,/e/project1/m3/blank4/code/starVLA/playground/Checkpoints/ervla_pi_bidir_actiononly_pifix_nolatent_nodrop_2gpu_s42/results/libero-plus/overall_results.json
starVLA,libero-plus,ervla_pi_bidir_actiononly_pifix_nolatent_nodrop_2gpu_s42,libero_object,783,1000,0.78300000,/e/project1/m3/blank4/code/starVLA/playground/Checkpoints/ervla_pi_bidir_actiononly_pifix_nolatent_nodrop_2gpu_s42/results/libero-plus/overall_results.json
starVLA,libero-plus,ervla_pi_bidir_actiononly_pifix_nolatent_nodrop_2gpu_s42,libero_spatial,739,1000,0.73900000,/e/project1/m3/blank4/code/starVLA/playground/Checkpoints/ervla_pi_bidir_actiononly_pifix_nolatent_nodrop_2gpu_s42/results/libero-plus/overall_results.json
starVLA,libero-plus,ervla_pi_bidir_actiononly_pifix_nolatent_nodrop_2gpu_s42,libero_10,642,1000,0.64200000,/e/project1/m3/blank4/code/starVLA/playground/Checkpoints/ervla_pi_bidir_actiononly_pifix_nolatent_nodrop_2gpu_s42/results/libero-plus/libero_10/overall_results.json
starVLA,libero-plus,ervla_pi_bidir_actiononly_pifix_nolatent_nodrop_2gpu_s42,libero_goal,717,1000,0.71700000,/e/project1/m3/blank4/code/starVLA/playground/Checkpoints/ervla_pi_bidir_actiononly_pifix_nolatent_nodrop_2gpu_s42/results/libero-plus/libero_goal/overall_results.json
starVLA,libero-plus,ervla_pi_bidir_actiononly_pifix_nolatent_nodrop_2gpu_s42,libero_object,783,1000,0.78300000,/e/project1/m3/blank4/code/starVLA/playground/Checkpoints/ervla_pi_bidir_actiononly_pifix_nolatent_nodrop_2gpu_s42/results/libero-plus/libero_object/overall_results.json
starVLA,libero-plus,ervla_pi_bidir_actiononly_pifix_nolatent_nodrop_2gpu_s42,libero_spatial,739,1000,0.73900000,/e/project1/m3/blank4/code/starVLA/playground/Checkpoints/ervla_pi_bidir_actiononly_pifix_nolatent_nodrop_2gpu_s42/results/libero-plus/libero_spatial/overall_results.json
starVLA,libero-plus,ervla_pi_bidir_actiononly_pifix_nolatent_nodrop_2gpu_s43,libero_10,636,1000,0.63600000,/e/project1/m3/blank4/code/starVLA/playground/Checkpoints/ervla_pi_bidir_actiononly_pifix_nolatent_nodrop_2gpu_s43/results/libero-plus/overall_results.json
starVLA,libero-plus,ervla_pi_bidir_actiononly_pifix_nolatent_nodrop_2gpu_s43,libero_goal,692,1000,0.69200000,/e/project1/m3/blank4/code/starVLA/playground/Checkpoints/ervla_pi_bidir_actiononly_pifix_nolatent_nodrop_2gpu_s43/results/libero-plus/overall_results.json
starVLA,libero-plus,ervla_pi_bidir_actiononly_pifix_nolatent_nodrop_2gpu_s43,libero_object,813,1000,0.81300000,/e/project1/m3/blank4/code/starVLA/playground/Checkpoints/ervla_pi_bidir_actiononly_pifix_nolatent_nodrop_2gpu_s43/results/libero-plus/overall_results.json
starVLA,libero-plus,ervla_pi_bidir_actiononly_pifix_nolatent_nodrop_2gpu_s43,libero_spatial,745,1000,0.74500000,/e/project1/m3/blank4/code/starVLA/playground/Checkpoints/ervla_pi_bidir_actiononly_pifix_nolatent_nodrop_2gpu_s43/results/libero-plus/overall_results.json
starVLA,libero-plus,ervla_pi_bidir_actiononly_pifix_nolatent_nodrop_2gpu_s43,libero_10,636,1000,0.63600000,/e/project1/m3/blank4/code/starVLA/playground/Checkpoints/ervla_pi_bidir_actiononly_pifix_nolatent_nodrop_2gpu_s43/results/libero-plus/libero_10/overall_results.json
starVLA,libero-plus,ervla_pi_bidir_actiononly_pifix_nolatent_nodrop_2gpu_s43,libero_goal,692,1000,0.69200000,/e/project1/m3/blank4/code/starVLA/playground/Checkpoints/ervla_pi_bidir_actiononly_pifix_nolatent_nodrop_2gpu_s43/results/libero-plus/libero_goal/overall_results.json
starVLA,libero-plus,ervla_pi_bidir_actiononly_pifix_nolatent_nodrop_2gpu_s43,libero_object,813,1000,0.81300000,/e/project1/m3/blank4/code/starVLA/playground/Checkpoints/ervla_pi_bidir_actiononly_pifix_nolatent_nodrop_2gpu_s43/results/libero-plus/libero_object/overall_results.json
starVLA,libero-plus,ervla_pi_bidir_actiononly_pifix_nolatent_nodrop_2gpu_s43,libero_spatial,745,1000,0.74500000,/e/project1/m3/blank4/code/starVLA/playground/Checkpoints/ervla_pi_bidir_actiononly_pifix_nolatent_nodrop_2gpu_s43/results/libero-plus/libero_spatial/overall_results.json
starVLA,libero-plus,ervla_pi_bidir_actiononly_pifix_nolatent_nodrop_2gpu_s44,libero_10,660,1000,0.66000000,/e/project1/m3/blank4/code/starVLA/playground/Checkpoints/ervla_pi_bidir_actiononly_pifix_nolatent_nodrop_2gpu_s44/results/libero-plus/overall_results.json
starVLA,libero-plus,ervla_pi_bidir_actiononly_pifix_nolatent_nodrop_2gpu_s44,libero_goal,670,1000,0.67000000,/e/project1/m3/blank4/code/starVLA/playground/Checkpoints/ervla_pi_bidir_actiononly_pifix_nolatent_nodrop_2gpu_s44/results/libero-plus/overall_results.json
starVLA,libero-plus,ervla_pi_bidir_actiononly_pifix_nolatent_nodrop_2gpu_s44,libero_object,793,1000,0.79300000,/e/project1/m3/blank4/code/starVLA/playground/Checkpoints/ervla_pi_bidir_actiononly_pifix_nolatent_nodrop_2gpu_s44/results/libero-plus/overall_results.json
starVLA,libero-plus,ervla_pi_bidir_actiononly_pifix_nolatent_nodrop_2gpu_s44,libero_spatial,761,1000,0.76100000,/e/project1/m3/blank4/code/starVLA/playground/Checkpoints/ervla_pi_bidir_actiononly_pifix_nolatent_nodrop_2gpu_s44/results/libero-plus/overall_results.json
starVLA,libero-plus,ervla_pi_bidir_actiononly_pifix_nolatent_nodrop_2gpu_s44,libero_10,660,1000,0.66000000,/e/project1/m3/blank4/code/starVLA/playground/Checkpoints/ervla_pi_bidir_actiononly_pifix_nolatent_nodrop_2gpu_s44/results/libero-plus/libero_10/overall_results.json
starVLA,libero-plus,ervla_pi_bidir_actiononly_pifix_nolatent_nodrop_2gpu_s44,libero_goal,670,1000,0.67000000,/e/project1/m3/blank4/code/starVLA/playground/Checkpoints/ervla_pi_bidir_actiononly_pifix_nolatent_nodrop_2gpu_s44/results/libero-plus/libero_goal/overall_results.json
starVLA,libero-plus,ervla_pi_bidir_actiononly_pifix_nolatent_nodrop_2gpu_s44,libero_object,793,1000,0.79300000,/e/project1/m3/blank4/code/starVLA/playground/Checkpoints/ervla_pi_bidir_actiononly_pifix_nolatent_nodrop_2gpu_s44/results/libero-plus/libero_object/overall_results.json
starVLA,libero-plus,ervla_pi_bidir_actiononly_pifix_nolatent_nodrop_2gpu_s44,libero_spatial,761,1000,0.76100000,/e/project1/m3/blank4/code/starVLA/playground/Checkpoints/ervla_pi_bidir_actiononly_pifix_nolatent_nodrop_2gpu_s44/results/libero-plus/libero_spatial/overall_results.json
starVLA,libero-plus,ervla_pi_causal_actiononly_pifix_nolatent_nodrop_2gpu_s42,libero_10,631,1000,0.63100000,/e/project1/m3/blank4/code/starVLA/playground/Checkpoints/ervla_pi_causal_actiononly_pifix_nolatent_nodrop_2gpu_s42/results/libero-plus/overall_results.json
starVLA,libero-plus,ervla_pi_causal_actiononly_pifix_nolatent_nodrop_2gpu_s42,libero_goal,674,1000,0.67400000,/e/project1/m3/blank4/code/starVLA/playground/Checkpoints/ervla_pi_causal_actiononly_pifix_nolatent_nodrop_2gpu_s42/results/libero-plus/overall_results.json
starVLA,libero-plus,ervla_pi_causal_actiononly_pifix_nolatent_nodrop_2gpu_s42,libero_object,797,1000,0.79700000,/e/project1/m3/blank4/code/starVLA/playground/Checkpoints/ervla_pi_causal_actiononly_pifix_nolatent_nodrop_2gpu_s42/results/libero-plus/overall_results.json
starVLA,libero-plus,ervla_pi_causal_actiononly_pifix_nolatent_nodrop_2gpu_s42,libero_spatial,798,1000,0.79800000,/e/project1/m3/blank4/code/starVLA/playground/Checkpoints/ervla_pi_causal_actiononly_pifix_nolatent_nodrop_2gpu_s42/results/libero-plus/overall_results.json
starVLA,libero-plus,ervla_pi_causal_actiononly_pifix_nolatent_nodrop_2gpu_s42,libero_10,631,1000,0.63100000,/e/project1/m3/blank4/code/starVLA/playground/Checkpoints/ervla_pi_causal_actiononly_pifix_nolatent_nodrop_2gpu_s42/results/libero-plus/libero_10/overall_results.json
starVLA,libero-plus,ervla_pi_causal_actiononly_pifix_nolatent_nodrop_2gpu_s42,libero_goal,674,1000,0.67400000,/e/project1/m3/blank4/code/starVLA/playground/Checkpoints/ervla_pi_causal_actiononly_pifix_nolatent_nodrop_2gpu_s42/results/libero-plus/libero_goal/overall_results.json
starVLA,libero-plus,ervla_pi_causal_actiononly_pifix_nolatent_nodrop_2gpu_s42,libero_object,797,1000,0.79700000,/e/project1/m3/blank4/code/starVLA/playground/Checkpoints/ervla_pi_causal_actiononly_pifix_nolatent_nodrop_2gpu_s42/results/libero-plus/libero_object/overall_results.json
starVLA,libero-plus,ervla_pi_causal_actiononly_pifix_nolatent_nodrop_2gpu_s42,libero_spatial,798,1000,0.79800000,/e/project1/m3/blank4/code/starVLA/playground/Checkpoints/ervla_pi_causal_actiononly_pifix_nolatent_nodrop_2gpu_s42/results/libero-plus/libero_spatial/overall_results.json
starVLA,libero-plus,ervla_pi_causal_actiononly_pifix_nolatent_nodrop_2gpu_s43,libero_10,632,1000,0.63200000,/e/project1/m3/blank4/code/starVLA/playground/Checkpoints/ervla_pi_causal_actiononly_pifix_nolatent_nodrop_2gpu_s43/results/libero-plus/overall_results.json
starVLA,libero-plus,ervla_pi_causal_actiononly_pifix_nolatent_nodrop_2gpu_s43,libero_goal,699,1000,0.69900000,/e/project1/m3/blank4/code/starVLA/playground/Checkpoints/ervla_pi_causal_actiononly_pifix_nolatent_nodrop_2gpu_s43/results/libero-plus/overall_results.json
starVLA,libero-plus,ervla_pi_causal_actiononly_pifix_nolatent_nodrop_2gpu_s43,libero_object,776,1000,0.77600000,/e/project1/m3/blank4/code/starVLA/playground/Checkpoints/ervla_pi_causal_actiononly_pifix_nolatent_nodrop_2gpu_s43/results/libero-plus/overall_results.json
starVLA,libero-plus,ervla_pi_causal_actiononly_pifix_nolatent_nodrop_2gpu_s43,libero_spatial,753,1000,0.75300000,/e/project1/m3/blank4/code/starVLA/playground/Checkpoints/ervla_pi_causal_actiononly_pifix_nolatent_nodrop_2gpu_s43/results/libero-plus/overall_results.json
starVLA,libero-plus,ervla_pi_causal_actiononly_pifix_nolatent_nodrop_2gpu_s43,libero_10,632,1000,0.63200000,/e/project1/m3/blank4/code/starVLA/playground/Checkpoints/ervla_pi_causal_actiononly_pifix_nolatent_nodrop_2gpu_s43/results/libero-plus/libero_10/overall_results.json
starVLA,libero-plus,ervla_pi_causal_actiononly_pifix_nolatent_nodrop_2gpu_s43,libero_goal,699,1000,0.69900000,/e/project1/m3/blank4/code/starVLA/playground/Checkpoints/ervla_pi_causal_actiononly_pifix_nolatent_nodrop_2gpu_s43/results/libero-plus/libero_goal/overall_results.json
starVLA,libero-plus,ervla_pi_causal_actiononly_pifix_nolatent_nodrop_2gpu_s43,libero_object,776,1000,0.77600000,/e/project1/m3/blank4/code/starVLA/playground/Checkpoints/ervla_pi_causal_actiononly_pifix_nolatent_nodrop_2gpu_s43/results/libero-plus/libero_object/overall_results.json
starVLA,libero-plus,ervla_pi_causal_actiononly_pifix_nolatent_nodrop_2gpu_s43,libero_spatial,753,1000,0.75300000,/e/project1/m3/blank4/code/starVLA/playground/Checkpoints/ervla_pi_causal_actiononly_pifix_nolatent_nodrop_2gpu_s43/results/libero-plus/libero_spatial/overall_results.json
starVLA,libero-plus,ervla_pi_causal_actiononly_pifix_nolatent_nodrop_2gpu_s44,libero_10,657,1000,0.65700000,/e/project1/m3/blank4/code/starVLA/playground/Checkpoints/ervla_pi_causal_actiononly_pifix_nolatent_nodrop_2gpu_s44/results/libero-plus/overall_results.json
starVLA,libero-plus,ervla_pi_causal_actiononly_pifix_nolatent_nodrop_2gpu_s44,libero_goal,641,1000,0.64100000,/e/project1/m3/blank4/code/starVLA/playground/Checkpoints/ervla_pi_causal_actiononly_pifix_nolatent_nodrop_2gpu_s44/results/libero-plus/overall_results.json
starVLA,libero-plus,ervla_pi_causal_actiononly_pifix_nolatent_nodrop_2gpu_s44,libero_object,804,1000,0.80400000,/e/project1/m3/blank4/code/starVLA/playground/Checkpoints/ervla_pi_causal_actiononly_pifix_nolatent_nodrop_2gpu_s44/results/libero-plus/overall_results.json
starVLA,libero-plus,ervla_pi_causal_actiononly_pifix_nolatent_nodrop_2gpu_s44,libero_spatial,737,1000,0.73700000,/e/project1/m3/blank4/code/starVLA/playground/Checkpoints/ervla_pi_causal_actiononly_pifix_nolatent_nodrop_2gpu_s44/results/libero-plus/overall_results.json
starVLA,libero-plus,ervla_pi_causal_actiononly_pifix_nolatent_nodrop_2gpu_s44,libero_10,657,1000,0.65700000,/e/project1/m3/blank4/code/starVLA/playground/Checkpoints/ervla_pi_causal_actiononly_pifix_nolatent_nodrop_2gpu_s44/results/libero-plus/libero_10/overall_results.json
starVLA,libero-plus,ervla_pi_causal_actiononly_pifix_nolatent_nodrop_2gpu_s44,libero_goal,641,1000,0.64100000,/e/project1/m3/blank4/code/starVLA/playground/Checkpoints/ervla_pi_causal_actiononly_pifix_nolatent_nodrop_2gpu_s44/results/libero-plus/libero_goal/overall_results.json
starVLA,libero-plus,ervla_pi_causal_actiononly_pifix_nolatent_nodrop_2gpu_s44,libero_object,804,1000,0.80400000,/e/project1/m3/blank4/code/starVLA/playground/Checkpoints/ervla_pi_causal_actiononly_pifix_nolatent_nodrop_2gpu_s44/results/libero-plus/libero_object/overall_results.json
starVLA,libero-plus,ervla_pi_causal_actiononly_pifix_nolatent_nodrop_2gpu_s44,libero_spatial,737,1000,0.73700000,/e/project1/m3/blank4/code/starVLA/playground/Checkpoints/ervla_pi_causal_actiononly_pifix_nolatent_nodrop_2gpu_s44/results/libero-plus/libero_spatial/overall_results.json
starVLA,libero-plus,ervla_q_pi_split14_base_cot,libero_10,43,64,0.67187500,/e/project1/m3/blank4/code/starVLA/playground/Checkpoints/ervla_q_pi_split14_base_cot/results/libero-plus/overall_results.json
starVLA,libero-plus,ervla_q_pi_split14_base_cot,libero_goal,39,64,0.60937500,/e/project1/m3/blank4/code/starVLA/playground/Checkpoints/ervla_q_pi_split14_base_cot/results/libero-plus/overall_results.json
starVLA,libero-plus,ervla_q_pi_split14_base_cot,libero_object,46,64,0.71875000,/e/project1/m3/blank4/code/starVLA/playground/Checkpoints/ervla_q_pi_split14_base_cot/results/libero-plus/overall_results.json
starVLA,libero-plus,ervla_q_pi_split14_base_cot,libero_spatial,48,64,0.75000000,/e/project1/m3/blank4/code/starVLA/playground/Checkpoints/ervla_q_pi_split14_base_cot/results/libero-plus/overall_results.json
starVLA,libero-plus,ervla_q_pi_split14_base_cot,libero_10,43,64,0.67187500,/e/project1/m3/blank4/code/starVLA/playground/Checkpoints/ervla_q_pi_split14_base_cot/results/libero-plus/libero_10/overall_results.json
starVLA,libero-plus,ervla_q_pi_split14_base_cot,libero_goal,39,64,0.60937500,/e/project1/m3/blank4/code/starVLA/playground/Checkpoints/ervla_q_pi_split14_base_cot/results/libero-plus/libero_goal/overall_results.json
starVLA,libero-plus,ervla_q_pi_split14_base_cot,libero_object,46,64,0.71875000,/e/project1/m3/blank4/code/starVLA/playground/Checkpoints/ervla_q_pi_split14_base_cot/results/libero-plus/libero_object/overall_results.json
starVLA,libero-plus,ervla_q_pi_split14_base_cot,libero_spatial,48,64,0.75000000,/e/project1/m3/blank4/code/starVLA/playground/Checkpoints/ervla_q_pi_split14_base_cot/results/libero-plus/libero_spatial/overall_results.json
starVLA,libero-plus,ervla_s_pi_overlap18_base_cot,libero_10,41,64,0.64062500,/e/project1/m3/blank4/code/starVLA/playground/Checkpoints/ervla_s_pi_overlap18_base_cot/results/libero-plus/overall_results.json
starVLA,libero-plus,ervla_s_pi_overlap18_base_cot,libero_goal,47,64,0.73437500,/e/project1/m3/blank4/code/starVLA/playground/Checkpoints/ervla_s_pi_overlap18_base_cot/results/libero-plus/overall_results.json
starVLA,libero-plus,ervla_s_pi_overlap18_base_cot,libero_object,52,64,0.81250000,/e/project1/m3/blank4/code/starVLA/playground/Checkpoints/ervla_s_pi_overlap18_base_cot/results/libero-plus/overall_results.json
starVLA,libero-plus,ervla_s_pi_overlap18_base_cot,libero_spatial,44,64,0.68750000,/e/project1/m3/blank4/code/starVLA/playground/Checkpoints/ervla_s_pi_overlap18_base_cot/results/libero-plus/overall_results.json
starVLA,libero-plus,ervla_s_pi_overlap18_base_cot,libero_10,41,64,0.64062500,/e/project1/m3/blank4/code/starVLA/playground/Checkpoints/ervla_s_pi_overlap18_base_cot/results/libero-plus/libero_10/overall_results.json
starVLA,libero-plus,ervla_s_pi_overlap18_base_cot,libero_goal,47,64,0.73437500,/e/project1/m3/blank4/code/starVLA/playground/Checkpoints/ervla_s_pi_overlap18_base_cot/results/libero-plus/libero_goal/overall_results.json
starVLA,libero-plus,ervla_s_pi_overlap18_base_cot,libero_object,52,64,0.81250000,/e/project1/m3/blank4/code/starVLA/playground/Checkpoints/ervla_s_pi_overlap18_base_cot/results/libero-plus/libero_object/overall_results.json
starVLA,libero-plus,ervla_s_pi_overlap18_base_cot,libero_spatial,44,64,0.68750000,/e/project1/m3/blank4/code/starVLA/playground/Checkpoints/ervla_s_pi_overlap18_base_cot/results/libero-plus/libero_spatial/overall_results.json
starVLA,libero-plus,ervla_t_pi_overlap18_structaux_cot,libero_10,42,64,0.65625000,/e/project1/m3/blank4/code/starVLA/playground/Checkpoints/ervla_t_pi_overlap18_structaux_cot/results/libero-plus/overall_results.json
starVLA,libero-plus,ervla_t_pi_overlap18_structaux_cot,libero_goal,46,64,0.71875000,/e/project1/m3/blank4/code/starVLA/playground/Checkpoints/ervla_t_pi_overlap18_structaux_cot/results/libero-plus/overall_results.json
starVLA,libero-plus,ervla_t_pi_overlap18_structaux_cot,libero_object,53,64,0.82812500,/e/project1/m3/blank4/code/starVLA/playground/Checkpoints/ervla_t_pi_overlap18_structaux_cot/results/libero-plus/overall_results.json
starVLA,libero-plus,ervla_t_pi_overlap18_structaux_cot,libero_spatial,45,64,0.70312500,/e/project1/m3/blank4/code/starVLA/playground/Checkpoints/ervla_t_pi_overlap18_structaux_cot/results/libero-plus/overall_results.json
starVLA,libero-plus,ervla_t_pi_overlap18_structaux_cot,libero_10,42,64,0.65625000,/e/project1/m3/blank4/code/starVLA/playground/Checkpoints/ervla_t_pi_overlap18_structaux_cot/results/libero-plus/libero_10/overall_results.json
starVLA,libero-plus,ervla_t_pi_overlap18_structaux_cot,libero_goal,46,64,0.71875000,/e/project1/m3/blank4/code/starVLA/playground/Checkpoints/ervla_t_pi_overlap18_structaux_cot/results/libero-plus/libero_goal/overall_results.json
starVLA,libero-plus,ervla_t_pi_overlap18_structaux_cot,libero_object,53,64,0.82812500,/e/project1/m3/blank4/code/starVLA/playground/Checkpoints/ervla_t_pi_overlap18_structaux_cot/results/libero-plus/libero_object/overall_results.json
starVLA,libero-plus,ervla_t_pi_overlap18_structaux_cot,libero_spatial,45,64,0.70312500,/e/project1/m3/blank4/code/starVLA/playground/Checkpoints/ervla_t_pi_overlap18_structaux_cot/results/libero-plus/libero_spatial/overall_results.json
starVLA,libero-plus,ervla_u_pi_layerwise_decoder_cot,libero_10,38,64,0.59375000,/e/project1/m3/blank4/code/starVLA/playground/Checkpoints/ervla_u_pi_layerwise_decoder_cot/results/libero-plus/overall_results.json
starVLA,libero-plus,ervla_u_pi_layerwise_decoder_cot,libero_goal,52,64,0.81250000,/e/project1/m3/blank4/code/starVLA/playground/Checkpoints/ervla_u_pi_layerwise_decoder_cot/results/libero-plus/overall_results.json
starVLA,libero-plus,ervla_u_pi_layerwise_decoder_cot,libero_object,53,64,0.82812500,/e/project1/m3/blank4/code/starVLA/playground/Checkpoints/ervla_u_pi_layerwise_decoder_cot/results/libero-plus/overall_results.json
starVLA,libero-plus,ervla_u_pi_layerwise_decoder_cot,libero_spatial,48,64,0.75000000,/e/project1/m3/blank4/code/starVLA/playground/Checkpoints/ervla_u_pi_layerwise_decoder_cot/results/libero-plus/overall_results.json
starVLA,libero-plus,ervla_u_pi_layerwise_decoder_cot,libero_10,38,64,0.59375000,/e/project1/m3/blank4/code/starVLA/playground/Checkpoints/ervla_u_pi_layerwise_decoder_cot/results/libero-plus/libero_10/overall_results.json
starVLA,libero-plus,ervla_u_pi_layerwise_decoder_cot,libero_goal,52,64,0.81250000,/e/project1/m3/blank4/code/starVLA/playground/Checkpoints/ervla_u_pi_layerwise_decoder_cot/results/libero-plus/libero_goal/overall_results.json
starVLA,libero-plus,ervla_u_pi_layerwise_decoder_cot,libero_object,53,64,0.82812500,/e/project1/m3/blank4/code/starVLA/playground/Checkpoints/ervla_u_pi_layerwise_decoder_cot/results/libero-plus/libero_object/overall_results.json
starVLA,libero-plus,ervla_u_pi_layerwise_decoder_cot,libero_spatial,48,64,0.75000000,/e/project1/m3/blank4/code/starVLA/playground/Checkpoints/ervla_u_pi_layerwise_decoder_cot/results/libero-plus/libero_spatial/overall_results.json
starVLA,libero-plus,ervla_u_pi_layerwise_decoder_cot_rand,libero_10,691,1000,0.69100000,/e/project1/m3/blank4/code/starVLA/playground/Checkpoints/ervla_u_pi_layerwise_decoder_cot_rand/results/libero-plus/overall_results.json
starVLA,libero-plus,ervla_u_pi_layerwise_decoder_cot_rand,libero_goal,765,1000,0.76500000,/e/project1/m3/blank4/code/starVLA/playground/Checkpoints/ervla_u_pi_layerwise_decoder_cot_rand/results/libero-plus/overall_results.json
starVLA,libero-plus,ervla_u_pi_layerwise_decoder_cot_rand,libero_object,833,1000,0.83300000,/e/project1/m3/blank4/code/starVLA/playground/Checkpoints/ervla_u_pi_layerwise_decoder_cot_rand/results/libero-plus/overall_results.json
starVLA,libero-plus,ervla_u_pi_layerwise_decoder_cot_rand,libero_spatial,783,1000,0.78300000,/e/project1/m3/blank4/code/starVLA/playground/Checkpoints/ervla_u_pi_layerwise_decoder_cot_rand/results/libero-plus/overall_results.json
starVLA,libero-plus,ervla_u_pi_layerwise_decoder_cot_rand,libero_10,691,1000,0.69100000,/e/project1/m3/blank4/code/starVLA/playground/Checkpoints/ervla_u_pi_layerwise_decoder_cot_rand/results/libero-plus/libero_10/overall_results.json
starVLA,libero-plus,ervla_u_pi_layerwise_decoder_cot_rand,libero_goal,765,1000,0.76500000,/e/project1/m3/blank4/code/starVLA/playground/Checkpoints/ervla_u_pi_layerwise_decoder_cot_rand/results/libero-plus/libero_goal/overall_results.json
starVLA,libero-plus,ervla_u_pi_layerwise_decoder_cot_rand,libero_object,833,1000,0.83300000,/e/project1/m3/blank4/code/starVLA/playground/Checkpoints/ervla_u_pi_layerwise_decoder_cot_rand/results/libero-plus/libero_object/overall_results.json
starVLA,libero-plus,ervla_u_pi_layerwise_decoder_cot_rand,libero_spatial,783,1000,0.78300000,/e/project1/m3/blank4/code/starVLA/playground/Checkpoints/ervla_u_pi_layerwise_decoder_cot_rand/results/libero-plus/libero_spatial/overall_results.json
starVLA,libero-plus,ervla_v5_gr00t_actiononly_s42,libero_10,601,1000,0.60100000,/e/project1/m3/blank4/code/starVLA/playground/Checkpoints/ervla_v5_gr00t_actiononly_s42/results/libero-plus/overall_results.json
starVLA,libero-plus,ervla_v5_gr00t_actiononly_s42,libero_goal,734,1000,0.73400000,/e/project1/m3/blank4/code/starVLA/playground/Checkpoints/ervla_v5_gr00t_actiononly_s42/results/libero-plus/overall_results.json
starVLA,libero-plus,ervla_v5_gr00t_actiononly_s42,libero_object,870,1000,0.87000000,/e/project1/m3/blank4/code/starVLA/playground/Checkpoints/ervla_v5_gr00t_actiononly_s42/results/libero-plus/overall_results.json
starVLA,libero-plus,ervla_v5_gr00t_actiononly_s42,libero_spatial,809,1000,0.80900000,/e/project1/m3/blank4/code/starVLA/playground/Checkpoints/ervla_v5_gr00t_actiononly_s42/results/libero-plus/overall_results.json
starVLA,libero-plus,ervla_v5_gr00t_actiononly_s42,libero_10,601,1000,0.60100000,/e/project1/m3/blank4/code/starVLA/playground/Checkpoints/ervla_v5_gr00t_actiononly_s42/results/libero-plus/libero_10/overall_results.json
starVLA,libero-plus,ervla_v5_gr00t_actiononly_s42,libero_goal,734,1000,0.73400000,/e/project1/m3/blank4/code/starVLA/playground/Checkpoints/ervla_v5_gr00t_actiononly_s42/results/libero-plus/libero_goal/overall_results.json
starVLA,libero-plus,ervla_v5_gr00t_actiononly_s42,libero_object,870,1000,0.87000000,/e/project1/m3/blank4/code/starVLA/playground/Checkpoints/ervla_v5_gr00t_actiononly_s42/results/libero-plus/libero_object/overall_results.json
starVLA,libero-plus,ervla_v5_gr00t_actiononly_s42,libero_spatial,809,1000,0.80900000,/e/project1/m3/blank4/code/starVLA/playground/Checkpoints/ervla_v5_gr00t_actiononly_s42/results/libero-plus/libero_spatial/overall_results.json
starVLA,libero-plus,ervla_v5_gr00t_actiononly_s43,libero_10,648,1000,0.64800000,/e/project1/m3/blank4/code/starVLA/playground/Checkpoints/ervla_v5_gr00t_actiononly_s43/results/libero-plus/overall_results.json
starVLA,libero-plus,ervla_v5_gr00t_actiononly_s43,libero_goal,721,1000,0.72100000,/e/project1/m3/blank4/code/starVLA/playground/Checkpoints/ervla_v5_gr00t_actiononly_s43/results/libero-plus/overall_results.json
starVLA,libero-plus,ervla_v5_gr00t_actiononly_s43,libero_object,827,1000,0.82700000,/e/project1/m3/blank4/code/starVLA/playground/Checkpoints/ervla_v5_gr00t_actiononly_s43/results/libero-plus/overall_results.json
starVLA,libero-plus,ervla_v5_gr00t_actiononly_s43,libero_spatial,760,1000,0.76000000,/e/project1/m3/blank4/code/starVLA/playground/Checkpoints/ervla_v5_gr00t_actiononly_s43/results/libero-plus/overall_results.json
starVLA,libero-plus,ervla_v5_gr00t_actiononly_s43,libero_10,648,1000,0.64800000,/e/project1/m3/blank4/code/starVLA/playground/Checkpoints/ervla_v5_gr00t_actiononly_s43/results/libero-plus/libero_10/overall_results.json
starVLA,libero-plus,ervla_v5_gr00t_actiononly_s43,libero_goal,721,1000,0.72100000,/e/project1/m3/blank4/code/starVLA/playground/Checkpoints/ervla_v5_gr00t_actiononly_s43/results/libero-plus/libero_goal/overall_results.json
starVLA,libero-plus,ervla_v5_gr00t_actiononly_s43,libero_object,827,1000,0.82700000,/e/project1/m3/blank4/code/starVLA/playground/Checkpoints/ervla_v5_gr00t_actiononly_s43/results/libero-plus/libero_object/overall_results.json
starVLA,libero-plus,ervla_v5_gr00t_actiononly_s43,libero_spatial,760,1000,0.76000000,/e/project1/m3/blank4/code/starVLA/playground/Checkpoints/ervla_v5_gr00t_actiononly_s43/results/libero-plus/libero_spatial/overall_results.json
starVLA,libero-plus,ervla_v5_pi_actiononly_pifix_aug_s42,libero_10,662,1000,0.66200000,/e/project1/m3/blank4/code/starVLA/playground/Checkpoints/ervla_v5_pi_actiononly_pifix_aug_s42/results/libero-plus/overall_results.json
starVLA,libero-plus,ervla_v5_pi_actiononly_pifix_aug_s42,libero_goal,735,1000,0.73500000,/e/project1/m3/blank4/code/starVLA/playground/Checkpoints/ervla_v5_pi_actiononly_pifix_aug_s42/results/libero-plus/overall_results.json
starVLA,libero-plus,ervla_v5_pi_actiononly_pifix_aug_s42,libero_object,837,1000,0.83700000,/e/project1/m3/blank4/code/starVLA/playground/Checkpoints/ervla_v5_pi_actiononly_pifix_aug_s42/results/libero-plus/overall_results.json
starVLA,libero-plus,ervla_v5_pi_actiononly_pifix_aug_s42,libero_spatial,758,1000,0.75800000,/e/project1/m3/blank4/code/starVLA/playground/Checkpoints/ervla_v5_pi_actiononly_pifix_aug_s42/results/libero-plus/overall_results.json
starVLA,libero-plus,ervla_v5_pi_actiononly_pifix_aug_s42,libero_10,662,1000,0.66200000,/e/project1/m3/blank4/code/starVLA/playground/Checkpoints/ervla_v5_pi_actiononly_pifix_aug_s42/results/libero-plus/libero_10/overall_results.json
starVLA,libero-plus,ervla_v5_pi_actiononly_pifix_aug_s42,libero_goal,735,1000,0.73500000,/e/project1/m3/blank4/code/starVLA/playground/Checkpoints/ervla_v5_pi_actiononly_pifix_aug_s42/results/libero-plus/libero_goal/overall_results.json
starVLA,libero-plus,ervla_v5_pi_actiononly_pifix_aug_s42,libero_object,837,1000,0.83700000,/e/project1/m3/blank4/code/starVLA/playground/Checkpoints/ervla_v5_pi_actiononly_pifix_aug_s42/results/libero-plus/libero_object/overall_results.json
starVLA,libero-plus,ervla_v5_pi_actiononly_pifix_aug_s42,libero_spatial,758,1000,0.75800000,/e/project1/m3/blank4/code/starVLA/playground/Checkpoints/ervla_v5_pi_actiononly_pifix_aug_s42/results/libero-plus/libero_spatial/overall_results.json
starVLA,libero-plus,ervla_v5_pi_actiononly_pifix_aug_s43,libero_10,605,1000,0.60500000,/e/project1/m3/blank4/code/starVLA/playground/Checkpoints/ervla_v5_pi_actiononly_pifix_aug_s43/results/libero-plus/overall_results.json
starVLA,libero-plus,ervla_v5_pi_actiononly_pifix_aug_s43,libero_goal,731,1000,0.73100000,/e/project1/m3/blank4/code/starVLA/playground/Checkpoints/ervla_v5_pi_actiononly_pifix_aug_s43/results/libero-plus/overall_results.json
starVLA,libero-plus,ervla_v5_pi_actiononly_pifix_aug_s43,libero_object,809,1000,0.80900000,/e/project1/m3/blank4/code/starVLA/playground/Checkpoints/ervla_v5_pi_actiononly_pifix_aug_s43/results/libero-plus/overall_results.json
starVLA,libero-plus,ervla_v5_pi_actiononly_pifix_aug_s43,libero_spatial,736,1000,0.73600000,/e/project1/m3/blank4/code/starVLA/playground/Checkpoints/ervla_v5_pi_actiononly_pifix_aug_s43/results/libero-plus/overall_results.json
starVLA,libero-plus,ervla_v5_pi_actiononly_pifix_aug_s43,libero_10,605,1000,0.60500000,/e/project1/m3/blank4/code/starVLA/playground/Checkpoints/ervla_v5_pi_actiononly_pifix_aug_s43/results/libero-plus/libero_10/overall_results.json
starVLA,libero-plus,ervla_v5_pi_actiononly_pifix_aug_s43,libero_goal,731,1000,0.73100000,/e/project1/m3/blank4/code/starVLA/playground/Checkpoints/ervla_v5_pi_actiononly_pifix_aug_s43/results/libero-plus/libero_goal/overall_results.json
starVLA,libero-plus,ervla_v5_pi_actiononly_pifix_aug_s43,libero_object,809,1000,0.80900000,/e/project1/m3/blank4/code/starVLA/playground/Checkpoints/ervla_v5_pi_actiononly_pifix_aug_s43/results/libero-plus/libero_object/overall_results.json
starVLA,libero-plus,ervla_v5_pi_actiononly_pifix_aug_s43,libero_spatial,736,1000,0.73600000,/e/project1/m3/blank4/code/starVLA/playground/Checkpoints/ervla_v5_pi_actiononly_pifix_aug_s43/results/libero-plus/libero_spatial/overall_results.json
starVLA,libero-plus,ervla_v5_pi_actiononly_pifix_s42,libero_10,656,1000,0.65600000,/e/project1/m3/blank4/code/starVLA/playground/Checkpoints/ervla_v5_pi_actiononly_pifix_s42/results/libero-plus/overall_results.json
starVLA,libero-plus,ervla_v5_pi_actiononly_pifix_s42,libero_goal,720,1000,0.72000000,/e/project1/m3/blank4/code/starVLA/playground/Checkpoints/ervla_v5_pi_actiononly_pifix_s42/results/libero-plus/overall_results.json
starVLA,libero-plus,ervla_v5_pi_actiononly_pifix_s42,libero_object,805,1000,0.80500000,/e/project1/m3/blank4/code/starVLA/playground/Checkpoints/ervla_v5_pi_actiononly_pifix_s42/results/libero-plus/overall_results.json
starVLA,libero-plus,ervla_v5_pi_actiononly_pifix_s42,libero_spatial,734,1000,0.73400000,/e/project1/m3/blank4/code/starVLA/playground/Checkpoints/ervla_v5_pi_actiononly_pifix_s42/results/libero-plus/overall_results.json
starVLA,libero-plus,ervla_v5_pi_actiononly_pifix_s42,libero_10,656,1000,0.65600000,/e/project1/m3/blank4/code/starVLA/playground/Checkpoints/ervla_v5_pi_actiononly_pifix_s42/results/libero-plus/libero_10/overall_results.json
starVLA,libero-plus,ervla_v5_pi_actiononly_pifix_s42,libero_goal,720,1000,0.72000000,/e/project1/m3/blank4/code/starVLA/playground/Checkpoints/ervla_v5_pi_actiononly_pifix_s42/results/libero-plus/libero_goal/overall_results.json
starVLA,libero-plus,ervla_v5_pi_actiononly_pifix_s42,libero_object,805,1000,0.80500000,/e/project1/m3/blank4/code/starVLA/playground/Checkpoints/ervla_v5_pi_actiononly_pifix_s42/results/libero-plus/libero_object/overall_results.json
starVLA,libero-plus,ervla_v5_pi_actiononly_pifix_s42,libero_spatial,734,1000,0.73400000,/e/project1/m3/blank4/code/starVLA/playground/Checkpoints/ervla_v5_pi_actiononly_pifix_s42/results/libero-plus/libero_spatial/overall_results.json
starVLA,libero-plus,ervla_v5_pi_actiononly_pifix_s43,libero_10,671,1000,0.67100000,/e/project1/m3/blank4/code/starVLA/playground/Checkpoints/ervla_v5_pi_actiononly_pifix_s43/results/libero-plus/overall_results.json
starVLA,libero-plus,ervla_v5_pi_actiononly_pifix_s43,libero_goal,727,1000,0.72700000,/e/project1/m3/blank4/code/starVLA/playground/Checkpoints/ervla_v5_pi_actiononly_pifix_s43/results/libero-plus/overall_results.json
starVLA,libero-plus,ervla_v5_pi_actiononly_pifix_s43,libero_object,808,1000,0.80800000,/e/project1/m3/blank4/code/starVLA/playground/Checkpoints/ervla_v5_pi_actiononly_pifix_s43/results/libero-plus/overall_results.json
starVLA,libero-plus,ervla_v5_pi_actiononly_pifix_s43,libero_spatial,729,1000,0.72900000,/e/project1/m3/blank4/code/starVLA/playground/Checkpoints/ervla_v5_pi_actiononly_pifix_s43/results/libero-plus/overall_results.json
starVLA,libero-plus,ervla_v5_pi_actiononly_pifix_s43,libero_10,671,1000,0.67100000,/e/project1/m3/blank4/code/starVLA/playground/Checkpoints/ervla_v5_pi_actiononly_pifix_s43/results/libero-plus/libero_10/overall_results.json
starVLA,libero-plus,ervla_v5_pi_actiononly_pifix_s43,libero_goal,727,1000,0.72700000,/e/project1/m3/blank4/code/starVLA/playground/Checkpoints/ervla_v5_pi_actiononly_pifix_s43/results/libero-plus/libero_goal/overall_results.json
starVLA,libero-plus,ervla_v5_pi_actiononly_pifix_s43,libero_object,808,1000,0.80800000,/e/project1/m3/blank4/code/starVLA/playground/Checkpoints/ervla_v5_pi_actiononly_pifix_s43/results/libero-plus/libero_object/overall_results.json
starVLA,libero-plus,ervla_v5_pi_actiononly_pifix_s43,libero_spatial,729,1000,0.72900000,/e/project1/m3/blank4/code/starVLA/playground/Checkpoints/ervla_v5_pi_actiononly_pifix_s43/results/libero-plus/libero_spatial/overall_results.json
starVLA,libero-plus,ervla_v5_pi_actiononly_pifix_vlmlr1e6_s4,libero_10,371,1000,0.37100000,/e/project1/m3/blank4/code/starVLA/playground/Checkpoints/ervla_v5_pi_actiononly_pifix_vlmlr1e6_s4/results/libero-plus/overall_results.json
starVLA,libero-plus,ervla_v5_pi_actiononly_pifix_vlmlr1e6_s4,libero_goal,544,1000,0.54400000,/e/project1/m3/blank4/code/starVLA/playground/Checkpoints/ervla_v5_pi_actiononly_pifix_vlmlr1e6_s4/results/libero-plus/overall_results.json
starVLA,libero-plus,ervla_v5_pi_actiononly_pifix_vlmlr1e6_s4,libero_object,658,1000,0.65800000,/e/project1/m3/blank4/code/starVLA/playground/Checkpoints/ervla_v5_pi_actiononly_pifix_vlmlr1e6_s4/results/libero-plus/overall_results.json
starVLA,libero-plus,ervla_v5_pi_actiononly_pifix_vlmlr1e6_s4,libero_spatial,615,1000,0.61500000,/e/project1/m3/blank4/code/starVLA/playground/Checkpoints/ervla_v5_pi_actiononly_pifix_vlmlr1e6_s4/results/libero-plus/overall_results.json
starVLA,libero-plus,ervla_v5_pi_actiononly_pifix_vlmlr1e6_s4,libero_10,371,1000,0.37100000,/e/project1/m3/blank4/code/starVLA/playground/Checkpoints/ervla_v5_pi_actiononly_pifix_vlmlr1e6_s4/results/libero-plus/libero_10/overall_results.json
starVLA,libero-plus,ervla_v5_pi_actiononly_pifix_vlmlr1e6_s4,libero_goal,544,1000,0.54400000,/e/project1/m3/blank4/code/starVLA/playground/Checkpoints/ervla_v5_pi_actiononly_pifix_vlmlr1e6_s4/results/libero-plus/libero_goal/overall_results.json
starVLA,libero-plus,ervla_v5_pi_actiononly_pifix_vlmlr1e6_s4,libero_object,658,1000,0.65800000,/e/project1/m3/blank4/code/starVLA/playground/Checkpoints/ervla_v5_pi_actiononly_pifix_vlmlr1e6_s4/results/libero-plus/libero_object/overall_results.json
starVLA,libero-plus,ervla_v5_pi_actiononly_pifix_vlmlr1e6_s4,libero_spatial,615,1000,0.61500000,/e/project1/m3/blank4/code/starVLA/playground/Checkpoints/ervla_v5_pi_actiononly_pifix_vlmlr1e6_s4/results/libero-plus/libero_spatial/overall_results.json
starVLA,libero-plus,ervla_v5_pi_actiononly_pifix_vlmlr1e6_s42,libero_10,439,1000,0.43900000,/e/project1/m3/blank4/code/starVLA/playground/Checkpoints/ervla_v5_pi_actiononly_pifix_vlmlr1e6_s42/results/libero-plus/overall_results.json
starVLA,libero-plus,ervla_v5_pi_actiononly_pifix_vlmlr1e6_s42,libero_goal,577,1000,0.57700000,/e/project1/m3/blank4/code/starVLA/playground/Checkpoints/ervla_v5_pi_actiononly_pifix_vlmlr1e6_s42/results/libero-plus/overall_results.json
starVLA,libero-plus,ervla_v5_pi_actiononly_pifix_vlmlr1e6_s42,libero_object,717,1000,0.71700000,/e/project1/m3/blank4/code/starVLA/playground/Checkpoints/ervla_v5_pi_actiononly_pifix_vlmlr1e6_s42/results/libero-plus/overall_results.json
starVLA,libero-plus,ervla_v5_pi_actiononly_pifix_vlmlr1e6_s42,libero_spatial,595,1000,0.59500000,/e/project1/m3/blank4/code/starVLA/playground/Checkpoints/ervla_v5_pi_actiononly_pifix_vlmlr1e6_s42/results/libero-plus/overall_results.json
starVLA,libero-plus,ervla_v5_pi_actiononly_pifix_vlmlr1e6_s42,libero_10,439,1000,0.43900000,/e/project1/m3/blank4/code/starVLA/playground/Checkpoints/ervla_v5_pi_actiononly_pifix_vlmlr1e6_s42/results/libero-plus/libero_10/overall_results.json
starVLA,libero-plus,ervla_v5_pi_actiononly_pifix_vlmlr1e6_s42,libero_goal,577,1000,0.57700000,/e/project1/m3/blank4/code/starVLA/playground/Checkpoints/ervla_v5_pi_actiononly_pifix_vlmlr1e6_s42/results/libero-plus/libero_goal/overall_results.json
starVLA,libero-plus,ervla_v5_pi_actiononly_pifix_vlmlr1e6_s42,libero_object,717,1000,0.71700000,/e/project1/m3/blank4/code/starVLA/playground/Checkpoints/ervla_v5_pi_actiononly_pifix_vlmlr1e6_s42/results/libero-plus/libero_object/overall_results.json
starVLA,libero-plus,ervla_v5_pi_actiononly_pifix_vlmlr1e6_s42,libero_spatial,595,1000,0.59500000,/e/project1/m3/blank4/code/starVLA/playground/Checkpoints/ervla_v5_pi_actiononly_pifix_vlmlr1e6_s42/results/libero-plus/libero_spatial/overall_results.json
starVLA,libero-plus,ervla_v5aux_pi_actiononly_pifix_s42,libero_10,662,1000,0.66200000,/e/project1/m3/blank4/code/starVLA/playground/Checkpoints/ervla_v5aux_pi_actiononly_pifix_s42/results/libero-plus/overall_results.json
starVLA,libero-plus,ervla_v5aux_pi_actiononly_pifix_s42,libero_goal,704,1000,0.70400000,/e/project1/m3/blank4/code/starVLA/playground/Checkpoints/ervla_v5aux_pi_actiononly_pifix_s42/results/libero-plus/overall_results.json
starVLA,libero-plus,ervla_v5aux_pi_actiononly_pifix_s42,libero_object,771,1000,0.77100000,/e/project1/m3/blank4/code/starVLA/playground/Checkpoints/ervla_v5aux_pi_actiononly_pifix_s42/results/libero-plus/overall_results.json
starVLA,libero-plus,ervla_v5aux_pi_actiononly_pifix_s42,libero_spatial,746,1000,0.74600000,/e/project1/m3/blank4/code/starVLA/playground/Checkpoints/ervla_v5aux_pi_actiononly_pifix_s42/results/libero-plus/overall_results.json
starVLA,libero-plus,ervla_v5aux_pi_actiononly_pifix_s42,libero_10,662,1000,0.66200000,/e/project1/m3/blank4/code/starVLA/playground/Checkpoints/ervla_v5aux_pi_actiononly_pifix_s42/results/libero-plus/libero_10/overall_results.json
starVLA,libero-plus,ervla_v5aux_pi_actiononly_pifix_s42,libero_goal,704,1000,0.70400000,/e/project1/m3/blank4/code/starVLA/playground/Checkpoints/ervla_v5aux_pi_actiononly_pifix_s42/results/libero-plus/libero_goal/overall_results.json
starVLA,libero-plus,ervla_v5aux_pi_actiononly_pifix_s42,libero_object,771,1000,0.77100000,/e/project1/m3/blank4/code/starVLA/playground/Checkpoints/ervla_v5aux_pi_actiononly_pifix_s42/results/libero-plus/libero_object/overall_results.json
starVLA,libero-plus,ervla_v5aux_pi_actiononly_pifix_s42,libero_spatial,746,1000,0.74600000,/e/project1/m3/blank4/code/starVLA/playground/Checkpoints/ervla_v5aux_pi_actiononly_pifix_s42/results/libero-plus/libero_spatial/overall_results.json
starVLA,libero-plus,ervla_v5aux_pi_actiononly_pifix_s43,libero_10,631,1000,0.63100000,/e/project1/m3/blank4/code/starVLA/playground/Checkpoints/ervla_v5aux_pi_actiononly_pifix_s43/results/libero-plus/overall_results.json
starVLA,libero-plus,ervla_v5aux_pi_actiononly_pifix_s43,libero_goal,712,1000,0.71200000,/e/project1/m3/blank4/code/starVLA/playground/Checkpoints/ervla_v5aux_pi_actiononly_pifix_s43/results/libero-plus/overall_results.json
starVLA,libero-plus,ervla_v5aux_pi_actiononly_pifix_s43,libero_object,790,1000,0.79000000,/e/project1/m3/blank4/code/starVLA/playground/Checkpoints/ervla_v5aux_pi_actiononly_pifix_s43/results/libero-plus/overall_results.json
starVLA,libero-plus,ervla_v5aux_pi_actiononly_pifix_s43,libero_spatial,755,1000,0.75500000,/e/project1/m3/blank4/code/starVLA/playground/Checkpoints/ervla_v5aux_pi_actiononly_pifix_s43/results/libero-plus/overall_results.json
starVLA,libero-plus,ervla_v5aux_pi_actiononly_pifix_s43,libero_10,631,1000,0.63100000,/e/project1/m3/blank4/code/starVLA/playground/Checkpoints/ervla_v5aux_pi_actiononly_pifix_s43/results/libero-plus/libero_10/overall_results.json
starVLA,libero-plus,ervla_v5aux_pi_actiononly_pifix_s43,libero_goal,712,1000,0.71200000,/e/project1/m3/blank4/code/starVLA/playground/Checkpoints/ervla_v5aux_pi_actiononly_pifix_s43/results/libero-plus/libero_goal/overall_results.json
starVLA,libero-plus,ervla_v5aux_pi_actiononly_pifix_s43,libero_object,790,1000,0.79000000,/e/project1/m3/blank4/code/starVLA/playground/Checkpoints/ervla_v5aux_pi_actiononly_pifix_s43/results/libero-plus/libero_object/overall_results.json
starVLA,libero-plus,ervla_v5aux_pi_actiononly_pifix_s43,libero_spatial,755,1000,0.75500000,/e/project1/m3/blank4/code/starVLA/playground/Checkpoints/ervla_v5aux_pi_actiononly_pifix_s43/results/libero-plus/libero_spatial/overall_results.json
starVLA,libero-plus,ervla_v_pi_decoder_staged_cot,libero_10,686,1000,0.68600000,/e/project1/m3/blank4/code/starVLA/playground/Checkpoints/ervla_v_pi_decoder_staged_cot/results/libero-plus/overall_results.json
starVLA,libero-plus,ervla_v_pi_decoder_staged_cot,libero_goal,746,1000,0.74600000,/e/project1/m3/blank4/code/starVLA/playground/Checkpoints/ervla_v_pi_decoder_staged_cot/results/libero-plus/overall_results.json
starVLA,libero-plus,ervla_v_pi_decoder_staged_cot,libero_object,804,1000,0.80400000,/e/project1/m3/blank4/code/starVLA/playground/Checkpoints/ervla_v_pi_decoder_staged_cot/results/libero-plus/overall_results.json
starVLA,libero-plus,ervla_v_pi_decoder_staged_cot,libero_spatial,799,1000,0.79900000,/e/project1/m3/blank4/code/starVLA/playground/Checkpoints/ervla_v_pi_decoder_staged_cot/results/libero-plus/overall_results.json
starVLA,libero-plus,ervla_v_pi_decoder_staged_cot,libero_10,686,1000,0.68600000,/e/project1/m3/blank4/code/starVLA/playground/Checkpoints/ervla_v_pi_decoder_staged_cot/results/libero-plus/libero_10/overall_results.json
starVLA,libero-plus,ervla_v_pi_decoder_staged_cot,libero_goal,746,1000,0.74600000,/e/project1/m3/blank4/code/starVLA/playground/Checkpoints/ervla_v_pi_decoder_staged_cot/results/libero-plus/libero_goal/overall_results.json
starVLA,libero-plus,ervla_v_pi_decoder_staged_cot,libero_object,804,1000,0.80400000,/e/project1/m3/blank4/code/starVLA/playground/Checkpoints/ervla_v_pi_decoder_staged_cot/results/libero-plus/libero_object/overall_results.json
starVLA,libero-plus,ervla_v_pi_decoder_staged_cot,libero_spatial,799,1000,0.79900000,/e/project1/m3/blank4/code/starVLA/playground/Checkpoints/ervla_v_pi_decoder_staged_cot/results/libero-plus/libero_spatial/overall_results.json
starVLA,libero-plus,ervla_w2_pi_encoder_actiononly_pifix_latent32,libero_10,43,64,0.67187500,/e/project1/m3/blank4/code/starVLA/playground/Checkpoints/ervla_w2_pi_encoder_actiononly_pifix_latent32/results/libero-plus/overall_results.json
starVLA,libero-plus,ervla_w2_pi_encoder_actiononly_pifix_latent32,libero_goal,54,64,0.84375000,/e/project1/m3/blank4/code/starVLA/playground/Checkpoints/ervla_w2_pi_encoder_actiononly_pifix_latent32/results/libero-plus/overall_results.json
starVLA,libero-plus,ervla_w2_pi_encoder_actiononly_pifix_latent32,libero_object,50,64,0.78125000,/e/project1/m3/blank4/code/starVLA/playground/Checkpoints/ervla_w2_pi_encoder_actiononly_pifix_latent32/results/libero-plus/overall_results.json
starVLA,libero-plus,ervla_w2_pi_encoder_actiononly_pifix_latent32,libero_spatial,51,64,0.79687500,/e/project1/m3/blank4/code/starVLA/playground/Checkpoints/ervla_w2_pi_encoder_actiononly_pifix_latent32/results/libero-plus/overall_results.json
starVLA,libero-plus,ervla_w2_pi_encoder_actiononly_pifix_latent32,libero_10,43,64,0.67187500,/e/project1/m3/blank4/code/starVLA/playground/Checkpoints/ervla_w2_pi_encoder_actiononly_pifix_latent32/results/libero-plus/libero_10/overall_results.json
starVLA,libero-plus,ervla_w2_pi_encoder_actiononly_pifix_latent32,libero_goal,54,64,0.84375000,/e/project1/m3/blank4/code/starVLA/playground/Checkpoints/ervla_w2_pi_encoder_actiononly_pifix_latent32/results/libero-plus/libero_goal/overall_results.json
starVLA,libero-plus,ervla_w2_pi_encoder_actiononly_pifix_latent32,libero_object,50,64,0.78125000,/e/project1/m3/blank4/code/starVLA/playground/Checkpoints/ervla_w2_pi_encoder_actiononly_pifix_latent32/results/libero-plus/libero_object/overall_results.json
starVLA,libero-plus,ervla_w2_pi_encoder_actiononly_pifix_latent32,libero_spatial,51,64,0.79687500,/e/project1/m3/blank4/code/starVLA/playground/Checkpoints/ervla_w2_pi_encoder_actiononly_pifix_latent32/results/libero-plus/libero_spatial/overall_results.json
starVLA,libero-plus,ervla_w2_pi_encoder_actiononly_pifix_nolatent,libero_10,45,64,0.70312500,/e/project1/m3/blank4/code/starVLA/playground/Checkpoints/ervla_w2_pi_encoder_actiononly_pifix_nolatent/results/libero-plus/overall_results.json
starVLA,libero-plus,ervla_w2_pi_encoder_actiononly_pifix_nolatent,libero_goal,47,64,0.73437500,/e/project1/m3/blank4/code/starVLA/playground/Checkpoints/ervla_w2_pi_encoder_actiononly_pifix_nolatent/results/libero-plus/overall_results.json
starVLA,libero-plus,ervla_w2_pi_encoder_actiononly_pifix_nolatent,libero_object,51,64,0.79687500,/e/project1/m3/blank4/code/starVLA/playground/Checkpoints/ervla_w2_pi_encoder_actiononly_pifix_nolatent/results/libero-plus/overall_results.json
starVLA,libero-plus,ervla_w2_pi_encoder_actiononly_pifix_nolatent,libero_spatial,45,64,0.70312500,/e/project1/m3/blank4/code/starVLA/playground/Checkpoints/ervla_w2_pi_encoder_actiononly_pifix_nolatent/results/libero-plus/overall_results.json
starVLA,libero-plus,ervla_w2_pi_encoder_actiononly_pifix_nolatent,libero_10,45,64,0.70312500,/e/project1/m3/blank4/code/starVLA/playground/Checkpoints/ervla_w2_pi_encoder_actiononly_pifix_nolatent/results/libero-plus/libero_10/overall_results.json
starVLA,libero-plus,ervla_w2_pi_encoder_actiononly_pifix_nolatent,libero_goal,47,64,0.73437500,/e/project1/m3/blank4/code/starVLA/playground/Checkpoints/ervla_w2_pi_encoder_actiononly_pifix_nolatent/results/libero-plus/libero_goal/overall_results.json
starVLA,libero-plus,ervla_w2_pi_encoder_actiononly_pifix_nolatent,libero_object,51,64,0.79687500,/e/project1/m3/blank4/code/starVLA/playground/Checkpoints/ervla_w2_pi_encoder_actiononly_pifix_nolatent/results/libero-plus/libero_object/overall_results.json
starVLA,libero-plus,ervla_w2_pi_encoder_actiononly_pifix_nolatent,libero_spatial,45,64,0.70312500,/e/project1/m3/blank4/code/starVLA/playground/Checkpoints/ervla_w2_pi_encoder_actiononly_pifix_nolatent/results/libero-plus/libero_spatial/overall_results.json
starVLA,libero-plus,ervla_w_pi_encoder_actiononly,libero_10,45,64,0.70312500,/e/project1/m3/blank4/code/starVLA/playground/Checkpoints/ervla_w_pi_encoder_actiononly/results/libero-plus/overall_results.json
starVLA,libero-plus,ervla_w_pi_encoder_actiononly,libero_goal,47,64,0.73437500,/e/project1/m3/blank4/code/starVLA/playground/Checkpoints/ervla_w_pi_encoder_actiononly/results/libero-plus/overall_results.json
starVLA,libero-plus,ervla_w_pi_encoder_actiononly,libero_object,53,64,0.82812500,/e/project1/m3/blank4/code/starVLA/playground/Checkpoints/ervla_w_pi_encoder_actiononly/results/libero-plus/overall_results.json
starVLA,libero-plus,ervla_w_pi_encoder_actiononly,libero_spatial,49,64,0.76562500,/e/project1/m3/blank4/code/starVLA/playground/Checkpoints/ervla_w_pi_encoder_actiononly/results/libero-plus/overall_results.json
starVLA,libero-plus,ervla_w_pi_encoder_actiononly,libero_10,45,64,0.70312500,/e/project1/m3/blank4/code/starVLA/playground/Checkpoints/ervla_w_pi_encoder_actiononly/results/libero-plus/libero_10/overall_results.json
starVLA,libero-plus,ervla_w_pi_encoder_actiononly,libero_goal,47,64,0.73437500,/e/project1/m3/blank4/code/starVLA/playground/Checkpoints/ervla_w_pi_encoder_actiononly/results/libero-plus/libero_goal/overall_results.json
starVLA,libero-plus,ervla_w_pi_encoder_actiononly,libero_object,53,64,0.82812500,/e/project1/m3/blank4/code/starVLA/playground/Checkpoints/ervla_w_pi_encoder_actiononly/results/libero-plus/libero_object/overall_results.json
starVLA,libero-plus,ervla_w_pi_encoder_actiononly,libero_spatial,49,64,0.76562500,/e/project1/m3/blank4/code/starVLA/playground/Checkpoints/ervla_w_pi_encoder_actiononly/results/libero-plus/libero_spatial/overall_results.json
starVLA,libero-plus,ervla_x_pi_encoder_actiononly_freeze8,libero_10,42,64,0.65625000,/e/project1/m3/blank4/code/starVLA/playground/Checkpoints/ervla_x_pi_encoder_actiononly_freeze8/results/libero-plus/overall_results.json
starVLA,libero-plus,ervla_x_pi_encoder_actiononly_freeze8,libero_goal,47,64,0.73437500,/e/project1/m3/blank4/code/starVLA/playground/Checkpoints/ervla_x_pi_encoder_actiononly_freeze8/results/libero-plus/overall_results.json
starVLA,libero-plus,ervla_x_pi_encoder_actiononly_freeze8,libero_object,46,64,0.71875000,/e/project1/m3/blank4/code/starVLA/playground/Checkpoints/ervla_x_pi_encoder_actiononly_freeze8/results/libero-plus/overall_results.json
starVLA,libero-plus,ervla_x_pi_encoder_actiononly_freeze8,libero_spatial,48,64,0.75000000,/e/project1/m3/blank4/code/starVLA/playground/Checkpoints/ervla_x_pi_encoder_actiononly_freeze8/results/libero-plus/overall_results.json
starVLA,libero-plus,ervla_x_pi_encoder_actiononly_freeze8,libero_10,42,64,0.65625000,/e/project1/m3/blank4/code/starVLA/playground/Checkpoints/ervla_x_pi_encoder_actiononly_freeze8/results/libero-plus/libero_10/overall_results.json
starVLA,libero-plus,ervla_x_pi_encoder_actiononly_freeze8,libero_goal,47,64,0.73437500,/e/project1/m3/blank4/code/starVLA/playground/Checkpoints/ervla_x_pi_encoder_actiononly_freeze8/results/libero-plus/libero_goal/overall_results.json
starVLA,libero-plus,ervla_x_pi_encoder_actiononly_freeze8,libero_object,46,64,0.71875000,/e/project1/m3/blank4/code/starVLA/playground/Checkpoints/ervla_x_pi_encoder_actiononly_freeze8/results/libero-plus/libero_object/overall_results.json
starVLA,libero-plus,ervla_x_pi_encoder_actiononly_freeze8,libero_spatial,48,64,0.75000000,/e/project1/m3/blank4/code/starVLA/playground/Checkpoints/ervla_x_pi_encoder_actiononly_freeze8/results/libero-plus/libero_spatial/overall_results.json
starVLA,libero-plus,ervla_y2_pi_k_structaux15_cot,libero_10,40,64,0.62500000,/e/project1/m3/blank4/code/starVLA/playground/Checkpoints/ervla_y2_pi_k_structaux15_cot/results/libero-plus/overall_results.json
starVLA,libero-plus,ervla_y2_pi_k_structaux15_cot,libero_goal,48,64,0.75000000,/e/project1/m3/blank4/code/starVLA/playground/Checkpoints/ervla_y2_pi_k_structaux15_cot/results/libero-plus/overall_results.json
starVLA,libero-plus,ervla_y2_pi_k_structaux15_cot,libero_object,51,64,0.79687500,/e/project1/m3/blank4/code/starVLA/playground/Checkpoints/ervla_y2_pi_k_structaux15_cot/results/libero-plus/overall_results.json
starVLA,libero-plus,ervla_y2_pi_k_structaux15_cot,libero_spatial,45,64,0.70312500,/e/project1/m3/blank4/code/starVLA/playground/Checkpoints/ervla_y2_pi_k_structaux15_cot/results/libero-plus/overall_results.json
starVLA,libero-plus,ervla_y2_pi_k_structaux15_cot,libero_10,40,64,0.62500000,/e/project1/m3/blank4/code/starVLA/playground/Checkpoints/ervla_y2_pi_k_structaux15_cot/results/libero-plus/libero_10/overall_results.json
starVLA,libero-plus,ervla_y2_pi_k_structaux15_cot,libero_goal,48,64,0.75000000,/e/project1/m3/blank4/code/starVLA/playground/Checkpoints/ervla_y2_pi_k_structaux15_cot/results/libero-plus/libero_goal/overall_results.json
starVLA,libero-plus,ervla_y2_pi_k_structaux15_cot,libero_object,51,64,0.79687500,/e/project1/m3/blank4/code/starVLA/playground/Checkpoints/ervla_y2_pi_k_structaux15_cot/results/libero-plus/libero_object/overall_results.json
starVLA,libero-plus,ervla_y2_pi_k_structaux15_cot,libero_spatial,45,64,0.70312500,/e/project1/m3/blank4/code/starVLA/playground/Checkpoints/ervla_y2_pi_k_structaux15_cot/results/libero-plus/libero_spatial/overall_results.json
starVLA,libero-plus,ervla_z1_pi_w32_anchor,libero_10,44,64,0.68750000,/e/project1/m3/blank4/code/starVLA/playground/Checkpoints/ervla_z1_pi_w32_anchor/results/libero-plus/overall_results.json
starVLA,libero-plus,ervla_z1_pi_w32_anchor,libero_goal,47,64,0.73437500,/e/project1/m3/blank4/code/starVLA/playground/Checkpoints/ervla_z1_pi_w32_anchor/results/libero-plus/overall_results.json
starVLA,libero-plus,ervla_z1_pi_w32_anchor,libero_object,48,64,0.75000000,/e/project1/m3/blank4/code/starVLA/playground/Checkpoints/ervla_z1_pi_w32_anchor/results/libero-plus/overall_results.json
starVLA,libero-plus,ervla_z1_pi_w32_anchor,libero_spatial,48,64,0.75000000,/e/project1/m3/blank4/code/starVLA/playground/Checkpoints/ervla_z1_pi_w32_anchor/results/libero-plus/overall_results.json
starVLA,libero-plus,ervla_z1_pi_w32_anchor,libero_10,44,64,0.68750000,/e/project1/m3/blank4/code/starVLA/playground/Checkpoints/ervla_z1_pi_w32_anchor/results/libero-plus/libero_10/overall_results.json
starVLA,libero-plus,ervla_z1_pi_w32_anchor,libero_goal,47,64,0.73437500,/e/project1/m3/blank4/code/starVLA/playground/Checkpoints/ervla_z1_pi_w32_anchor/results/libero-plus/libero_goal/overall_results.json
starVLA,libero-plus,ervla_z1_pi_w32_anchor,libero_object,48,64,0.75000000,/e/project1/m3/blank4/code/starVLA/playground/Checkpoints/ervla_z1_pi_w32_anchor/results/libero-plus/libero_object/overall_results.json
starVLA,libero-plus,ervla_z1_pi_w32_anchor,libero_spatial,48,64,0.75000000,/e/project1/m3/blank4/code/starVLA/playground/Checkpoints/ervla_z1_pi_w32_anchor/results/libero-plus/libero_spatial/overall_results.json
starVLA,libero-plus,ervla_z2_pi_w32_tied_dynamics,libero_10,659,1000,0.65900000,/e/project1/m3/blank4/code/starVLA/playground/Checkpoints/ervla_z2_pi_w32_tied_dynamics/results/libero-plus/overall_results.json
starVLA,libero-plus,ervla_z2_pi_w32_tied_dynamics,libero_goal,726,1000,0.72600000,/e/project1/m3/blank4/code/starVLA/playground/Checkpoints/ervla_z2_pi_w32_tied_dynamics/results/libero-plus/overall_results.json
starVLA,libero-plus,ervla_z2_pi_w32_tied_dynamics,libero_object,845,1000,0.84500000,/e/project1/m3/blank4/code/starVLA/playground/Checkpoints/ervla_z2_pi_w32_tied_dynamics/results/libero-plus/overall_results.json
starVLA,libero-plus,ervla_z2_pi_w32_tied_dynamics,libero_spatial,812,1000,0.81200000,/e/project1/m3/blank4/code/starVLA/playground/Checkpoints/ervla_z2_pi_w32_tied_dynamics/results/libero-plus/overall_results.json
starVLA,libero-plus,ervla_z2_pi_w32_tied_dynamics,libero_10,659,1000,0.65900000,/e/project1/m3/blank4/code/starVLA/playground/Checkpoints/ervla_z2_pi_w32_tied_dynamics/results/libero-plus/libero_10/overall_results.json
starVLA,libero-plus,ervla_z2_pi_w32_tied_dynamics,libero_goal,726,1000,0.72600000,/e/project1/m3/blank4/code/starVLA/playground/Checkpoints/ervla_z2_pi_w32_tied_dynamics/results/libero-plus/libero_goal/overall_results.json
starVLA,libero-plus,ervla_z2_pi_w32_tied_dynamics,libero_object,845,1000,0.84500000,/e/project1/m3/blank4/code/starVLA/playground/Checkpoints/ervla_z2_pi_w32_tied_dynamics/results/libero-plus/libero_object/overall_results.json
starVLA,libero-plus,ervla_z2_pi_w32_tied_dynamics,libero_spatial,812,1000,0.81200000,/e/project1/m3/blank4/code/starVLA/playground/Checkpoints/ervla_z2_pi_w32_tied_dynamics/results/libero-plus/libero_spatial/overall_results.json
starVLA,libero-plus,ervla_z3_pi_w32_anchor_tied_dynamics,libero_10,630,1000,0.63000000,/e/project1/m3/blank4/code/starVLA/playground/Checkpoints/ervla_z3_pi_w32_anchor_tied_dynamics/results/libero-plus/overall_results.json
starVLA,libero-plus,ervla_z3_pi_w32_anchor_tied_dynamics,libero_goal,725,1000,0.72500000,/e/project1/m3/blank4/code/starVLA/playground/Checkpoints/ervla_z3_pi_w32_anchor_tied_dynamics/results/libero-plus/overall_results.json
starVLA,libero-plus,ervla_z3_pi_w32_anchor_tied_dynamics,libero_object,817,1000,0.81700000,/e/project1/m3/blank4/code/starVLA/playground/Checkpoints/ervla_z3_pi_w32_anchor_tied_dynamics/results/libero-plus/overall_results.json
starVLA,libero-plus,ervla_z3_pi_w32_anchor_tied_dynamics,libero_spatial,802,1000,0.80200000,/e/project1/m3/blank4/code/starVLA/playground/Checkpoints/ervla_z3_pi_w32_anchor_tied_dynamics/results/libero-plus/overall_results.json
starVLA,libero-plus,ervla_z3_pi_w32_anchor_tied_dynamics,libero_10,630,1000,0.63000000,/e/project1/m3/blank4/code/starVLA/playground/Checkpoints/ervla_z3_pi_w32_anchor_tied_dynamics/results/libero-plus/libero_10/overall_results.json
starVLA,libero-plus,ervla_z3_pi_w32_anchor_tied_dynamics,libero_goal,725,1000,0.72500000,/e/project1/m3/blank4/code/starVLA/playground/Checkpoints/ervla_z3_pi_w32_anchor_tied_dynamics/results/libero-plus/libero_goal/overall_results.json
starVLA,libero-plus,ervla_z3_pi_w32_anchor_tied_dynamics,libero_object,817,1000,0.81700000,/e/project1/m3/blank4/code/starVLA/playground/Checkpoints/ervla_z3_pi_w32_anchor_tied_dynamics/results/libero-plus/libero_object/overall_results.json
starVLA,libero-plus,ervla_z3_pi_w32_anchor_tied_dynamics,libero_spatial,802,1000,0.80200000,/e/project1/m3/blank4/code/starVLA/playground/Checkpoints/ervla_z3_pi_w32_anchor_tied_dynamics/results/libero-plus/libero_spatial/overall_results.json
starVLA,libero-plus,ervla_zbase_pi_sharedz_control,libero_10,39,64,0.60937500,/e/project1/m3/blank4/code/starVLA/playground/Checkpoints/ervla_zbase_pi_sharedz_control/results/libero-plus/overall_results.json
starVLA,libero-plus,ervla_zbase_pi_sharedz_control,libero_goal,51,64,0.79687500,/e/project1/m3/blank4/code/starVLA/playground/Checkpoints/ervla_zbase_pi_sharedz_control/results/libero-plus/overall_results.json
starVLA,libero-plus,ervla_zbase_pi_sharedz_control,libero_object,54,64,0.84375000,/e/project1/m3/blank4/code/starVLA/playground/Checkpoints/ervla_zbase_pi_sharedz_control/results/libero-plus/overall_results.json
starVLA,libero-plus,ervla_zbase_pi_sharedz_control,libero_spatial,45,64,0.70312500,/e/project1/m3/blank4/code/starVLA/playground/Checkpoints/ervla_zbase_pi_sharedz_control/results/libero-plus/overall_results.json
starVLA,libero-plus,ervla_zbase_pi_sharedz_control,libero_10,39,64,0.60937500,/e/project1/m3/blank4/code/starVLA/playground/Checkpoints/ervla_zbase_pi_sharedz_control/results/libero-plus/libero_10/overall_results.json
starVLA,libero-plus,ervla_zbase_pi_sharedz_control,libero_goal,51,64,0.79687500,/e/project1/m3/blank4/code/starVLA/playground/Checkpoints/ervla_zbase_pi_sharedz_control/results/libero-plus/libero_goal/overall_results.json
starVLA,libero-plus,ervla_zbase_pi_sharedz_control,libero_object,54,64,0.84375000,/e/project1/m3/blank4/code/starVLA/playground/Checkpoints/ervla_zbase_pi_sharedz_control/results/libero-plus/libero_object/overall_results.json
starVLA,libero-plus,ervla_zbase_pi_sharedz_control,libero_spatial,45,64,0.70312500,/e/project1/m3/blank4/code/starVLA/playground/Checkpoints/ervla_zbase_pi_sharedz_control/results/libero-plus/libero_spatial/overall_results.json
starVLA,libero-plus,ervla_znodrop_pi_sharedz_ground_temporal,libero_10,675,1000,0.67500000,/e/project1/m3/blank4/code/starVLA/playground/Checkpoints/ervla_znodrop_pi_sharedz_ground_temporal/results/libero-plus/overall_results.json
starVLA,libero-plus,ervla_znodrop_pi_sharedz_ground_temporal,libero_goal,692,1000,0.69200000,/e/project1/m3/blank4/code/starVLA/playground/Checkpoints/ervla_znodrop_pi_sharedz_ground_temporal/results/libero-plus/overall_results.json
starVLA,libero-plus,ervla_znodrop_pi_sharedz_ground_temporal,libero_object,847,1000,0.84700000,/e/project1/m3/blank4/code/starVLA/playground/Checkpoints/ervla_znodrop_pi_sharedz_ground_temporal/results/libero-plus/overall_results.json
starVLA,libero-plus,ervla_znodrop_pi_sharedz_ground_temporal,libero_spatial,781,1000,0.78100000,/e/project1/m3/blank4/code/starVLA/playground/Checkpoints/ervla_znodrop_pi_sharedz_ground_temporal/results/libero-plus/overall_results.json
starVLA,libero-plus,ervla_znodrop_pi_sharedz_ground_temporal,libero_10,675,1000,0.67500000,/e/project1/m3/blank4/code/starVLA/playground/Checkpoints/ervla_znodrop_pi_sharedz_ground_temporal/results/libero-plus/libero_10/overall_results.json
starVLA,libero-plus,ervla_znodrop_pi_sharedz_ground_temporal,libero_goal,692,1000,0.69200000,/e/project1/m3/blank4/code/starVLA/playground/Checkpoints/ervla_znodrop_pi_sharedz_ground_temporal/results/libero-plus/libero_goal/overall_results.json
starVLA,libero-plus,ervla_znodrop_pi_sharedz_ground_temporal,libero_object,847,1000,0.84700000,/e/project1/m3/blank4/code/starVLA/playground/Checkpoints/ervla_znodrop_pi_sharedz_ground_temporal/results/libero-plus/libero_object/overall_results.json
starVLA,libero-plus,ervla_znodrop_pi_sharedz_ground_temporal,libero_spatial,781,1000,0.78100000,/e/project1/m3/blank4/code/starVLA/playground/Checkpoints/ervla_znodrop_pi_sharedz_ground_temporal/results/libero-plus/libero_spatial/overall_results.json
starVLA,libero-plus,ervla_zonly_gr00t_sharedz_ground_temporal_v5_s42,libero_10,681,1000,0.68100000,/e/project1/m3/blank4/code/starVLA/playground/Checkpoints/ervla_zonly_gr00t_sharedz_ground_temporal_v5_s42/results/libero-plus/overall_results.json
starVLA,libero-plus,ervla_zonly_gr00t_sharedz_ground_temporal_v5_s42,libero_goal,801,1000,0.80100000,/e/project1/m3/blank4/code/starVLA/playground/Checkpoints/ervla_zonly_gr00t_sharedz_ground_temporal_v5_s42/results/libero-plus/overall_results.json
starVLA,libero-plus,ervla_zonly_gr00t_sharedz_ground_temporal_v5_s42,libero_object,845,1000,0.84500000,/e/project1/m3/blank4/code/starVLA/playground/Checkpoints/ervla_zonly_gr00t_sharedz_ground_temporal_v5_s42/results/libero-plus/overall_results.json
starVLA,libero-plus,ervla_zonly_gr00t_sharedz_ground_temporal_v5_s42,libero_spatial,820,1000,0.82000000,/e/project1/m3/blank4/code/starVLA/playground/Checkpoints/ervla_zonly_gr00t_sharedz_ground_temporal_v5_s42/results/libero-plus/overall_results.json
starVLA,libero-plus,ervla_zonly_gr00t_sharedz_ground_temporal_v5_s42,libero_10,681,1000,0.68100000,/e/project1/m3/blank4/code/starVLA/playground/Checkpoints/ervla_zonly_gr00t_sharedz_ground_temporal_v5_s42/results/libero-plus/libero_10/overall_results.json
starVLA,libero-plus,ervla_zonly_gr00t_sharedz_ground_temporal_v5_s42,libero_goal,801,1000,0.80100000,/e/project1/m3/blank4/code/starVLA/playground/Checkpoints/ervla_zonly_gr00t_sharedz_ground_temporal_v5_s42/results/libero-plus/libero_goal/overall_results.json
starVLA,libero-plus,ervla_zonly_gr00t_sharedz_ground_temporal_v5_s42,libero_object,845,1000,0.84500000,/e/project1/m3/blank4/code/starVLA/playground/Checkpoints/ervla_zonly_gr00t_sharedz_ground_temporal_v5_s42/results/libero-plus/libero_object/overall_results.json
starVLA,libero-plus,ervla_zonly_gr00t_sharedz_ground_temporal_v5_s42,libero_spatial,820,1000,0.82000000,/e/project1/m3/blank4/code/starVLA/playground/Checkpoints/ervla_zonly_gr00t_sharedz_ground_temporal_v5_s42/results/libero-plus/libero_spatial/overall_results.json
starVLA,libero-plus,ervla_zonly_gr00t_sharedz_ground_temporal_v5_s43,libero_10,713,1000,0.71300000,/e/project1/m3/blank4/code/starVLA/playground/Checkpoints/ervla_zonly_gr00t_sharedz_ground_temporal_v5_s43/results/libero-plus/overall_results.json
starVLA,libero-plus,ervla_zonly_gr00t_sharedz_ground_temporal_v5_s43,libero_goal,774,1000,0.77400000,/e/project1/m3/blank4/code/starVLA/playground/Checkpoints/ervla_zonly_gr00t_sharedz_ground_temporal_v5_s43/results/libero-plus/overall_results.json
starVLA,libero-plus,ervla_zonly_gr00t_sharedz_ground_temporal_v5_s43,libero_object,846,1000,0.84600000,/e/project1/m3/blank4/code/starVLA/playground/Checkpoints/ervla_zonly_gr00t_sharedz_ground_temporal_v5_s43/results/libero-plus/overall_results.json
starVLA,libero-plus,ervla_zonly_gr00t_sharedz_ground_temporal_v5_s43,libero_spatial,798,1000,0.79800000,/e/project1/m3/blank4/code/starVLA/playground/Checkpoints/ervla_zonly_gr00t_sharedz_ground_temporal_v5_s43/results/libero-plus/overall_results.json
starVLA,libero-plus,ervla_zonly_gr00t_sharedz_ground_temporal_v5_s43,libero_10,713,1000,0.71300000,/e/project1/m3/blank4/code/starVLA/playground/Checkpoints/ervla_zonly_gr00t_sharedz_ground_temporal_v5_s43/results/libero-plus/libero_10/overall_results.json
starVLA,libero-plus,ervla_zonly_gr00t_sharedz_ground_temporal_v5_s43,libero_goal,774,1000,0.77400000,/e/project1/m3/blank4/code/starVLA/playground/Checkpoints/ervla_zonly_gr00t_sharedz_ground_temporal_v5_s43/results/libero-plus/libero_goal/overall_results.json
starVLA,libero-plus,ervla_zonly_gr00t_sharedz_ground_temporal_v5_s43,libero_object,846,1000,0.84600000,/e/project1/m3/blank4/code/starVLA/playground/Checkpoints/ervla_zonly_gr00t_sharedz_ground_temporal_v5_s43/results/libero-plus/libero_object/overall_results.json
starVLA,libero-plus,ervla_zonly_gr00t_sharedz_ground_temporal_v5_s43,libero_spatial,798,1000,0.79800000,/e/project1/m3/blank4/code/starVLA/playground/Checkpoints/ervla_zonly_gr00t_sharedz_ground_temporal_v5_s43/results/libero-plus/libero_spatial/overall_results.json
starVLA,libero-plus,ervla_zonly_pi_sharedz_ground_temporal,libero_10,717,1040,0.68942308,/e/project1/m3/blank4/code/starVLA/playground/Checkpoints/ervla_zonly_pi_sharedz_ground_temporal/results/libero-plus/overall_results.json
starVLA,libero-plus,ervla_zonly_pi_sharedz_ground_temporal,libero_goal,814,1038,0.78420039,/e/project1/m3/blank4/code/starVLA/playground/Checkpoints/ervla_zonly_pi_sharedz_ground_temporal/results/libero-plus/overall_results.json
starVLA,libero-plus,ervla_zonly_pi_sharedz_ground_temporal,libero_object,878,1037,0.84667310,/e/project1/m3/blank4/code/starVLA/playground/Checkpoints/ervla_zonly_pi_sharedz_ground_temporal/results/libero-plus/overall_results.json
starVLA,libero-plus,ervla_zonly_pi_sharedz_ground_temporal,libero_spatial,812,1034,0.78529981,/e/project1/m3/blank4/code/starVLA/playground/Checkpoints/ervla_zonly_pi_sharedz_ground_temporal/results/libero-plus/overall_results.json
starVLA,libero-plus,ervla_zonly_pi_sharedz_ground_temporal,libero_10,717,1040,0.68942308,/e/project1/m3/blank4/code/starVLA/playground/Checkpoints/ervla_zonly_pi_sharedz_ground_temporal/results/libero-plus/libero_10/overall_results.json
starVLA,libero-plus,ervla_zonly_pi_sharedz_ground_temporal,libero_goal,814,1038,0.78420039,/e/project1/m3/blank4/code/starVLA/playground/Checkpoints/ervla_zonly_pi_sharedz_ground_temporal/results/libero-plus/libero_goal/overall_results.json
starVLA,libero-plus,ervla_zonly_pi_sharedz_ground_temporal,libero_object,878,1037,0.84667310,/e/project1/m3/blank4/code/starVLA/playground/Checkpoints/ervla_zonly_pi_sharedz_ground_temporal/results/libero-plus/libero_object/overall_results.json
starVLA,libero-plus,ervla_zonly_pi_sharedz_ground_temporal,libero_spatial,812,1034,0.78529981,/e/project1/m3/blank4/code/starVLA/playground/Checkpoints/ervla_zonly_pi_sharedz_ground_temporal/results/libero-plus/libero_spatial/overall_results.json
starVLA,libero-plus,ervla_zonly_pi_sharedz_ground_temporal_aug_s42,libero_10,675,1000,0.67500000,/e/project1/m3/blank4/code/starVLA/playground/Checkpoints/ervla_zonly_pi_sharedz_ground_temporal_aug_s42/results/libero-plus/overall_results.json
starVLA,libero-plus,ervla_zonly_pi_sharedz_ground_temporal_aug_s42,libero_goal,749,1000,0.74900000,/e/project1/m3/blank4/code/starVLA/playground/Checkpoints/ervla_zonly_pi_sharedz_ground_temporal_aug_s42/results/libero-plus/overall_results.json
starVLA,libero-plus,ervla_zonly_pi_sharedz_ground_temporal_aug_s42,libero_object,801,1000,0.80100000,/e/project1/m3/blank4/code/starVLA/playground/Checkpoints/ervla_zonly_pi_sharedz_ground_temporal_aug_s42/results/libero-plus/overall_results.json
starVLA,libero-plus,ervla_zonly_pi_sharedz_ground_temporal_aug_s42,libero_spatial,806,1000,0.80600000,/e/project1/m3/blank4/code/starVLA/playground/Checkpoints/ervla_zonly_pi_sharedz_ground_temporal_aug_s42/results/libero-plus/overall_results.json
starVLA,libero-plus,ervla_zonly_pi_sharedz_ground_temporal_aug_s42,libero_10,675,1000,0.67500000,/e/project1/m3/blank4/code/starVLA/playground/Checkpoints/ervla_zonly_pi_sharedz_ground_temporal_aug_s42/results/libero-plus/libero_10/overall_results.json
starVLA,libero-plus,ervla_zonly_pi_sharedz_ground_temporal_aug_s42,libero_goal,749,1000,0.74900000,/e/project1/m3/blank4/code/starVLA/playground/Checkpoints/ervla_zonly_pi_sharedz_ground_temporal_aug_s42/results/libero-plus/libero_goal/overall_results.json
starVLA,libero-plus,ervla_zonly_pi_sharedz_ground_temporal_aug_s42,libero_object,801,1000,0.80100000,/e/project1/m3/blank4/code/starVLA/playground/Checkpoints/ervla_zonly_pi_sharedz_ground_temporal_aug_s42/results/libero-plus/libero_object/overall_results.json
starVLA,libero-plus,ervla_zonly_pi_sharedz_ground_temporal_aug_s42,libero_spatial,806,1000,0.80600000,/e/project1/m3/blank4/code/starVLA/playground/Checkpoints/ervla_zonly_pi_sharedz_ground_temporal_aug_s42/results/libero-plus/libero_spatial/overall_results.json
starVLA,libero-plus,ervla_zonly_pi_sharedz_ground_temporal_aug_s43,libero_10,661,1000,0.66100000,/e/project1/m3/blank4/code/starVLA/playground/Checkpoints/ervla_zonly_pi_sharedz_ground_temporal_aug_s43/results/libero-plus/overall_results.json
starVLA,libero-plus,ervla_zonly_pi_sharedz_ground_temporal_aug_s43,libero_goal,777,1000,0.77700000,/e/project1/m3/blank4/code/starVLA/playground/Checkpoints/ervla_zonly_pi_sharedz_ground_temporal_aug_s43/results/libero-plus/overall_results.json
starVLA,libero-plus,ervla_zonly_pi_sharedz_ground_temporal_aug_s43,libero_object,830,1000,0.83000000,/e/project1/m3/blank4/code/starVLA/playground/Checkpoints/ervla_zonly_pi_sharedz_ground_temporal_aug_s43/results/libero-plus/overall_results.json
starVLA,libero-plus,ervla_zonly_pi_sharedz_ground_temporal_aug_s43,libero_spatial,807,1000,0.80700000,/e/project1/m3/blank4/code/starVLA/playground/Checkpoints/ervla_zonly_pi_sharedz_ground_temporal_aug_s43/results/libero-plus/overall_results.json
starVLA,libero-plus,ervla_zonly_pi_sharedz_ground_temporal_aug_s43,libero_10,661,1000,0.66100000,/e/project1/m3/blank4/code/starVLA/playground/Checkpoints/ervla_zonly_pi_sharedz_ground_temporal_aug_s43/results/libero-plus/libero_10/overall_results.json
starVLA,libero-plus,ervla_zonly_pi_sharedz_ground_temporal_aug_s43,libero_goal,777,1000,0.77700000,/e/project1/m3/blank4/code/starVLA/playground/Checkpoints/ervla_zonly_pi_sharedz_ground_temporal_aug_s43/results/libero-plus/libero_goal/overall_results.json
starVLA,libero-plus,ervla_zonly_pi_sharedz_ground_temporal_aug_s43,libero_object,830,1000,0.83000000,/e/project1/m3/blank4/code/starVLA/playground/Checkpoints/ervla_zonly_pi_sharedz_ground_temporal_aug_s43/results/libero-plus/libero_object/overall_results.json
starVLA,libero-plus,ervla_zonly_pi_sharedz_ground_temporal_aug_s43,libero_spatial,807,1000,0.80700000,/e/project1/m3/blank4/code/starVLA/playground/Checkpoints/ervla_zonly_pi_sharedz_ground_temporal_aug_s43/results/libero-plus/libero_spatial/overall_results.json
starVLA,libero-plus,ervla_zonly_pi_sharedz_ground_temporal_v5_s42,libero_10,641,1000,0.64100000,/e/project1/m3/blank4/code/starVLA/playground/Checkpoints/ervla_zonly_pi_sharedz_ground_temporal_v5_s42/results/libero-plus/overall_results.json
starVLA,libero-plus,ervla_zonly_pi_sharedz_ground_temporal_v5_s42,libero_goal,770,1000,0.77000000,/e/project1/m3/blank4/code/starVLA/playground/Checkpoints/ervla_zonly_pi_sharedz_ground_temporal_v5_s42/results/libero-plus/overall_results.json
starVLA,libero-plus,ervla_zonly_pi_sharedz_ground_temporal_v5_s42,libero_object,855,1000,0.85500000,/e/project1/m3/blank4/code/starVLA/playground/Checkpoints/ervla_zonly_pi_sharedz_ground_temporal_v5_s42/results/libero-plus/overall_results.json
starVLA,libero-plus,ervla_zonly_pi_sharedz_ground_temporal_v5_s42,libero_spatial,793,1000,0.79300000,/e/project1/m3/blank4/code/starVLA/playground/Checkpoints/ervla_zonly_pi_sharedz_ground_temporal_v5_s42/results/libero-plus/overall_results.json
starVLA,libero-plus,ervla_zonly_pi_sharedz_ground_temporal_v5_s42,libero_10,641,1000,0.64100000,/e/project1/m3/blank4/code/starVLA/playground/Checkpoints/ervla_zonly_pi_sharedz_ground_temporal_v5_s42/results/libero-plus/libero_10/overall_results.json
starVLA,libero-plus,ervla_zonly_pi_sharedz_ground_temporal_v5_s42,libero_goal,770,1000,0.77000000,/e/project1/m3/blank4/code/starVLA/playground/Checkpoints/ervla_zonly_pi_sharedz_ground_temporal_v5_s42/results/libero-plus/libero_goal/overall_results.json
starVLA,libero-plus,ervla_zonly_pi_sharedz_ground_temporal_v5_s42,libero_object,855,1000,0.85500000,/e/project1/m3/blank4/code/starVLA/playground/Checkpoints/ervla_zonly_pi_sharedz_ground_temporal_v5_s42/results/libero-plus/libero_object/overall_results.json
starVLA,libero-plus,ervla_zonly_pi_sharedz_ground_temporal_v5_s42,libero_spatial,793,1000,0.79300000,/e/project1/m3/blank4/code/starVLA/playground/Checkpoints/ervla_zonly_pi_sharedz_ground_temporal_v5_s42/results/libero-plus/libero_spatial/overall_results.json
starVLA,libero-plus,ervla_zonly_pi_sharedz_ground_temporal_v5_s43,libero_10,665,1000,0.66500000,/e/project1/m3/blank4/code/starVLA/playground/Checkpoints/ervla_zonly_pi_sharedz_ground_temporal_v5_s43/results/libero-plus/overall_results.json
starVLA,libero-plus,ervla_zonly_pi_sharedz_ground_temporal_v5_s43,libero_goal,801,1000,0.80100000,/e/project1/m3/blank4/code/starVLA/playground/Checkpoints/ervla_zonly_pi_sharedz_ground_temporal_v5_s43/results/libero-plus/overall_results.json
starVLA,libero-plus,ervla_zonly_pi_sharedz_ground_temporal_v5_s43,libero_object,854,1000,0.85400000,/e/project1/m3/blank4/code/starVLA/playground/Checkpoints/ervla_zonly_pi_sharedz_ground_temporal_v5_s43/results/libero-plus/overall_results.json
starVLA,libero-plus,ervla_zonly_pi_sharedz_ground_temporal_v5_s43,libero_spatial,811,1000,0.81100000,/e/project1/m3/blank4/code/starVLA/playground/Checkpoints/ervla_zonly_pi_sharedz_ground_temporal_v5_s43/results/libero-plus/overall_results.json
starVLA,libero-plus,ervla_zonly_pi_sharedz_ground_temporal_v5_s43,libero_10,665,1000,0.66500000,/e/project1/m3/blank4/code/starVLA/playground/Checkpoints/ervla_zonly_pi_sharedz_ground_temporal_v5_s43/results/libero-plus/libero_10/overall_results.json
starVLA,libero-plus,ervla_zonly_pi_sharedz_ground_temporal_v5_s43,libero_goal,801,1000,0.80100000,/e/project1/m3/blank4/code/starVLA/playground/Checkpoints/ervla_zonly_pi_sharedz_ground_temporal_v5_s43/results/libero-plus/libero_goal/overall_results.json
starVLA,libero-plus,ervla_zonly_pi_sharedz_ground_temporal_v5_s43,libero_object,854,1000,0.85400000,/e/project1/m3/blank4/code/starVLA/playground/Checkpoints/ervla_zonly_pi_sharedz_ground_temporal_v5_s43/results/libero-plus/libero_object/overall_results.json
starVLA,libero-plus,ervla_zonly_pi_sharedz_ground_temporal_v5_s43,libero_spatial,811,1000,0.81100000,/e/project1/m3/blank4/code/starVLA/playground/Checkpoints/ervla_zonly_pi_sharedz_ground_temporal_v5_s43/results/libero-plus/libero_spatial/overall_results.json
starVLA,libero-plus,ervla_zshuf_pi_sharedz_ground_temporal,libero_10,677,1000,0.67700000,/e/project1/m3/blank4/code/starVLA/playground/Checkpoints/ervla_zshuf_pi_sharedz_ground_temporal/results/libero-plus/overall_results.json
starVLA,libero-plus,ervla_zshuf_pi_sharedz_ground_temporal,libero_goal,742,1000,0.74200000,/e/project1/m3/blank4/code/starVLA/playground/Checkpoints/ervla_zshuf_pi_sharedz_ground_temporal/results/libero-plus/overall_results.json
starVLA,libero-plus,ervla_zshuf_pi_sharedz_ground_temporal,libero_object,819,1000,0.81900000,/e/project1/m3/blank4/code/starVLA/playground/Checkpoints/ervla_zshuf_pi_sharedz_ground_temporal/results/libero-plus/overall_results.json
starVLA,libero-plus,ervla_zshuf_pi_sharedz_ground_temporal,libero_spatial,787,1000,0.78700000,/e/project1/m3/blank4/code/starVLA/playground/Checkpoints/ervla_zshuf_pi_sharedz_ground_temporal/results/libero-plus/overall_results.json
starVLA,libero-plus,ervla_zshuf_pi_sharedz_ground_temporal,libero_10,677,1000,0.67700000,/e/project1/m3/blank4/code/starVLA/playground/Checkpoints/ervla_zshuf_pi_sharedz_ground_temporal/results/libero-plus/libero_10/overall_results.json
starVLA,libero-plus,ervla_zshuf_pi_sharedz_ground_temporal,libero_goal,742,1000,0.74200000,/e/project1/m3/blank4/code/starVLA/playground/Checkpoints/ervla_zshuf_pi_sharedz_ground_temporal/results/libero-plus/libero_goal/overall_results.json
starVLA,libero-plus,ervla_zshuf_pi_sharedz_ground_temporal,libero_object,819,1000,0.81900000,/e/project1/m3/blank4/code/starVLA/playground/Checkpoints/ervla_zshuf_pi_sharedz_ground_temporal/results/libero-plus/libero_object/overall_results.json
starVLA,libero-plus,ervla_zshuf_pi_sharedz_ground_temporal,libero_spatial,787,1000,0.78700000,/e/project1/m3/blank4/code/starVLA/playground/Checkpoints/ervla_zshuf_pi_sharedz_ground_temporal/results/libero-plus/libero_spatial/overall_results.json
starVLA,libero-plus,ervla_zsup_pi_sharedz_ground_temporal,libero_10,47,64,0.73437500,/e/project1/m3/blank4/code/starVLA/playground/Checkpoints/ervla_zsup_pi_sharedz_ground_temporal/results/libero-plus/overall_results.json
starVLA,libero-plus,ervla_zsup_pi_sharedz_ground_temporal,libero_goal,50,64,0.78125000,/e/project1/m3/blank4/code/starVLA/playground/Checkpoints/ervla_zsup_pi_sharedz_ground_temporal/results/libero-plus/overall_results.json
starVLA,libero-plus,ervla_zsup_pi_sharedz_ground_temporal,libero_object,52,64,0.81250000,/e/project1/m3/blank4/code/starVLA/playground/Checkpoints/ervla_zsup_pi_sharedz_ground_temporal/results/libero-plus/overall_results.json
starVLA,libero-plus,ervla_zsup_pi_sharedz_ground_temporal,libero_spatial,53,64,0.82812500,/e/project1/m3/blank4/code/starVLA/playground/Checkpoints/ervla_zsup_pi_sharedz_ground_temporal/results/libero-plus/overall_results.json
starVLA,libero-plus,ervla_zsup_pi_sharedz_ground_temporal,libero_10,47,64,0.73437500,/e/project1/m3/blank4/code/starVLA/playground/Checkpoints/ervla_zsup_pi_sharedz_ground_temporal/results/libero-plus/libero_10/overall_results.json
starVLA,libero-plus,ervla_zsup_pi_sharedz_ground_temporal,libero_goal,50,64,0.78125000,/e/project1/m3/blank4/code/starVLA/playground/Checkpoints/ervla_zsup_pi_sharedz_ground_temporal/results/libero-plus/libero_goal/overall_results.json
starVLA,libero-plus,ervla_zsup_pi_sharedz_ground_temporal,libero_object,52,64,0.81250000,/e/project1/m3/blank4/code/starVLA/playground/Checkpoints/ervla_zsup_pi_sharedz_ground_temporal/results/libero-plus/libero_object/overall_results.json
starVLA,libero-plus,ervla_zsup_pi_sharedz_ground_temporal,libero_spatial,53,64,0.82812500,/e/project1/m3/blank4/code/starVLA/playground/Checkpoints/ervla_zsup_pi_sharedz_ground_temporal/results/libero-plus/libero_spatial/overall_results.json
starVLA,libero-plus,ervla_zsupdec_pi_sharedz_ground_temporal,libero_10,42,64,0.65625000,/e/project1/m3/blank4/code/starVLA/playground/Checkpoints/ervla_zsupdec_pi_sharedz_ground_temporal/results/libero-plus/overall_results.json
starVLA,libero-plus,ervla_zsupdec_pi_sharedz_ground_temporal,libero_goal,51,64,0.79687500,/e/project1/m3/blank4/code/starVLA/playground/Checkpoints/ervla_zsupdec_pi_sharedz_ground_temporal/results/libero-plus/overall_results.json
starVLA,libero-plus,ervla_zsupdec_pi_sharedz_ground_temporal,libero_object,50,64,0.78125000,/e/project1/m3/blank4/code/starVLA/playground/Checkpoints/ervla_zsupdec_pi_sharedz_ground_temporal/results/libero-plus/overall_results.json
starVLA,libero-plus,ervla_zsupdec_pi_sharedz_ground_temporal,libero_spatial,49,64,0.76562500,/e/project1/m3/blank4/code/starVLA/playground/Checkpoints/ervla_zsupdec_pi_sharedz_ground_temporal/results/libero-plus/overall_results.json
starVLA,libero-plus,ervla_zsupdec_pi_sharedz_ground_temporal,libero_10,42,64,0.65625000,/e/project1/m3/blank4/code/starVLA/playground/Checkpoints/ervla_zsupdec_pi_sharedz_ground_temporal/results/libero-plus/libero_10/overall_results.json
starVLA,libero-plus,ervla_zsupdec_pi_sharedz_ground_temporal,libero_goal,51,64,0.79687500,/e/project1/m3/blank4/code/starVLA/playground/Checkpoints/ervla_zsupdec_pi_sharedz_ground_temporal/results/libero-plus/libero_goal/overall_results.json
starVLA,libero-plus,ervla_zsupdec_pi_sharedz_ground_temporal,libero_object,50,64,0.78125000,/e/project1/m3/blank4/code/starVLA/playground/Checkpoints/ervla_zsupdec_pi_sharedz_ground_temporal/results/libero-plus/libero_object/overall_results.json
starVLA,libero-plus,ervla_zsupdec_pi_sharedz_ground_temporal,libero_spatial,49,64,0.76562500,/e/project1/m3/blank4/code/starVLA/playground/Checkpoints/ervla_zsupdec_pi_sharedz_ground_temporal/results/libero-plus/libero_spatial/overall_results.json
starVLA,libero-plus,ervla_zunsup_pi_sharedz_dist,libero_10,39,64,0.60937500,/e/project1/m3/blank4/code/starVLA/playground/Checkpoints/ervla_zunsup_pi_sharedz_dist/results/libero-plus/overall_results.json
starVLA,libero-plus,ervla_zunsup_pi_sharedz_dist,libero_goal,50,64,0.78125000,/e/project1/m3/blank4/code/starVLA/playground/Checkpoints/ervla_zunsup_pi_sharedz_dist/results/libero-plus/overall_results.json
starVLA,libero-plus,ervla_zunsup_pi_sharedz_dist,libero_object,54,64,0.84375000,/e/project1/m3/blank4/code/starVLA/playground/Checkpoints/ervla_zunsup_pi_sharedz_dist/results/libero-plus/overall_results.json
starVLA,libero-plus,ervla_zunsup_pi_sharedz_dist,libero_spatial,43,64,0.67187500,/e/project1/m3/blank4/code/starVLA/playground/Checkpoints/ervla_zunsup_pi_sharedz_dist/results/libero-plus/overall_results.json
starVLA,libero-plus,ervla_zunsup_pi_sharedz_dist,libero_10,39,64,0.60937500,/e/project1/m3/blank4/code/starVLA/playground/Checkpoints/ervla_zunsup_pi_sharedz_dist/results/libero-plus/libero_10/overall_results.json
starVLA,libero-plus,ervla_zunsup_pi_sharedz_dist,libero_goal,50,64,0.78125000,/e/project1/m3/blank4/code/starVLA/playground/Checkpoints/ervla_zunsup_pi_sharedz_dist/results/libero-plus/libero_goal/overall_results.json
starVLA,libero-plus,ervla_zunsup_pi_sharedz_dist,libero_object,54,64,0.84375000,/e/project1/m3/blank4/code/starVLA/playground/Checkpoints/ervla_zunsup_pi_sharedz_dist/results/libero-plus/libero_object/overall_results.json
starVLA,libero-plus,ervla_zunsup_pi_sharedz_dist,libero_spatial,43,64,0.67187500,/e/project1/m3/blank4/code/starVLA/playground/Checkpoints/ervla_zunsup_pi_sharedz_dist/results/libero-plus/libero_spatial/overall_results.json
starVLA,libero-plus,libero_encdec_arm_base,libero_10,0,144,0.00000000,/e/project1/m3/blank4/code/starVLA/playground/Checkpoints/libero_encdec_arm_base/results/libero-plus/overall_results.json
starVLA,libero-plus,libero_encdec_arm_base,libero_goal,1,92,0.01086957,/e/project1/m3/blank4/code/starVLA/playground/Checkpoints/libero_encdec_arm_base/results/libero-plus/overall_results.json
starVLA,libero-plus,libero_encdec_arm_base,libero_object,1,92,0.01086957,/e/project1/m3/blank4/code/starVLA/playground/Checkpoints/libero_encdec_arm_base/results/libero-plus/overall_results.json
starVLA,libero-plus,libero_encdec_arm_base,libero_spatial,0,92,0.00000000,/e/project1/m3/blank4/code/starVLA/playground/Checkpoints/libero_encdec_arm_base/results/libero-plus/overall_results.json
starVLA,libero-plus,libero_encdec_arm_base,libero_10,0,144,0.00000000,/e/project1/m3/blank4/code/starVLA/playground/Checkpoints/libero_encdec_arm_base/results/libero-plus/libero_10/overall_results.json
starVLA,libero-plus,libero_encdec_arm_base,libero_goal,1,92,0.01086957,/e/project1/m3/blank4/code/starVLA/playground/Checkpoints/libero_encdec_arm_base/results/libero-plus/libero_goal/overall_results.json
starVLA,libero-plus,libero_encdec_arm_base,libero_object,1,92,0.01086957,/e/project1/m3/blank4/code/starVLA/playground/Checkpoints/libero_encdec_arm_base/results/libero-plus/libero_object/overall_results.json
starVLA,libero-plus,libero_encdec_arm_base,libero_spatial,0,92,0.00000000,/e/project1/m3/blank4/code/starVLA/playground/Checkpoints/libero_encdec_arm_base/results/libero-plus/libero_spatial/overall_results.json
starVLA,libero-plus,libero_encdec_arm_blind,libero_10,0,116,0.00000000,/e/project1/m3/blank4/code/starVLA/playground/Checkpoints/libero_encdec_arm_blind/results/libero-plus/overall_results.json
starVLA,libero-plus,libero_encdec_arm_blind,libero_goal,0,64,0.00000000,/e/project1/m3/blank4/code/starVLA/playground/Checkpoints/libero_encdec_arm_blind/results/libero-plus/overall_results.json
starVLA,libero-plus,libero_encdec_arm_blind,libero_object,0,64,0.00000000,/e/project1/m3/blank4/code/starVLA/playground/Checkpoints/libero_encdec_arm_blind/results/libero-plus/overall_results.json
starVLA,libero-plus,libero_encdec_arm_blind,libero_spatial,0,64,0.00000000,/e/project1/m3/blank4/code/starVLA/playground/Checkpoints/libero_encdec_arm_blind/results/libero-plus/overall_results.json
starVLA,libero-plus,libero_encdec_arm_blind,libero_10,0,116,0.00000000,/e/project1/m3/blank4/code/starVLA/playground/Checkpoints/libero_encdec_arm_blind/results/libero-plus/libero_10/overall_results.json
starVLA,libero-plus,libero_encdec_arm_blind,libero_goal,0,64,0.00000000,/e/project1/m3/blank4/code/starVLA/playground/Checkpoints/libero_encdec_arm_blind/results/libero-plus/libero_goal/overall_results.json
starVLA,libero-plus,libero_encdec_arm_blind,libero_object,0,64,0.00000000,/e/project1/m3/blank4/code/starVLA/playground/Checkpoints/libero_encdec_arm_blind/results/libero-plus/libero_object/overall_results.json
starVLA,libero-plus,libero_encdec_arm_blind,libero_spatial,0,64,0.00000000,/e/project1/m3/blank4/code/starVLA/playground/Checkpoints/libero_encdec_arm_blind/results/libero-plus/libero_spatial/overall_results.json
starVLA,libero-plus,libero_encdec_arm_causal_maskft_all4,libero_10,0,103,0.00000000,/e/project1/m3/blank4/code/starVLA/playground/Checkpoints/libero_encdec_arm_causal_maskft_all4/results/libero-plus/overall_results.json
starVLA,libero-plus,libero_encdec_arm_causal_maskft_all4,libero_goal,0,64,0.00000000,/e/project1/m3/blank4/code/starVLA/playground/Checkpoints/libero_encdec_arm_causal_maskft_all4/results/libero-plus/overall_results.json
starVLA,libero-plus,libero_encdec_arm_causal_maskft_all4,libero_object,0,64,0.00000000,/e/project1/m3/blank4/code/starVLA/playground/Checkpoints/libero_encdec_arm_causal_maskft_all4/results/libero-plus/overall_results.json
starVLA,libero-plus,libero_encdec_arm_causal_maskft_all4,libero_spatial,0,64,0.00000000,/e/project1/m3/blank4/code/starVLA/playground/Checkpoints/libero_encdec_arm_causal_maskft_all4/results/libero-plus/overall_results.json
starVLA,libero-plus,libero_encdec_arm_causal_maskft_all4,libero_10,0,103,0.00000000,/e/project1/m3/blank4/code/starVLA/playground/Checkpoints/libero_encdec_arm_causal_maskft_all4/results/libero-plus/libero_10/overall_results.json
starVLA,libero-plus,libero_encdec_arm_causal_maskft_all4,libero_goal,0,64,0.00000000,/e/project1/m3/blank4/code/starVLA/playground/Checkpoints/libero_encdec_arm_causal_maskft_all4/results/libero-plus/libero_goal/overall_results.json
starVLA,libero-plus,libero_encdec_arm_causal_maskft_all4,libero_object,0,64,0.00000000,/e/project1/m3/blank4/code/starVLA/playground/Checkpoints/libero_encdec_arm_causal_maskft_all4/results/libero-plus/libero_object/overall_results.json
starVLA,libero-plus,libero_encdec_arm_causal_maskft_all4,libero_spatial,0,64,0.00000000,/e/project1/m3/blank4/code/starVLA/playground/Checkpoints/libero_encdec_arm_causal_maskft_all4/results/libero-plus/libero_spatial/overall_results.json
starVLA,libero-plus,libero_encdec_arm_encdec,libero_10,0,144,0.00000000,/e/project1/m3/blank4/code/starVLA/playground/Checkpoints/libero_encdec_arm_encdec/results/libero-plus/overall_results.json
starVLA,libero-plus,libero_encdec_arm_encdec,libero_goal,0,92,0.00000000,/e/project1/m3/blank4/code/starVLA/playground/Checkpoints/libero_encdec_arm_encdec/results/libero-plus/overall_results.json
starVLA,libero-plus,libero_encdec_arm_encdec,libero_object,0,92,0.00000000,/e/project1/m3/blank4/code/starVLA/playground/Checkpoints/libero_encdec_arm_encdec/results/libero-plus/overall_results.json
starVLA,libero-plus,libero_encdec_arm_encdec,libero_spatial,0,92,0.00000000,/e/project1/m3/blank4/code/starVLA/playground/Checkpoints/libero_encdec_arm_encdec/results/libero-plus/overall_results.json
starVLA,libero-plus,libero_encdec_arm_encdec,libero_10,0,144,0.00000000,/e/project1/m3/blank4/code/starVLA/playground/Checkpoints/libero_encdec_arm_encdec/results/libero-plus/libero_10/overall_results.json
starVLA,libero-plus,libero_encdec_arm_encdec,libero_goal,0,92,0.00000000,/e/project1/m3/blank4/code/starVLA/playground/Checkpoints/libero_encdec_arm_encdec/results/libero-plus/libero_goal/overall_results.json
starVLA,libero-plus,libero_encdec_arm_encdec,libero_object,0,92,0.00000000,/e/project1/m3/blank4/code/starVLA/playground/Checkpoints/libero_encdec_arm_encdec/results/libero-plus/libero_object/overall_results.json
starVLA,libero-plus,libero_encdec_arm_encdec,libero_spatial,0,92,0.00000000,/e/project1/m3/blank4/code/starVLA/playground/Checkpoints/libero_encdec_arm_encdec/results/libero-plus/libero_spatial/overall_results.json
starVLA,libero-plus,libero_encdec_arm_futuremask_all4,libero_10,0,103,0.00000000,/e/project1/m3/blank4/code/starVLA/playground/Checkpoints/libero_encdec_arm_futuremask_all4/results/libero-plus/overall_results.json
starVLA,libero-plus,libero_encdec_arm_futuremask_all4,libero_goal,0,64,0.00000000,/e/project1/m3/blank4/code/starVLA/playground/Checkpoints/libero_encdec_arm_futuremask_all4/results/libero-plus/overall_results.json
starVLA,libero-plus,libero_encdec_arm_futuremask_all4,libero_object,0,64,0.00000000,/e/project1/m3/blank4/code/starVLA/playground/Checkpoints/libero_encdec_arm_futuremask_all4/results/libero-plus/overall_results.json
starVLA,libero-plus,libero_encdec_arm_futuremask_all4,libero_spatial,0,64,0.00000000,/e/project1/m3/blank4/code/starVLA/playground/Checkpoints/libero_encdec_arm_futuremask_all4/results/libero-plus/overall_results.json
starVLA,libero-plus,libero_encdec_arm_futuremask_all4,libero_10,0,103,0.00000000,/e/project1/m3/blank4/code/starVLA/playground/Checkpoints/libero_encdec_arm_futuremask_all4/results/libero-plus/libero_10/overall_results.json
starVLA,libero-plus,libero_encdec_arm_futuremask_all4,libero_goal,0,64,0.00000000,/e/project1/m3/blank4/code/starVLA/playground/Checkpoints/libero_encdec_arm_futuremask_all4/results/libero-plus/libero_goal/overall_results.json
starVLA,libero-plus,libero_encdec_arm_futuremask_all4,libero_object,0,64,0.00000000,/e/project1/m3/blank4/code/starVLA/playground/Checkpoints/libero_encdec_arm_futuremask_all4/results/libero-plus/libero_object/overall_results.json
starVLA,libero-plus,libero_encdec_arm_futuremask_all4,libero_spatial,0,64,0.00000000,/e/project1/m3/blank4/code/starVLA/playground/Checkpoints/libero_encdec_arm_futuremask_all4/results/libero-plus/libero_spatial/overall_results.json
starVLA,libero-plus,libero_encdec_arm_maskft,libero_10,0,116,0.00000000,/e/project1/m3/blank4/code/starVLA/playground/Checkpoints/libero_encdec_arm_maskft/results/libero-plus/overall_results.json
starVLA,libero-plus,libero_encdec_arm_maskft,libero_goal,0,64,0.00000000,/e/project1/m3/blank4/code/starVLA/playground/Checkpoints/libero_encdec_arm_maskft/results/libero-plus/overall_results.json
starVLA,libero-plus,libero_encdec_arm_maskft,libero_object,0,64,0.00000000,/e/project1/m3/blank4/code/starVLA/playground/Checkpoints/libero_encdec_arm_maskft/results/libero-plus/overall_results.json
starVLA,libero-plus,libero_encdec_arm_maskft,libero_spatial,0,64,0.00000000,/e/project1/m3/blank4/code/starVLA/playground/Checkpoints/libero_encdec_arm_maskft/results/libero-plus/overall_results.json
starVLA,libero-plus,libero_encdec_arm_maskft,libero_10,0,116,0.00000000,/e/project1/m3/blank4/code/starVLA/playground/Checkpoints/libero_encdec_arm_maskft/results/libero-plus/libero_10/overall_results.json
starVLA,libero-plus,libero_encdec_arm_maskft,libero_goal,0,64,0.00000000,/e/project1/m3/blank4/code/starVLA/playground/Checkpoints/libero_encdec_arm_maskft/results/libero-plus/libero_goal/overall_results.json
starVLA,libero-plus,libero_encdec_arm_maskft,libero_object,0,64,0.00000000,/e/project1/m3/blank4/code/starVLA/playground/Checkpoints/libero_encdec_arm_maskft/results/libero-plus/libero_object/overall_results.json
starVLA,libero-plus,libero_encdec_arm_maskft,libero_spatial,0,64,0.00000000,/e/project1/m3/blank4/code/starVLA/playground/Checkpoints/libero_encdec_arm_maskft/results/libero-plus/libero_spatial/overall_results.json
starVLA,libero-plus,libero_encdec_arm_maskft_all4,libero_10,0,116,0.00000000,/e/project1/m3/blank4/code/starVLA/playground/Checkpoints/libero_encdec_arm_maskft_all4/results/libero-plus/overall_results.json
starVLA,libero-plus,libero_encdec_arm_maskft_all4,libero_goal,0,64,0.00000000,/e/project1/m3/blank4/code/starVLA/playground/Checkpoints/libero_encdec_arm_maskft_all4/results/libero-plus/overall_results.json
starVLA,libero-plus,libero_encdec_arm_maskft_all4,libero_object,0,64,0.00000000,/e/project1/m3/blank4/code/starVLA/playground/Checkpoints/libero_encdec_arm_maskft_all4/results/libero-plus/overall_results.json
starVLA,libero-plus,libero_encdec_arm_maskft_all4,libero_spatial,0,64,0.00000000,/e/project1/m3/blank4/code/starVLA/playground/Checkpoints/libero_encdec_arm_maskft_all4/results/libero-plus/overall_results.json
starVLA,libero-plus,libero_encdec_arm_maskft_all4,libero_10,0,116,0.00000000,/e/project1/m3/blank4/code/starVLA/playground/Checkpoints/libero_encdec_arm_maskft_all4/results/libero-plus/libero_10/overall_results.json
starVLA,libero-plus,libero_encdec_arm_maskft_all4,libero_goal,0,64,0.00000000,/e/project1/m3/blank4/code/starVLA/playground/Checkpoints/libero_encdec_arm_maskft_all4/results/libero-plus/libero_goal/overall_results.json
starVLA,libero-plus,libero_encdec_arm_maskft_all4,libero_object,0,64,0.00000000,/e/project1/m3/blank4/code/starVLA/playground/Checkpoints/libero_encdec_arm_maskft_all4/results/libero-plus/libero_object/overall_results.json
starVLA,libero-plus,libero_encdec_arm_maskft_all4,libero_spatial,0,64,0.00000000,/e/project1/m3/blank4/code/starVLA/playground/Checkpoints/libero_encdec_arm_maskft_all4/results/libero-plus/libero_spatial/overall_results.json
starVLA,libero-plus,libero_gr00t_arm_base,libero_10,16,64,0.25000000,/e/project1/m3/blank4/code/starVLA/playground/Checkpoints/libero_gr00t_arm_base/results/libero-plus/overall_results.json
starVLA,libero-plus,libero_gr00t_arm_base,libero_goal,18,64,0.28125000,/e/project1/m3/blank4/code/starVLA/playground/Checkpoints/libero_gr00t_arm_base/results/libero-plus/overall_results.json
starVLA,libero-plus,libero_gr00t_arm_base,libero_object,22,64,0.34375000,/e/project1/m3/blank4/code/starVLA/playground/Checkpoints/libero_gr00t_arm_base/results/libero-plus/overall_results.json
starVLA,libero-plus,libero_gr00t_arm_base,libero_spatial,27,64,0.42187500,/e/project1/m3/blank4/code/starVLA/playground/Checkpoints/libero_gr00t_arm_base/results/libero-plus/overall_results.json
starVLA,libero-plus,libero_gr00t_arm_base,libero_10,16,64,0.25000000,/e/project1/m3/blank4/code/starVLA/playground/Checkpoints/libero_gr00t_arm_base/results/libero-plus/libero_10/overall_results.json
starVLA,libero-plus,libero_gr00t_arm_base,libero_goal,18,64,0.28125000,/e/project1/m3/blank4/code/starVLA/playground/Checkpoints/libero_gr00t_arm_base/results/libero-plus/libero_goal/overall_results.json
starVLA,libero-plus,libero_gr00t_arm_base,libero_object,22,64,0.34375000,/e/project1/m3/blank4/code/starVLA/playground/Checkpoints/libero_gr00t_arm_base/results/libero-plus/libero_object/overall_results.json
starVLA,libero-plus,libero_gr00t_arm_base,libero_spatial,27,64,0.42187500,/e/project1/m3/blank4/code/starVLA/playground/Checkpoints/libero_gr00t_arm_base/results/libero-plus/libero_spatial/overall_results.json
starVLA,libero-plus,libero_gr00t_arm_bothcam,libero_10,16,64,0.25000000,/e/project1/m3/blank4/code/starVLA/playground/Checkpoints/libero_gr00t_arm_bothcam/results/libero-plus/overall_results.json
starVLA,libero-plus,libero_gr00t_arm_bothcam,libero_goal,30,64,0.46875000,/e/project1/m3/blank4/code/starVLA/playground/Checkpoints/libero_gr00t_arm_bothcam/results/libero-plus/overall_results.json
starVLA,libero-plus,libero_gr00t_arm_bothcam,libero_object,31,64,0.48437500,/e/project1/m3/blank4/code/starVLA/playground/Checkpoints/libero_gr00t_arm_bothcam/results/libero-plus/overall_results.json
starVLA,libero-plus,libero_gr00t_arm_bothcam,libero_spatial,29,64,0.45312500,/e/project1/m3/blank4/code/starVLA/playground/Checkpoints/libero_gr00t_arm_bothcam/results/libero-plus/overall_results.json
starVLA,libero-plus,libero_gr00t_arm_bothcam,libero_10,16,64,0.25000000,/e/project1/m3/blank4/code/starVLA/playground/Checkpoints/libero_gr00t_arm_bothcam/results/libero-plus/libero_10/overall_results.json
starVLA,libero-plus,libero_gr00t_arm_bothcam,libero_goal,30,64,0.46875000,/e/project1/m3/blank4/code/starVLA/playground/Checkpoints/libero_gr00t_arm_bothcam/results/libero-plus/libero_goal/overall_results.json
starVLA,libero-plus,libero_gr00t_arm_bothcam,libero_object,31,64,0.48437500,/e/project1/m3/blank4/code/starVLA/playground/Checkpoints/libero_gr00t_arm_bothcam/results/libero-plus/libero_object/overall_results.json
starVLA,libero-plus,libero_gr00t_arm_bothcam,libero_spatial,29,64,0.45312500,/e/project1/m3/blank4/code/starVLA/playground/Checkpoints/libero_gr00t_arm_bothcam/results/libero-plus/libero_spatial/overall_results.json
starVLA,libero-plus,libero_gr00t_arm_causal_maskft,libero_10,5,38,0.13157895,/e/project1/m3/blank4/code/starVLA/playground/Checkpoints/libero_gr00t_arm_causal_maskft/results/libero-plus/overall_results.json
starVLA,libero-plus,libero_gr00t_arm_causal_maskft,libero_goal,9,32,0.28125000,/e/project1/m3/blank4/code/starVLA/playground/Checkpoints/libero_gr00t_arm_causal_maskft/results/libero-plus/overall_results.json
starVLA,libero-plus,libero_gr00t_arm_causal_maskft,libero_object,4,32,0.12500000,/e/project1/m3/blank4/code/starVLA/playground/Checkpoints/libero_gr00t_arm_causal_maskft/results/libero-plus/overall_results.json
starVLA,libero-plus,libero_gr00t_arm_causal_maskft,libero_spatial,13,32,0.40625000,/e/project1/m3/blank4/code/starVLA/playground/Checkpoints/libero_gr00t_arm_causal_maskft/results/libero-plus/overall_results.json
starVLA,libero-plus,libero_gr00t_arm_causal_maskft,libero_10,5,38,0.13157895,/e/project1/m3/blank4/code/starVLA/playground/Checkpoints/libero_gr00t_arm_causal_maskft/results/libero-plus/libero_10/overall_results.json
starVLA,libero-plus,libero_gr00t_arm_causal_maskft,libero_goal,9,32,0.28125000,/e/project1/m3/blank4/code/starVLA/playground/Checkpoints/libero_gr00t_arm_causal_maskft/results/libero-plus/libero_goal/overall_results.json
starVLA,libero-plus,libero_gr00t_arm_causal_maskft,libero_object,4,32,0.12500000,/e/project1/m3/blank4/code/starVLA/playground/Checkpoints/libero_gr00t_arm_causal_maskft/results/libero-plus/libero_object/overall_results.json
starVLA,libero-plus,libero_gr00t_arm_causal_maskft,libero_spatial,13,32,0.40625000,/e/project1/m3/blank4/code/starVLA/playground/Checkpoints/libero_gr00t_arm_causal_maskft/results/libero-plus/libero_spatial/overall_results.json
starVLA,libero-plus,libero_gr00t_arm_crand,libero_10,19,64,0.29687500,/e/project1/m3/blank4/code/starVLA/playground/Checkpoints/libero_gr00t_arm_crand/results/libero-plus/overall_results.json
starVLA,libero-plus,libero_gr00t_arm_crand,libero_goal,27,64,0.42187500,/e/project1/m3/blank4/code/starVLA/playground/Checkpoints/libero_gr00t_arm_crand/results/libero-plus/overall_results.json
starVLA,libero-plus,libero_gr00t_arm_crand,libero_object,32,64,0.50000000,/e/project1/m3/blank4/code/starVLA/playground/Checkpoints/libero_gr00t_arm_crand/results/libero-plus/overall_results.json
starVLA,libero-plus,libero_gr00t_arm_crand,libero_spatial,36,64,0.56250000,/e/project1/m3/blank4/code/starVLA/playground/Checkpoints/libero_gr00t_arm_crand/results/libero-plus/overall_results.json
starVLA,libero-plus,libero_gr00t_arm_crand,libero_10,19,64,0.29687500,/e/project1/m3/blank4/code/starVLA/playground/Checkpoints/libero_gr00t_arm_crand/results/libero-plus/libero_10/overall_results.json
starVLA,libero-plus,libero_gr00t_arm_crand,libero_goal,27,64,0.42187500,/e/project1/m3/blank4/code/starVLA/playground/Checkpoints/libero_gr00t_arm_crand/results/libero-plus/libero_goal/overall_results.json
starVLA,libero-plus,libero_gr00t_arm_crand,libero_object,32,64,0.50000000,/e/project1/m3/blank4/code/starVLA/playground/Checkpoints/libero_gr00t_arm_crand/results/libero-plus/libero_object/overall_results.json
starVLA,libero-plus,libero_gr00t_arm_crand,libero_spatial,36,64,0.56250000,/e/project1/m3/blank4/code/starVLA/playground/Checkpoints/libero_gr00t_arm_crand/results/libero-plus/libero_spatial/overall_results.json
starVLA,libero-plus,libero_gr00t_arm_crand_bare,libero_10,15,64,0.23437500,/e/project1/m3/blank4/code/starVLA/playground/Checkpoints/libero_gr00t_arm_crand_bare/results/libero-plus/overall_results.json
starVLA,libero-plus,libero_gr00t_arm_crand_bare,libero_goal,14,64,0.21875000,/e/project1/m3/blank4/code/starVLA/playground/Checkpoints/libero_gr00t_arm_crand_bare/results/libero-plus/overall_results.json
starVLA,libero-plus,libero_gr00t_arm_crand_bare,libero_object,28,64,0.43750000,/e/project1/m3/blank4/code/starVLA/playground/Checkpoints/libero_gr00t_arm_crand_bare/results/libero-plus/overall_results.json
starVLA,libero-plus,libero_gr00t_arm_crand_bare,libero_spatial,29,64,0.45312500,/e/project1/m3/blank4/code/starVLA/playground/Checkpoints/libero_gr00t_arm_crand_bare/results/libero-plus/overall_results.json
starVLA,libero-plus,libero_gr00t_arm_crand_bare,libero_10,15,64,0.23437500,/e/project1/m3/blank4/code/starVLA/playground/Checkpoints/libero_gr00t_arm_crand_bare/results/libero-plus/libero_10/overall_results.json
starVLA,libero-plus,libero_gr00t_arm_crand_bare,libero_goal,14,64,0.21875000,/e/project1/m3/blank4/code/starVLA/playground/Checkpoints/libero_gr00t_arm_crand_bare/results/libero-plus/libero_goal/overall_results.json
starVLA,libero-plus,libero_gr00t_arm_crand_bare,libero_object,28,64,0.43750000,/e/project1/m3/blank4/code/starVLA/playground/Checkpoints/libero_gr00t_arm_crand_bare/results/libero-plus/libero_object/overall_results.json
starVLA,libero-plus,libero_gr00t_arm_crand_bare,libero_spatial,29,64,0.45312500,/e/project1/m3/blank4/code/starVLA/playground/Checkpoints/libero_gr00t_arm_crand_bare/results/libero-plus/libero_spatial/overall_results.json
starVLA,libero-plus,libero_gr00t_arm_creal,libero_10,22,64,0.34375000,/e/project1/m3/blank4/code/starVLA/playground/Checkpoints/libero_gr00t_arm_creal/results/libero-plus/overall_results.json
starVLA,libero-plus,libero_gr00t_arm_creal,libero_goal,29,64,0.45312500,/e/project1/m3/blank4/code/starVLA/playground/Checkpoints/libero_gr00t_arm_creal/results/libero-plus/overall_results.json
starVLA,libero-plus,libero_gr00t_arm_creal,libero_object,35,64,0.54687500,/e/project1/m3/blank4/code/starVLA/playground/Checkpoints/libero_gr00t_arm_creal/results/libero-plus/overall_results.json
starVLA,libero-plus,libero_gr00t_arm_creal,libero_spatial,39,64,0.60937500,/e/project1/m3/blank4/code/starVLA/playground/Checkpoints/libero_gr00t_arm_creal/results/libero-plus/overall_results.json
starVLA,libero-plus,libero_gr00t_arm_creal,libero_10,22,64,0.34375000,/e/project1/m3/blank4/code/starVLA/playground/Checkpoints/libero_gr00t_arm_creal/results/libero-plus/libero_10/overall_results.json
starVLA,libero-plus,libero_gr00t_arm_creal,libero_goal,29,64,0.45312500,/e/project1/m3/blank4/code/starVLA/playground/Checkpoints/libero_gr00t_arm_creal/results/libero-plus/libero_goal/overall_results.json
starVLA,libero-plus,libero_gr00t_arm_creal,libero_object,35,64,0.54687500,/e/project1/m3/blank4/code/starVLA/playground/Checkpoints/libero_gr00t_arm_creal/results/libero-plus/libero_object/overall_results.json
starVLA,libero-plus,libero_gr00t_arm_creal,libero_spatial,39,64,0.60937500,/e/project1/m3/blank4/code/starVLA/playground/Checkpoints/libero_gr00t_arm_creal/results/libero-plus/libero_spatial/overall_results.json
starVLA,libero-plus,libero_gr00t_arm_creal_bare,libero_10,15,64,0.23437500,/e/project1/m3/blank4/code/starVLA/playground/Checkpoints/libero_gr00t_arm_creal_bare/results/libero-plus/overall_results.json
starVLA,libero-plus,libero_gr00t_arm_creal_bare,libero_goal,18,64,0.28125000,/e/project1/m3/blank4/code/starVLA/playground/Checkpoints/libero_gr00t_arm_creal_bare/results/libero-plus/overall_results.json
starVLA,libero-plus,libero_gr00t_arm_creal_bare,libero_object,31,64,0.48437500,/e/project1/m3/blank4/code/starVLA/playground/Checkpoints/libero_gr00t_arm_creal_bare/results/libero-plus/overall_results.json
starVLA,libero-plus,libero_gr00t_arm_creal_bare,libero_spatial,31,64,0.48437500,/e/project1/m3/blank4/code/starVLA/playground/Checkpoints/libero_gr00t_arm_creal_bare/results/libero-plus/overall_results.json
starVLA,libero-plus,libero_gr00t_arm_creal_bare,libero_10,15,64,0.23437500,/e/project1/m3/blank4/code/starVLA/playground/Checkpoints/libero_gr00t_arm_creal_bare/results/libero-plus/libero_10/overall_results.json
starVLA,libero-plus,libero_gr00t_arm_creal_bare,libero_goal,18,64,0.28125000,/e/project1/m3/blank4/code/starVLA/playground/Checkpoints/libero_gr00t_arm_creal_bare/results/libero-plus/libero_goal/overall_results.json
starVLA,libero-plus,libero_gr00t_arm_creal_bare,libero_object,31,64,0.48437500,/e/project1/m3/blank4/code/starVLA/playground/Checkpoints/libero_gr00t_arm_creal_bare/results/libero-plus/libero_object/overall_results.json
starVLA,libero-plus,libero_gr00t_arm_creal_bare,libero_spatial,31,64,0.48437500,/e/project1/m3/blank4/code/starVLA/playground/Checkpoints/libero_gr00t_arm_creal_bare/results/libero-plus/libero_spatial/overall_results.json
starVLA,libero-plus,libero_gr00t_arm_maskft,libero_10,19,64,0.29687500,/e/project1/m3/blank4/code/starVLA/playground/Checkpoints/libero_gr00t_arm_maskft/results/libero-plus/overall_results.json
starVLA,libero-plus,libero_gr00t_arm_maskft,libero_goal,20,64,0.31250000,/e/project1/m3/blank4/code/starVLA/playground/Checkpoints/libero_gr00t_arm_maskft/results/libero-plus/overall_results.json
starVLA,libero-plus,libero_gr00t_arm_maskft,libero_object,35,64,0.54687500,/e/project1/m3/blank4/code/starVLA/playground/Checkpoints/libero_gr00t_arm_maskft/results/libero-plus/overall_results.json
starVLA,libero-plus,libero_gr00t_arm_maskft,libero_spatial,31,64,0.48437500,/e/project1/m3/blank4/code/starVLA/playground/Checkpoints/libero_gr00t_arm_maskft/results/libero-plus/overall_results.json
starVLA,libero-plus,libero_gr00t_arm_maskft,libero_10,19,64,0.29687500,/e/project1/m3/blank4/code/starVLA/playground/Checkpoints/libero_gr00t_arm_maskft/results/libero-plus/libero_10/overall_results.json
starVLA,libero-plus,libero_gr00t_arm_maskft,libero_goal,20,64,0.31250000,/e/project1/m3/blank4/code/starVLA/playground/Checkpoints/libero_gr00t_arm_maskft/results/libero-plus/libero_goal/overall_results.json
starVLA,libero-plus,libero_gr00t_arm_maskft,libero_object,35,64,0.54687500,/e/project1/m3/blank4/code/starVLA/playground/Checkpoints/libero_gr00t_arm_maskft/results/libero-plus/libero_object/overall_results.json
starVLA,libero-plus,libero_gr00t_arm_maskft,libero_spatial,31,64,0.48437500,/e/project1/m3/blank4/code/starVLA/playground/Checkpoints/libero_gr00t_arm_maskft/results/libero-plus/libero_spatial/overall_results.json
starVLA,libero-plus,libero_gr00t_arm_maskft_all4,libero_10,24,64,0.37500000,/e/project1/m3/blank4/code/starVLA/playground/Checkpoints/libero_gr00t_arm_maskft_all4/results/libero-plus/overall_results.json
starVLA,libero-plus,libero_gr00t_arm_maskft_all4,libero_goal,26,64,0.40625000,/e/project1/m3/blank4/code/starVLA/playground/Checkpoints/libero_gr00t_arm_maskft_all4/results/libero-plus/overall_results.json
starVLA,libero-plus,libero_gr00t_arm_maskft_all4,libero_object,30,64,0.46875000,/e/project1/m3/blank4/code/starVLA/playground/Checkpoints/libero_gr00t_arm_maskft_all4/results/libero-plus/overall_results.json
starVLA,libero-plus,libero_gr00t_arm_maskft_all4,libero_spatial,36,64,0.56250000,/e/project1/m3/blank4/code/starVLA/playground/Checkpoints/libero_gr00t_arm_maskft_all4/results/libero-plus/overall_results.json
starVLA,libero-plus,libero_gr00t_arm_maskft_all4,libero_10,24,64,0.37500000,/e/project1/m3/blank4/code/starVLA/playground/Checkpoints/libero_gr00t_arm_maskft_all4/results/libero-plus/libero_10/overall_results.json
starVLA,libero-plus,libero_gr00t_arm_maskft_all4,libero_goal,26,64,0.40625000,/e/project1/m3/blank4/code/starVLA/playground/Checkpoints/libero_gr00t_arm_maskft_all4/results/libero-plus/libero_goal/overall_results.json
starVLA,libero-plus,libero_gr00t_arm_maskft_all4,libero_object,30,64,0.46875000,/e/project1/m3/blank4/code/starVLA/playground/Checkpoints/libero_gr00t_arm_maskft_all4/results/libero-plus/libero_object/overall_results.json
starVLA,libero-plus,libero_gr00t_arm_maskft_all4,libero_spatial,36,64,0.56250000,/e/project1/m3/blank4/code/starVLA/playground/Checkpoints/libero_gr00t_arm_maskft_all4/results/libero-plus/libero_spatial/overall_results.json
starVLA,libero-plus,libero_gr00t_arm_maskft_bare,libero_10,16,64,0.25000000,/e/project1/m3/blank4/code/starVLA/playground/Checkpoints/libero_gr00t_arm_maskft_bare/results/libero-plus/overall_results.json
starVLA,libero-plus,libero_gr00t_arm_maskft_bare,libero_goal,22,64,0.34375000,/e/project1/m3/blank4/code/starVLA/playground/Checkpoints/libero_gr00t_arm_maskft_bare/results/libero-plus/overall_results.json
starVLA,libero-plus,libero_gr00t_arm_maskft_bare,libero_object,20,64,0.31250000,/e/project1/m3/blank4/code/starVLA/playground/Checkpoints/libero_gr00t_arm_maskft_bare/results/libero-plus/overall_results.json
starVLA,libero-plus,libero_gr00t_arm_maskft_bare,libero_spatial,30,64,0.46875000,/e/project1/m3/blank4/code/starVLA/playground/Checkpoints/libero_gr00t_arm_maskft_bare/results/libero-plus/overall_results.json
starVLA,libero-plus,libero_gr00t_arm_maskft_bare,libero_10,16,64,0.25000000,/e/project1/m3/blank4/code/starVLA/playground/Checkpoints/libero_gr00t_arm_maskft_bare/results/libero-plus/libero_10/overall_results.json
starVLA,libero-plus,libero_gr00t_arm_maskft_bare,libero_goal,22,64,0.34375000,/e/project1/m3/blank4/code/starVLA/playground/Checkpoints/libero_gr00t_arm_maskft_bare/results/libero-plus/libero_goal/overall_results.json
starVLA,libero-plus,libero_gr00t_arm_maskft_bare,libero_object,20,64,0.31250000,/e/project1/m3/blank4/code/starVLA/playground/Checkpoints/libero_gr00t_arm_maskft_bare/results/libero-plus/libero_object/overall_results.json
starVLA,libero-plus,libero_gr00t_arm_maskft_bare,libero_spatial,30,64,0.46875000,/e/project1/m3/blank4/code/starVLA/playground/Checkpoints/libero_gr00t_arm_maskft_bare/results/libero-plus/libero_spatial/overall_results.json
starVLA,libero-plus,libero_gr00t_arm_maskft_ft,libero_10,36,64,0.56250000,/e/project1/m3/blank4/code/starVLA/playground/Checkpoints/libero_gr00t_arm_maskft_ft/results/libero-plus/overall_results.json
starVLA,libero-plus,libero_gr00t_arm_maskft_ft,libero_goal,45,64,0.70312500,/e/project1/m3/blank4/code/starVLA/playground/Checkpoints/libero_gr00t_arm_maskft_ft/results/libero-plus/overall_results.json
starVLA,libero-plus,libero_gr00t_arm_maskft_ft,libero_object,41,64,0.64062500,/e/project1/m3/blank4/code/starVLA/playground/Checkpoints/libero_gr00t_arm_maskft_ft/results/libero-plus/overall_results.json
starVLA,libero-plus,libero_gr00t_arm_maskft_ft,libero_spatial,46,64,0.71875000,/e/project1/m3/blank4/code/starVLA/playground/Checkpoints/libero_gr00t_arm_maskft_ft/results/libero-plus/overall_results.json
starVLA,libero-plus,libero_gr00t_arm_maskft_ft,libero_10,36,64,0.56250000,/e/project1/m3/blank4/code/starVLA/playground/Checkpoints/libero_gr00t_arm_maskft_ft/results/libero-plus/libero_10/overall_results.json
starVLA,libero-plus,libero_gr00t_arm_maskft_ft,libero_goal,45,64,0.70312500,/e/project1/m3/blank4/code/starVLA/playground/Checkpoints/libero_gr00t_arm_maskft_ft/results/libero-plus/libero_goal/overall_results.json
starVLA,libero-plus,libero_gr00t_arm_maskft_ft,libero_object,41,64,0.64062500,/e/project1/m3/blank4/code/starVLA/playground/Checkpoints/libero_gr00t_arm_maskft_ft/results/libero-plus/libero_object/overall_results.json
starVLA,libero-plus,libero_gr00t_arm_maskft_ft,libero_spatial,46,64,0.71875000,/e/project1/m3/blank4/code/starVLA/playground/Checkpoints/libero_gr00t_arm_maskft_ft/results/libero-plus/libero_spatial/overall_results.json
starVLA,libero-plus,libero_gr00t_arm_maskft_s1,libero_10,12,48,0.25000000,/e/project1/m3/blank4/code/starVLA/playground/Checkpoints/libero_gr00t_arm_maskft_s1/results/libero-plus/overall_results.json
starVLA,libero-plus,libero_gr00t_arm_maskft_s1,libero_goal,21,48,0.43750000,/e/project1/m3/blank4/code/starVLA/playground/Checkpoints/libero_gr00t_arm_maskft_s1/results/libero-plus/overall_results.json
starVLA,libero-plus,libero_gr00t_arm_maskft_s1,libero_object,22,48,0.45833333,/e/project1/m3/blank4/code/starVLA/playground/Checkpoints/libero_gr00t_arm_maskft_s1/results/libero-plus/overall_results.json
starVLA,libero-plus,libero_gr00t_arm_maskft_s1,libero_spatial,26,48,0.54166667,/e/project1/m3/blank4/code/starVLA/playground/Checkpoints/libero_gr00t_arm_maskft_s1/results/libero-plus/overall_results.json
starVLA,libero-plus,libero_gr00t_arm_maskft_s1,libero_10,12,48,0.25000000,/e/project1/m3/blank4/code/starVLA/playground/Checkpoints/libero_gr00t_arm_maskft_s1/results/libero-plus/libero_10/overall_results.json
starVLA,libero-plus,libero_gr00t_arm_maskft_s1,libero_goal,21,48,0.43750000,/e/project1/m3/blank4/code/starVLA/playground/Checkpoints/libero_gr00t_arm_maskft_s1/results/libero-plus/libero_goal/overall_results.json
starVLA,libero-plus,libero_gr00t_arm_maskft_s1,libero_object,22,48,0.45833333,/e/project1/m3/blank4/code/starVLA/playground/Checkpoints/libero_gr00t_arm_maskft_s1/results/libero-plus/libero_object/overall_results.json
starVLA,libero-plus,libero_gr00t_arm_maskft_s1,libero_spatial,26,48,0.54166667,/e/project1/m3/blank4/code/starVLA/playground/Checkpoints/libero_gr00t_arm_maskft_s1/results/libero-plus/libero_spatial/overall_results.json
starVLA,libero-plus,libero_gr00t_arm_object10,libero_10,16,52,0.30769231,/e/project1/m3/blank4/code/starVLA/playground/Checkpoints/libero_gr00t_arm_object10/results/libero-plus/overall_results.json
starVLA,libero-plus,libero_gr00t_arm_object10,libero_goal,24,48,0.50000000,/e/project1/m3/blank4/code/starVLA/playground/Checkpoints/libero_gr00t_arm_object10/results/libero-plus/overall_results.json
starVLA,libero-plus,libero_gr00t_arm_object10,libero_object,21,48,0.43750000,/e/project1/m3/blank4/code/starVLA/playground/Checkpoints/libero_gr00t_arm_object10/results/libero-plus/overall_results.json
starVLA,libero-plus,libero_gr00t_arm_object10,libero_spatial,24,48,0.50000000,/e/project1/m3/blank4/code/starVLA/playground/Checkpoints/libero_gr00t_arm_object10/results/libero-plus/overall_results.json
starVLA,libero-plus,libero_gr00t_arm_object10,libero_10,16,52,0.30769231,/e/project1/m3/blank4/code/starVLA/playground/Checkpoints/libero_gr00t_arm_object10/results/libero-plus/libero_10/overall_results.json
starVLA,libero-plus,libero_gr00t_arm_object10,libero_goal,24,48,0.50000000,/e/project1/m3/blank4/code/starVLA/playground/Checkpoints/libero_gr00t_arm_object10/results/libero-plus/libero_goal/overall_results.json
starVLA,libero-plus,libero_gr00t_arm_object10,libero_object,21,48,0.43750000,/e/project1/m3/blank4/code/starVLA/playground/Checkpoints/libero_gr00t_arm_object10/results/libero-plus/libero_object/overall_results.json
starVLA,libero-plus,libero_gr00t_arm_object10,libero_spatial,24,48,0.50000000,/e/project1/m3/blank4/code/starVLA/playground/Checkpoints/libero_gr00t_arm_object10/results/libero-plus/libero_spatial/overall_results.json
starVLA,libero-plus,libero_gr00t_arm_plain,libero_10,24,64,0.37500000,/e/project1/m3/blank4/code/starVLA/playground/Checkpoints/libero_gr00t_arm_plain/results/libero-plus/overall_results.json
starVLA,libero-plus,libero_gr00t_arm_plain,libero_goal,28,64,0.43750000,/e/project1/m3/blank4/code/starVLA/playground/Checkpoints/libero_gr00t_arm_plain/results/libero-plus/overall_results.json
starVLA,libero-plus,libero_gr00t_arm_plain,libero_object,34,64,0.53125000,/e/project1/m3/blank4/code/starVLA/playground/Checkpoints/libero_gr00t_arm_plain/results/libero-plus/overall_results.json
starVLA,libero-plus,libero_gr00t_arm_plain,libero_spatial,33,64,0.51562500,/e/project1/m3/blank4/code/starVLA/playground/Checkpoints/libero_gr00t_arm_plain/results/libero-plus/overall_results.json
starVLA,libero-plus,libero_gr00t_arm_plain,libero_10,24,64,0.37500000,/e/project1/m3/blank4/code/starVLA/playground/Checkpoints/libero_gr00t_arm_plain/results/libero-plus/libero_10/overall_results.json
starVLA,libero-plus,libero_gr00t_arm_plain,libero_goal,28,64,0.43750000,/e/project1/m3/blank4/code/starVLA/playground/Checkpoints/libero_gr00t_arm_plain/results/libero-plus/libero_goal/overall_results.json
starVLA,libero-plus,libero_gr00t_arm_plain,libero_object,34,64,0.53125000,/e/project1/m3/blank4/code/starVLA/playground/Checkpoints/libero_gr00t_arm_plain/results/libero-plus/libero_object/overall_results.json
starVLA,libero-plus,libero_gr00t_arm_plain,libero_spatial,33,64,0.51562500,/e/project1/m3/blank4/code/starVLA/playground/Checkpoints/libero_gr00t_arm_plain/results/libero-plus/libero_spatial/overall_results.json
starVLA,libero-plus,libero_gr00t_arm_plain_bare,libero_10,14,64,0.21875000,/e/project1/m3/blank4/code/starVLA/playground/Checkpoints/libero_gr00t_arm_plain_bare/results/libero-plus/overall_results.json
starVLA,libero-plus,libero_gr00t_arm_plain_bare,libero_goal,21,64,0.32812500,/e/project1/m3/blank4/code/starVLA/playground/Checkpoints/libero_gr00t_arm_plain_bare/results/libero-plus/overall_results.json
starVLA,libero-plus,libero_gr00t_arm_plain_bare,libero_object,26,64,0.40625000,/e/project1/m3/blank4/code/starVLA/playground/Checkpoints/libero_gr00t_arm_plain_bare/results/libero-plus/overall_results.json
starVLA,libero-plus,libero_gr00t_arm_plain_bare,libero_spatial,28,64,0.43750000,/e/project1/m3/blank4/code/starVLA/playground/Checkpoints/libero_gr00t_arm_plain_bare/results/libero-plus/overall_results.json
starVLA,libero-plus,libero_gr00t_arm_plain_bare,libero_10,14,64,0.21875000,/e/project1/m3/blank4/code/starVLA/playground/Checkpoints/libero_gr00t_arm_plain_bare/results/libero-plus/libero_10/overall_results.json
starVLA,libero-plus,libero_gr00t_arm_plain_bare,libero_goal,21,64,0.32812500,/e/project1/m3/blank4/code/starVLA/playground/Checkpoints/libero_gr00t_arm_plain_bare/results/libero-plus/libero_goal/overall_results.json
starVLA,libero-plus,libero_gr00t_arm_plain_bare,libero_object,26,64,0.40625000,/e/project1/m3/blank4/code/starVLA/playground/Checkpoints/libero_gr00t_arm_plain_bare/results/libero-plus/libero_object/overall_results.json
starVLA,libero-plus,libero_gr00t_arm_plain_bare,libero_spatial,28,64,0.43750000,/e/project1/m3/blank4/code/starVLA/playground/Checkpoints/libero_gr00t_arm_plain_bare/results/libero-plus/libero_spatial/overall_results.json
starVLA,libero-plus,libero_gr00t_arm_plain_ft,libero_10,607,1000,0.60700000,/e/project1/m3/blank4/code/starVLA/playground/Checkpoints/libero_gr00t_arm_plain_ft/results/libero-plus/overall_results.json
starVLA,libero-plus,libero_gr00t_arm_plain_ft,libero_goal,753,1000,0.75300000,/e/project1/m3/blank4/code/starVLA/playground/Checkpoints/libero_gr00t_arm_plain_ft/results/libero-plus/overall_results.json
starVLA,libero-plus,libero_gr00t_arm_plain_ft,libero_object,794,1000,0.79400000,/e/project1/m3/blank4/code/starVLA/playground/Checkpoints/libero_gr00t_arm_plain_ft/results/libero-plus/overall_results.json
starVLA,libero-plus,libero_gr00t_arm_plain_ft,libero_spatial,779,1000,0.77900000,/e/project1/m3/blank4/code/starVLA/playground/Checkpoints/libero_gr00t_arm_plain_ft/results/libero-plus/overall_results.json
starVLA,libero-plus,libero_gr00t_arm_plain_ft,libero_10,607,1000,0.60700000,/e/project1/m3/blank4/code/starVLA/playground/Checkpoints/libero_gr00t_arm_plain_ft/results/libero-plus/libero_10/overall_results.json
starVLA,libero-plus,libero_gr00t_arm_plain_ft,libero_goal,753,1000,0.75300000,/e/project1/m3/blank4/code/starVLA/playground/Checkpoints/libero_gr00t_arm_plain_ft/results/libero-plus/libero_goal/overall_results.json
starVLA,libero-plus,libero_gr00t_arm_plain_ft,libero_object,794,1000,0.79400000,/e/project1/m3/blank4/code/starVLA/playground/Checkpoints/libero_gr00t_arm_plain_ft/results/libero-plus/libero_object/overall_results.json
starVLA,libero-plus,libero_gr00t_arm_plain_ft,libero_spatial,779,1000,0.77900000,/e/project1/m3/blank4/code/starVLA/playground/Checkpoints/libero_gr00t_arm_plain_ft/results/libero-plus/libero_spatial/overall_results.json
starVLA,libero-plus,libero_gr00t_arm_vitft,libero_10,18,64,0.28125000,/e/project1/m3/blank4/code/starVLA/playground/Checkpoints/libero_gr00t_arm_vitft/results/libero-plus/overall_results.json
starVLA,libero-plus,libero_gr00t_arm_vitft,libero_goal,28,64,0.43750000,/e/project1/m3/blank4/code/starVLA/playground/Checkpoints/libero_gr00t_arm_vitft/results/libero-plus/overall_results.json
starVLA,libero-plus,libero_gr00t_arm_vitft,libero_object,33,64,0.51562500,/e/project1/m3/blank4/code/starVLA/playground/Checkpoints/libero_gr00t_arm_vitft/results/libero-plus/overall_results.json
starVLA,libero-plus,libero_gr00t_arm_vitft,libero_spatial,35,64,0.54687500,/e/project1/m3/blank4/code/starVLA/playground/Checkpoints/libero_gr00t_arm_vitft/results/libero-plus/overall_results.json
starVLA,libero-plus,libero_gr00t_arm_vitft,libero_10,18,64,0.28125000,/e/project1/m3/blank4/code/starVLA/playground/Checkpoints/libero_gr00t_arm_vitft/results/libero-plus/libero_10/overall_results.json
starVLA,libero-plus,libero_gr00t_arm_vitft,libero_goal,28,64,0.43750000,/e/project1/m3/blank4/code/starVLA/playground/Checkpoints/libero_gr00t_arm_vitft/results/libero-plus/libero_goal/overall_results.json
starVLA,libero-plus,libero_gr00t_arm_vitft,libero_object,33,64,0.51562500,/e/project1/m3/blank4/code/starVLA/playground/Checkpoints/libero_gr00t_arm_vitft/results/libero-plus/libero_object/overall_results.json
starVLA,libero-plus,libero_gr00t_arm_vitft,libero_spatial,35,64,0.54687500,/e/project1/m3/blank4/code/starVLA/playground/Checkpoints/libero_gr00t_arm_vitft/results/libero-plus/libero_spatial/overall_results.json
starVLA,libero-plus,libero_pi_arm_maskft,libero_10,26,64,0.40625000,/e/project1/m3/blank4/code/starVLA/playground/Checkpoints/libero_pi_arm_maskft/results/libero-plus/overall_results.json
starVLA,libero-plus,libero_pi_arm_maskft,libero_goal,30,64,0.46875000,/e/project1/m3/blank4/code/starVLA/playground/Checkpoints/libero_pi_arm_maskft/results/libero-plus/overall_results.json
starVLA,libero-plus,libero_pi_arm_maskft,libero_object,31,64,0.48437500,/e/project1/m3/blank4/code/starVLA/playground/Checkpoints/libero_pi_arm_maskft/results/libero-plus/overall_results.json
starVLA,libero-plus,libero_pi_arm_maskft,libero_spatial,34,64,0.53125000,/e/project1/m3/blank4/code/starVLA/playground/Checkpoints/libero_pi_arm_maskft/results/libero-plus/overall_results.json
starVLA,libero-plus,libero_pi_arm_maskft,libero_10,26,64,0.40625000,/e/project1/m3/blank4/code/starVLA/playground/Checkpoints/libero_pi_arm_maskft/results/libero-plus/libero_10/overall_results.json
starVLA,libero-plus,libero_pi_arm_maskft,libero_goal,30,64,0.46875000,/e/project1/m3/blank4/code/starVLA/playground/Checkpoints/libero_pi_arm_maskft/results/libero-plus/libero_goal/overall_results.json
starVLA,libero-plus,libero_pi_arm_maskft,libero_object,31,64,0.48437500,/e/project1/m3/blank4/code/starVLA/playground/Checkpoints/libero_pi_arm_maskft/results/libero-plus/libero_object/overall_results.json
starVLA,libero-plus,libero_pi_arm_maskft,libero_spatial,34,64,0.53125000,/e/project1/m3/blank4/code/starVLA/playground/Checkpoints/libero_pi_arm_maskft/results/libero-plus/libero_spatial/overall_results.json
starVLA,libero-plus,libero_plus_qwen08b_base,libero_10,83,320,0.25937500,/e/project1/m3/blank4/code/starVLA/playground/Checkpoints/libero_plus_qwen08b_base/results/libero-plus/overall_results.json
starVLA,libero-plus,libero_plus_qwen08b_base,libero_goal,133,320,0.41562500,/e/project1/m3/blank4/code/starVLA/playground/Checkpoints/libero_plus_qwen08b_base/results/libero-plus/overall_results.json
starVLA,libero-plus,libero_plus_qwen08b_base,libero_object,206,320,0.64375000,/e/project1/m3/blank4/code/starVLA/playground/Checkpoints/libero_plus_qwen08b_base/results/libero-plus/overall_results.json
starVLA,libero-plus,libero_plus_qwen08b_base,libero_spatial,187,320,0.58437500,/e/project1/m3/blank4/code/starVLA/playground/Checkpoints/libero_plus_qwen08b_base/results/libero-plus/overall_results.json
starVLA,libero-plus,libero_plus_qwen08b_base,libero_10,83,320,0.25937500,/e/project1/m3/blank4/code/starVLA/playground/Checkpoints/libero_plus_qwen08b_base/results/libero-plus/libero_10/overall_results.json
starVLA,libero-plus,libero_plus_qwen08b_base,libero_goal,133,320,0.41562500,/e/project1/m3/blank4/code/starVLA/playground/Checkpoints/libero_plus_qwen08b_base/results/libero-plus/libero_goal/overall_results.json
starVLA,libero-plus,libero_plus_qwen08b_base,libero_object,206,320,0.64375000,/e/project1/m3/blank4/code/starVLA/playground/Checkpoints/libero_plus_qwen08b_base/results/libero-plus/libero_object/overall_results.json
starVLA,libero-plus,libero_plus_qwen08b_base,libero_spatial,187,320,0.58437500,/e/project1/m3/blank4/code/starVLA/playground/Checkpoints/libero_plus_qwen08b_base/results/libero-plus/libero_spatial/overall_results.json
starVLA,libero-plus,libero_plus_qwen08b_gr00t,libero_10,230,421,0.54631829,/e/project1/m3/blank4/code/starVLA/playground/Checkpoints/libero_plus_qwen08b_gr00t/results/libero-plus/overall_results.json
starVLA,libero-plus,libero_plus_qwen08b_gr00t,libero_goal,186,287,0.64808362,/e/project1/m3/blank4/code/starVLA/playground/Checkpoints/libero_plus_qwen08b_gr00t/results/libero-plus/overall_results.json
starVLA,libero-plus,libero_plus_qwen08b_gr00t,libero_object,193,256,0.75390625,/e/project1/m3/blank4/code/starVLA/playground/Checkpoints/libero_plus_qwen08b_gr00t/results/libero-plus/overall_results.json
starVLA,libero-plus,libero_plus_qwen08b_gr00t,libero_spatial,289,354,0.81638418,/e/project1/m3/blank4/code/starVLA/playground/Checkpoints/libero_plus_qwen08b_gr00t/results/libero-plus/overall_results.json
starVLA,libero-plus,libero_plus_qwen08b_gr00t,libero_10,230,421,0.54631829,/e/project1/m3/blank4/code/starVLA/playground/Checkpoints/libero_plus_qwen08b_gr00t/results/libero-plus/libero_10/overall_results.json
starVLA,libero-plus,libero_plus_qwen08b_gr00t,libero_goal,186,287,0.64808362,/e/project1/m3/blank4/code/starVLA/playground/Checkpoints/libero_plus_qwen08b_gr00t/results/libero-plus/libero_goal/overall_results.json
starVLA,libero-plus,libero_plus_qwen08b_gr00t,libero_object,193,256,0.75390625,/e/project1/m3/blank4/code/starVLA/playground/Checkpoints/libero_plus_qwen08b_gr00t/results/libero-plus/libero_object/overall_results.json
starVLA,libero-plus,libero_plus_qwen08b_gr00t,libero_spatial,289,354,0.81638418,/e/project1/m3/blank4/code/starVLA/playground/Checkpoints/libero_plus_qwen08b_gr00t/results/libero-plus/libero_spatial/overall_results.json
starVLA,libero-plus,libero_plus_qwen08b_gr00t_cot_trace_det,libero_10,217,320,0.67812500,/e/project1/m3/blank4/code/starVLA/playground/Checkpoints/libero_plus_qwen08b_gr00t_cot_trace_det/results/libero-plus/overall_results.json
starVLA,libero-plus,libero_plus_qwen08b_gr00t_cot_trace_det,libero_goal,237,320,0.74062500,/e/project1/m3/blank4/code/starVLA/playground/Checkpoints/libero_plus_qwen08b_gr00t_cot_trace_det/results/libero-plus/overall_results.json
starVLA,libero-plus,libero_plus_qwen08b_gr00t_cot_trace_det,libero_object,268,320,0.83750000,/e/project1/m3/blank4/code/starVLA/playground/Checkpoints/libero_plus_qwen08b_gr00t_cot_trace_det/results/libero-plus/overall_results.json
starVLA,libero-plus,libero_plus_qwen08b_gr00t_cot_trace_det,libero_spatial,272,320,0.85000000,/e/project1/m3/blank4/code/starVLA/playground/Checkpoints/libero_plus_qwen08b_gr00t_cot_trace_det/results/libero-plus/overall_results.json
starVLA,libero-plus,libero_plus_qwen08b_gr00t_cot_trace_det,libero_10,217,320,0.67812500,/e/project1/m3/blank4/code/starVLA/playground/Checkpoints/libero_plus_qwen08b_gr00t_cot_trace_det/results/libero-plus/libero_10/overall_results.json
starVLA,libero-plus,libero_plus_qwen08b_gr00t_cot_trace_det,libero_goal,237,320,0.74062500,/e/project1/m3/blank4/code/starVLA/playground/Checkpoints/libero_plus_qwen08b_gr00t_cot_trace_det/results/libero-plus/libero_goal/overall_results.json
starVLA,libero-plus,libero_plus_qwen08b_gr00t_cot_trace_det,libero_object,268,320,0.83750000,/e/project1/m3/blank4/code/starVLA/playground/Checkpoints/libero_plus_qwen08b_gr00t_cot_trace_det/results/libero-plus/libero_object/overall_results.json
starVLA,libero-plus,libero_plus_qwen08b_gr00t_cot_trace_det,libero_spatial,272,320,0.85000000,/e/project1/m3/blank4/code/starVLA/playground/Checkpoints/libero_plus_qwen08b_gr00t_cot_trace_det/results/libero-plus/libero_spatial/overall_results.json
starVLA,libero-plus,libero_plus_qwen08b_gr00t_cot_trace_det_centroid,libero_10,171,256,0.66796875,/e/project1/m3/blank4/code/starVLA/playground/Checkpoints/libero_plus_qwen08b_gr00t_cot_trace_det_centroid/results/libero-plus/overall_results.json
starVLA,libero-plus,libero_plus_qwen08b_gr00t_cot_trace_det_centroid,libero_goal,181,287,0.63066202,/e/project1/m3/blank4/code/starVLA/playground/Checkpoints/libero_plus_qwen08b_gr00t_cot_trace_det_centroid/results/libero-plus/overall_results.json
starVLA,libero-plus,libero_plus_qwen08b_gr00t_cot_trace_det_centroid,libero_object,219,256,0.85546875,/e/project1/m3/blank4/code/starVLA/playground/Checkpoints/libero_plus_qwen08b_gr00t_cot_trace_det_centroid/results/libero-plus/overall_results.json
starVLA,libero-plus,libero_plus_qwen08b_gr00t_cot_trace_det_centroid,libero_spatial,295,354,0.83333333,/e/project1/m3/blank4/code/starVLA/playground/Checkpoints/libero_plus_qwen08b_gr00t_cot_trace_det_centroid/results/libero-plus/overall_results.json
starVLA,libero-plus,libero_plus_qwen08b_gr00t_cot_trace_det_centroid,libero_10,171,256,0.66796875,/e/project1/m3/blank4/code/starVLA/playground/Checkpoints/libero_plus_qwen08b_gr00t_cot_trace_det_centroid/results/libero-plus/libero_10/overall_results.json
starVLA,libero-plus,libero_plus_qwen08b_gr00t_cot_trace_det_centroid,libero_goal,181,287,0.63066202,/e/project1/m3/blank4/code/starVLA/playground/Checkpoints/libero_plus_qwen08b_gr00t_cot_trace_det_centroid/results/libero-plus/libero_goal/overall_results.json
starVLA,libero-plus,libero_plus_qwen08b_gr00t_cot_trace_det_centroid,libero_object,219,256,0.85546875,/e/project1/m3/blank4/code/starVLA/playground/Checkpoints/libero_plus_qwen08b_gr00t_cot_trace_det_centroid/results/libero-plus/libero_object/overall_results.json
starVLA,libero-plus,libero_plus_qwen08b_gr00t_cot_trace_det_centroid,libero_spatial,295,354,0.83333333,/e/project1/m3/blank4/code/starVLA/playground/Checkpoints/libero_plus_qwen08b_gr00t_cot_trace_det_centroid/results/libero-plus/libero_spatial/overall_results.json
starVLA,libero-plus,libero_plus_qwen08b_gr00t_cot_trace_det_cotw1_readout,libero_10,186,256,0.72656250,/e/project1/m3/blank4/code/starVLA/playground/Checkpoints/libero_plus_qwen08b_gr00t_cot_trace_det_cotw1_readout/results/libero-plus/overall_results.json
starVLA,libero-plus,libero_plus_qwen08b_gr00t_cot_trace_det_cotw1_readout,libero_goal,204,287,0.71080139,/e/project1/m3/blank4/code/starVLA/playground/Checkpoints/libero_plus_qwen08b_gr00t_cot_trace_det_cotw1_readout/results/libero-plus/overall_results.json
starVLA,libero-plus,libero_plus_qwen08b_gr00t_cot_trace_det_cotw1_readout,libero_object,217,256,0.84765625,/e/project1/m3/blank4/code/starVLA/playground/Checkpoints/libero_plus_qwen08b_gr00t_cot_trace_det_cotw1_readout/results/libero-plus/overall_results.json
starVLA,libero-plus,libero_plus_qwen08b_gr00t_cot_trace_det_cotw1_readout,libero_spatial,304,354,0.85875706,/e/project1/m3/blank4/code/starVLA/playground/Checkpoints/libero_plus_qwen08b_gr00t_cot_trace_det_cotw1_readout/results/libero-plus/overall_results.json
starVLA,libero-plus,libero_plus_qwen08b_gr00t_cot_trace_det_cotw1_readout,libero_10,726,1000,0.72600000,/e/project1/m3/blank4/code/starVLA/playground/Checkpoints/libero_plus_qwen08b_gr00t_cot_trace_det_cotw1_readout/results/libero-plus/libero_10/overall_results.json
starVLA,libero-plus,libero_plus_qwen08b_gr00t_cot_trace_det_cotw1_readout,libero_goal,204,287,0.71080139,/e/project1/m3/blank4/code/starVLA/playground/Checkpoints/libero_plus_qwen08b_gr00t_cot_trace_det_cotw1_readout/results/libero-plus/libero_goal/overall_results.json
starVLA,libero-plus,libero_plus_qwen08b_gr00t_cot_trace_det_cotw1_readout,libero_object,217,256,0.84765625,/e/project1/m3/blank4/code/starVLA/playground/Checkpoints/libero_plus_qwen08b_gr00t_cot_trace_det_cotw1_readout/results/libero-plus/libero_object/overall_results.json
starVLA,libero-plus,libero_plus_qwen08b_gr00t_cot_trace_det_cotw1_readout,libero_spatial,304,354,0.85875706,/e/project1/m3/blank4/code/starVLA/playground/Checkpoints/libero_plus_qwen08b_gr00t_cot_trace_det_cotw1_readout/results/libero-plus/libero_spatial/overall_results.json
starVLA,libero-plus,libero_plus_qwen08b_gr00t_cot_trace_det_cotw1_traceonly,libero_10,111,256,0.43359375,/e/project1/m3/blank4/code/starVLA/playground/Checkpoints/libero_plus_qwen08b_gr00t_cot_trace_det_cotw1_traceonly/results/libero-plus/overall_results.json
starVLA,libero-plus,libero_plus_qwen08b_gr00t_cot_trace_det_cotw1_traceonly,libero_goal,168,287,0.58536585,/e/project1/m3/blank4/code/starVLA/playground/Checkpoints/libero_plus_qwen08b_gr00t_cot_trace_det_cotw1_traceonly/results/libero-plus/overall_results.json
starVLA,libero-plus,libero_plus_qwen08b_gr00t_cot_trace_det_cotw1_traceonly,libero_object,184,256,0.71875000,/e/project1/m3/blank4/code/starVLA/playground/Checkpoints/libero_plus_qwen08b_gr00t_cot_trace_det_cotw1_traceonly/results/libero-plus/overall_results.json
starVLA,libero-plus,libero_plus_qwen08b_gr00t_cot_trace_det_cotw1_traceonly,libero_spatial,262,354,0.74011299,/e/project1/m3/blank4/code/starVLA/playground/Checkpoints/libero_plus_qwen08b_gr00t_cot_trace_det_cotw1_traceonly/results/libero-plus/overall_results.json
starVLA,libero-plus,libero_plus_qwen08b_gr00t_cot_trace_det_cotw1_traceonly,libero_10,111,256,0.43359375,/e/project1/m3/blank4/code/starVLA/playground/Checkpoints/libero_plus_qwen08b_gr00t_cot_trace_det_cotw1_traceonly/results/libero-plus/libero_10/overall_results.json
starVLA,libero-plus,libero_plus_qwen08b_gr00t_cot_trace_det_cotw1_traceonly,libero_goal,168,287,0.58536585,/e/project1/m3/blank4/code/starVLA/playground/Checkpoints/libero_plus_qwen08b_gr00t_cot_trace_det_cotw1_traceonly/results/libero-plus/libero_goal/overall_results.json
starVLA,libero-plus,libero_plus_qwen08b_gr00t_cot_trace_det_cotw1_traceonly,libero_object,184,256,0.71875000,/e/project1/m3/blank4/code/starVLA/playground/Checkpoints/libero_plus_qwen08b_gr00t_cot_trace_det_cotw1_traceonly/results/libero-plus/libero_object/overall_results.json
starVLA,libero-plus,libero_plus_qwen08b_gr00t_cot_trace_det_cotw1_traceonly,libero_spatial,262,354,0.74011299,/e/project1/m3/blank4/code/starVLA/playground/Checkpoints/libero_plus_qwen08b_gr00t_cot_trace_det_cotw1_traceonly/results/libero-plus/libero_spatial/overall_results.json
starVLA,libero-plus,libero_plus_qwen08b_gr00t_cot_trace_det_full,libero_10,177,256,0.69140625,/e/project1/m3/blank4/code/starVLA/playground/Checkpoints/libero_plus_qwen08b_gr00t_cot_trace_det_full/results/libero-plus/overall_results.json
starVLA,libero-plus,libero_plus_qwen08b_gr00t_cot_trace_det_full,libero_goal,205,287,0.71428571,/e/project1/m3/blank4/code/starVLA/playground/Checkpoints/libero_plus_qwen08b_gr00t_cot_trace_det_full/results/libero-plus/overall_results.json
starVLA,libero-plus,libero_plus_qwen08b_gr00t_cot_trace_det_full,libero_object,215,256,0.83984375,/e/project1/m3/blank4/code/starVLA/playground/Checkpoints/libero_plus_qwen08b_gr00t_cot_trace_det_full/results/libero-plus/overall_results.json
starVLA,libero-plus,libero_plus_qwen08b_gr00t_cot_trace_det_full,libero_spatial,293,354,0.82768362,/e/project1/m3/blank4/code/starVLA/playground/Checkpoints/libero_plus_qwen08b_gr00t_cot_trace_det_full/results/libero-plus/overall_results.json
starVLA,libero-plus,libero_plus_qwen08b_gr00t_cot_trace_det_full,libero_10,177,256,0.69140625,/e/project1/m3/blank4/code/starVLA/playground/Checkpoints/libero_plus_qwen08b_gr00t_cot_trace_det_full/results/libero-plus/libero_10/overall_results.json
starVLA,libero-plus,libero_plus_qwen08b_gr00t_cot_trace_det_full,libero_goal,205,287,0.71428571,/e/project1/m3/blank4/code/starVLA/playground/Checkpoints/libero_plus_qwen08b_gr00t_cot_trace_det_full/results/libero-plus/libero_goal/overall_results.json
starVLA,libero-plus,libero_plus_qwen08b_gr00t_cot_trace_det_full,libero_object,215,256,0.83984375,/e/project1/m3/blank4/code/starVLA/playground/Checkpoints/libero_plus_qwen08b_gr00t_cot_trace_det_full/results/libero-plus/libero_object/overall_results.json
starVLA,libero-plus,libero_plus_qwen08b_gr00t_cot_trace_det_full,libero_spatial,293,354,0.82768362,/e/project1/m3/blank4/code/starVLA/playground/Checkpoints/libero_plus_qwen08b_gr00t_cot_trace_det_full/results/libero-plus/libero_spatial/overall_results.json
starVLA,libero-plus,libero_plus_qwen08b_gr00t_cot_trace_det_v2,libero_10,171,256,0.66796875,/e/project1/m3/blank4/code/starVLA/playground/Checkpoints/libero_plus_qwen08b_gr00t_cot_trace_det_v2/results/libero-plus/overall_results.json
starVLA,libero-plus,libero_plus_qwen08b_gr00t_cot_trace_det_v2,libero_goal,186,287,0.64808362,/e/project1/m3/blank4/code/starVLA/playground/Checkpoints/libero_plus_qwen08b_gr00t_cot_trace_det_v2/results/libero-plus/overall_results.json
starVLA,libero-plus,libero_plus_qwen08b_gr00t_cot_trace_det_v2,libero_object,215,256,0.83984375,/e/project1/m3/blank4/code/starVLA/playground/Checkpoints/libero_plus_qwen08b_gr00t_cot_trace_det_v2/results/libero-plus/overall_results.json
starVLA,libero-plus,libero_plus_qwen08b_gr00t_cot_trace_det_v2,libero_spatial,305,354,0.86158192,/e/project1/m3/blank4/code/starVLA/playground/Checkpoints/libero_plus_qwen08b_gr00t_cot_trace_det_v2/results/libero-plus/overall_results.json
starVLA,libero-plus,libero_plus_qwen08b_gr00t_cot_trace_det_v2,libero_10,171,256,0.66796875,/e/project1/m3/blank4/code/starVLA/playground/Checkpoints/libero_plus_qwen08b_gr00t_cot_trace_det_v2/results/libero-plus/libero_10/overall_results.json
starVLA,libero-plus,libero_plus_qwen08b_gr00t_cot_trace_det_v2,libero_goal,186,287,0.64808362,/e/project1/m3/blank4/code/starVLA/playground/Checkpoints/libero_plus_qwen08b_gr00t_cot_trace_det_v2/results/libero-plus/libero_goal/overall_results.json
starVLA,libero-plus,libero_plus_qwen08b_gr00t_cot_trace_det_v2,libero_object,215,256,0.83984375,/e/project1/m3/blank4/code/starVLA/playground/Checkpoints/libero_plus_qwen08b_gr00t_cot_trace_det_v2/results/libero-plus/libero_object/overall_results.json
starVLA,libero-plus,libero_plus_qwen08b_gr00t_cot_trace_det_v2,libero_spatial,305,354,0.86158192,/e/project1/m3/blank4/code/starVLA/playground/Checkpoints/libero_plus_qwen08b_gr00t_cot_trace_det_v2/results/libero-plus/libero_spatial/overall_results.json
starVLA,libero-plus,libero_plus_qwen08b_gr00t_cot_trace_det_v3,libero_10,190,256,0.74218750,/e/project1/m3/blank4/code/starVLA/playground/Checkpoints/libero_plus_qwen08b_gr00t_cot_trace_det_v3/results/libero-plus/overall_results.json
starVLA,libero-plus,libero_plus_qwen08b_gr00t_cot_trace_det_v3,libero_goal,198,287,0.68989547,/e/project1/m3/blank4/code/starVLA/playground/Checkpoints/libero_plus_qwen08b_gr00t_cot_trace_det_v3/results/libero-plus/overall_results.json
starVLA,libero-plus,libero_plus_qwen08b_gr00t_cot_trace_det_v3,libero_object,207,256,0.80859375,/e/project1/m3/blank4/code/starVLA/playground/Checkpoints/libero_plus_qwen08b_gr00t_cot_trace_det_v3/results/libero-plus/overall_results.json
starVLA,libero-plus,libero_plus_qwen08b_gr00t_cot_trace_det_v3,libero_spatial,305,354,0.86158192,/e/project1/m3/blank4/code/starVLA/playground/Checkpoints/libero_plus_qwen08b_gr00t_cot_trace_det_v3/results/libero-plus/overall_results.json
starVLA,libero-plus,libero_plus_qwen08b_gr00t_cot_trace_det_v3,libero_10,190,256,0.74218750,/e/project1/m3/blank4/code/starVLA/playground/Checkpoints/libero_plus_qwen08b_gr00t_cot_trace_det_v3/results/libero-plus/libero_10/overall_results.json
starVLA,libero-plus,libero_plus_qwen08b_gr00t_cot_trace_det_v3,libero_goal,198,287,0.68989547,/e/project1/m3/blank4/code/starVLA/playground/Checkpoints/libero_plus_qwen08b_gr00t_cot_trace_det_v3/results/libero-plus/libero_goal/overall_results.json
starVLA,libero-plus,libero_plus_qwen08b_gr00t_cot_trace_det_v3,libero_object,207,256,0.80859375,/e/project1/m3/blank4/code/starVLA/playground/Checkpoints/libero_plus_qwen08b_gr00t_cot_trace_det_v3/results/libero-plus/libero_object/overall_results.json
starVLA,libero-plus,libero_plus_qwen08b_gr00t_cot_trace_det_v3,libero_spatial,305,354,0.86158192,/e/project1/m3/blank4/code/starVLA/playground/Checkpoints/libero_plus_qwen08b_gr00t_cot_trace_det_v3/results/libero-plus/libero_spatial/overall_results.json
starVLA,libero-plus,libero_plus_qwen08b_gr00t_cot_trace_det_v3_cotw01,libero_10,787,1000,0.78700000,/e/project1/m3/blank4/code/starVLA/playground/Checkpoints/libero_plus_qwen08b_gr00t_cot_trace_det_v3_cotw01/results/libero-plus/overall_results.json
starVLA,libero-plus,libero_plus_qwen08b_gr00t_cot_trace_det_v3_cotw01,libero_goal,729,1000,0.72900000,/e/project1/m3/blank4/code/starVLA/playground/Checkpoints/libero_plus_qwen08b_gr00t_cot_trace_det_v3_cotw01/results/libero-plus/overall_results.json
starVLA,libero-plus,libero_plus_qwen08b_gr00t_cot_trace_det_v3_cotw01,libero_object,869,1000,0.86900000,/e/project1/m3/blank4/code/starVLA/playground/Checkpoints/libero_plus_qwen08b_gr00t_cot_trace_det_v3_cotw01/results/libero-plus/overall_results.json
starVLA,libero-plus,libero_plus_qwen08b_gr00t_cot_trace_det_v3_cotw01,libero_spatial,864,1000,0.86400000,/e/project1/m3/blank4/code/starVLA/playground/Checkpoints/libero_plus_qwen08b_gr00t_cot_trace_det_v3_cotw01/results/libero-plus/overall_results.json
starVLA,libero-plus,libero_plus_qwen08b_gr00t_cot_trace_det_v3_cotw01,libero_10,787,1000,0.78700000,/e/project1/m3/blank4/code/starVLA/playground/Checkpoints/libero_plus_qwen08b_gr00t_cot_trace_det_v3_cotw01/results/libero-plus/libero_10/overall_results.json
starVLA,libero-plus,libero_plus_qwen08b_gr00t_cot_trace_det_v3_cotw01,libero_goal,729,1000,0.72900000,/e/project1/m3/blank4/code/starVLA/playground/Checkpoints/libero_plus_qwen08b_gr00t_cot_trace_det_v3_cotw01/results/libero-plus/libero_goal/overall_results.json
starVLA,libero-plus,libero_plus_qwen08b_gr00t_cot_trace_det_v3_cotw01,libero_object,869,1000,0.86900000,/e/project1/m3/blank4/code/starVLA/playground/Checkpoints/libero_plus_qwen08b_gr00t_cot_trace_det_v3_cotw01/results/libero-plus/libero_object/overall_results.json
starVLA,libero-plus,libero_plus_qwen08b_gr00t_cot_trace_det_v3_cotw01,libero_spatial,864,1000,0.86400000,/e/project1/m3/blank4/code/starVLA/playground/Checkpoints/libero_plus_qwen08b_gr00t_cot_trace_det_v3_cotw01/results/libero-plus/libero_spatial/overall_results.json
starVLA,libero-plus,libero_plus_qwen08b_gr00t_cot_trace_ours,libero_10,228,320,0.71250000,/e/project1/m3/blank4/code/starVLA/playground/Checkpoints/libero_plus_qwen08b_gr00t_cot_trace_ours/results/libero-plus/overall_results.json
starVLA,libero-plus,libero_plus_qwen08b_gr00t_cot_trace_ours,libero_goal,189,320,0.59062500,/e/project1/m3/blank4/code/starVLA/playground/Checkpoints/libero_plus_qwen08b_gr00t_cot_trace_ours/results/libero-plus/overall_results.json
starVLA,libero-plus,libero_plus_qwen08b_gr00t_cot_trace_ours,libero_object,237,320,0.74062500,/e/project1/m3/blank4/code/starVLA/playground/Checkpoints/libero_plus_qwen08b_gr00t_cot_trace_ours/results/libero-plus/overall_results.json
starVLA,libero-plus,libero_plus_qwen08b_gr00t_cot_trace_ours,libero_spatial,258,320,0.80625000,/e/project1/m3/blank4/code/starVLA/playground/Checkpoints/libero_plus_qwen08b_gr00t_cot_trace_ours/results/libero-plus/overall_results.json
starVLA,libero-plus,libero_plus_qwen08b_gr00t_cot_trace_ours,libero_10,228,320,0.71250000,/e/project1/m3/blank4/code/starVLA/playground/Checkpoints/libero_plus_qwen08b_gr00t_cot_trace_ours/results/libero-plus/libero_10/overall_results.json
starVLA,libero-plus,libero_plus_qwen08b_gr00t_cot_trace_ours,libero_goal,189,320,0.59062500,/e/project1/m3/blank4/code/starVLA/playground/Checkpoints/libero_plus_qwen08b_gr00t_cot_trace_ours/results/libero-plus/libero_goal/overall_results.json
starVLA,libero-plus,libero_plus_qwen08b_gr00t_cot_trace_ours,libero_object,237,320,0.74062500,/e/project1/m3/blank4/code/starVLA/playground/Checkpoints/libero_plus_qwen08b_gr00t_cot_trace_ours/results/libero-plus/libero_object/overall_results.json
starVLA,libero-plus,libero_plus_qwen08b_gr00t_cot_trace_ours,libero_spatial,258,320,0.80625000,/e/project1/m3/blank4/code/starVLA/playground/Checkpoints/libero_plus_qwen08b_gr00t_cot_trace_ours/results/libero-plus/libero_spatial/overall_results.json
starVLA,libero-plus,libero_plus_qwen08b_gr00t_cot_trace_ours_centroid,libero_10,167,256,0.65234375,/e/project1/m3/blank4/code/starVLA/playground/Checkpoints/libero_plus_qwen08b_gr00t_cot_trace_ours_centroid/results/libero-plus/overall_results.json
starVLA,libero-plus,libero_plus_qwen08b_gr00t_cot_trace_ours_centroid,libero_goal,199,287,0.69337979,/e/project1/m3/blank4/code/starVLA/playground/Checkpoints/libero_plus_qwen08b_gr00t_cot_trace_ours_centroid/results/libero-plus/overall_results.json
starVLA,libero-plus,libero_plus_qwen08b_gr00t_cot_trace_ours_centroid,libero_object,216,256,0.84375000,/e/project1/m3/blank4/code/starVLA/playground/Checkpoints/libero_plus_qwen08b_gr00t_cot_trace_ours_centroid/results/libero-plus/overall_results.json
starVLA,libero-plus,libero_plus_qwen08b_gr00t_cot_trace_ours_centroid,libero_spatial,298,354,0.84180791,/e/project1/m3/blank4/code/starVLA/playground/Checkpoints/libero_plus_qwen08b_gr00t_cot_trace_ours_centroid/results/libero-plus/overall_results.json
starVLA,libero-plus,libero_plus_qwen08b_gr00t_cot_trace_ours_centroid,libero_10,167,256,0.65234375,/e/project1/m3/blank4/code/starVLA/playground/Checkpoints/libero_plus_qwen08b_gr00t_cot_trace_ours_centroid/results/libero-plus/libero_10/overall_results.json
starVLA,libero-plus,libero_plus_qwen08b_gr00t_cot_trace_ours_centroid,libero_goal,199,287,0.69337979,/e/project1/m3/blank4/code/starVLA/playground/Checkpoints/libero_plus_qwen08b_gr00t_cot_trace_ours_centroid/results/libero-plus/libero_goal/overall_results.json
starVLA,libero-plus,libero_plus_qwen08b_gr00t_cot_trace_ours_centroid,libero_object,216,256,0.84375000,/e/project1/m3/blank4/code/starVLA/playground/Checkpoints/libero_plus_qwen08b_gr00t_cot_trace_ours_centroid/results/libero-plus/libero_object/overall_results.json
starVLA,libero-plus,libero_plus_qwen08b_gr00t_cot_trace_ours_centroid,libero_spatial,298,354,0.84180791,/e/project1/m3/blank4/code/starVLA/playground/Checkpoints/libero_plus_qwen08b_gr00t_cot_trace_ours_centroid/results/libero-plus/libero_spatial/overall_results.json
starVLA,libero-plus,libero_plus_qwen08b_gr00t_cot_trace_ours_cotw1_readout_scratch,libero_10,193,256,0.75390625,/e/project1/m3/blank4/code/starVLA/playground/Checkpoints/libero_plus_qwen08b_gr00t_cot_trace_ours_cotw1_readout_scratch/results/libero-plus/overall_results.json
starVLA,libero-plus,libero_plus_qwen08b_gr00t_cot_trace_ours_cotw1_readout_scratch,libero_goal,192,287,0.66898955,/e/project1/m3/blank4/code/starVLA/playground/Checkpoints/libero_plus_qwen08b_gr00t_cot_trace_ours_cotw1_readout_scratch/results/libero-plus/overall_results.json
starVLA,libero-plus,libero_plus_qwen08b_gr00t_cot_trace_ours_cotw1_readout_scratch,libero_object,220,256,0.85937500,/e/project1/m3/blank4/code/starVLA/playground/Checkpoints/libero_plus_qwen08b_gr00t_cot_trace_ours_cotw1_readout_scratch/results/libero-plus/overall_results.json
starVLA,libero-plus,libero_plus_qwen08b_gr00t_cot_trace_ours_cotw1_readout_scratch,libero_spatial,302,354,0.85310734,/e/project1/m3/blank4/code/starVLA/playground/Checkpoints/libero_plus_qwen08b_gr00t_cot_trace_ours_cotw1_readout_scratch/results/libero-plus/overall_results.json
starVLA,libero-plus,libero_plus_qwen08b_gr00t_cot_trace_ours_cotw1_readout_scratch,libero_10,740,1000,0.74000000,/e/project1/m3/blank4/code/starVLA/playground/Checkpoints/libero_plus_qwen08b_gr00t_cot_trace_ours_cotw1_readout_scratch/results/libero-plus/libero_10/overall_results.json
starVLA,libero-plus,libero_plus_qwen08b_gr00t_cot_trace_ours_cotw1_readout_scratch,libero_goal,192,287,0.66898955,/e/project1/m3/blank4/code/starVLA/playground/Checkpoints/libero_plus_qwen08b_gr00t_cot_trace_ours_cotw1_readout_scratch/results/libero-plus/libero_goal/overall_results.json
starVLA,libero-plus,libero_plus_qwen08b_gr00t_cot_trace_ours_cotw1_readout_scratch,libero_object,220,256,0.85937500,/e/project1/m3/blank4/code/starVLA/playground/Checkpoints/libero_plus_qwen08b_gr00t_cot_trace_ours_cotw1_readout_scratch/results/libero-plus/libero_object/overall_results.json
starVLA,libero-plus,libero_plus_qwen08b_gr00t_cot_trace_ours_cotw1_readout_scratch,libero_spatial,302,354,0.85310734,/e/project1/m3/blank4/code/starVLA/playground/Checkpoints/libero_plus_qwen08b_gr00t_cot_trace_ours_cotw1_readout_scratch/results/libero-plus/libero_spatial/overall_results.json
starVLA,libero-plus,libero_plus_qwen08b_gr00t_cot_trace_ours_cotw1_traceonly_scratch,libero_10,162,256,0.63281250,/e/project1/m3/blank4/code/starVLA/playground/Checkpoints/libero_plus_qwen08b_gr00t_cot_trace_ours_cotw1_traceonly_scratch/results/libero-plus/overall_results.json
starVLA,libero-plus,libero_plus_qwen08b_gr00t_cot_trace_ours_cotw1_traceonly_scratch,libero_goal,192,287,0.66898955,/e/project1/m3/blank4/code/starVLA/playground/Checkpoints/libero_plus_qwen08b_gr00t_cot_trace_ours_cotw1_traceonly_scratch/results/libero-plus/overall_results.json
starVLA,libero-plus,libero_plus_qwen08b_gr00t_cot_trace_ours_cotw1_traceonly_scratch,libero_object,216,256,0.84375000,/e/project1/m3/blank4/code/starVLA/playground/Checkpoints/libero_plus_qwen08b_gr00t_cot_trace_ours_cotw1_traceonly_scratch/results/libero-plus/overall_results.json
starVLA,libero-plus,libero_plus_qwen08b_gr00t_cot_trace_ours_cotw1_traceonly_scratch,libero_spatial,291,354,0.82203390,/e/project1/m3/blank4/code/starVLA/playground/Checkpoints/libero_plus_qwen08b_gr00t_cot_trace_ours_cotw1_traceonly_scratch/results/libero-plus/overall_results.json
starVLA,libero-plus,libero_plus_qwen08b_gr00t_cot_trace_ours_cotw1_traceonly_scratch,libero_10,162,256,0.63281250,/e/project1/m3/blank4/code/starVLA/playground/Checkpoints/libero_plus_qwen08b_gr00t_cot_trace_ours_cotw1_traceonly_scratch/results/libero-plus/libero_10/overall_results.json
starVLA,libero-plus,libero_plus_qwen08b_gr00t_cot_trace_ours_cotw1_traceonly_scratch,libero_goal,192,287,0.66898955,/e/project1/m3/blank4/code/starVLA/playground/Checkpoints/libero_plus_qwen08b_gr00t_cot_trace_ours_cotw1_traceonly_scratch/results/libero-plus/libero_goal/overall_results.json
starVLA,libero-plus,libero_plus_qwen08b_gr00t_cot_trace_ours_cotw1_traceonly_scratch,libero_object,216,256,0.84375000,/e/project1/m3/blank4/code/starVLA/playground/Checkpoints/libero_plus_qwen08b_gr00t_cot_trace_ours_cotw1_traceonly_scratch/results/libero-plus/libero_object/overall_results.json
starVLA,libero-plus,libero_plus_qwen08b_gr00t_cot_trace_ours_cotw1_traceonly_scratch,libero_spatial,291,354,0.82203390,/e/project1/m3/blank4/code/starVLA/playground/Checkpoints/libero_plus_qwen08b_gr00t_cot_trace_ours_cotw1_traceonly_scratch/results/libero-plus/libero_spatial/overall_results.json
starVLA,libero-plus,libero_plus_qwen08b_gr00t_cot_trace_ours_fixedbase,libero_10,211,320,0.65937500,/e/project1/m3/blank4/code/starVLA/playground/Checkpoints/libero_plus_qwen08b_gr00t_cot_trace_ours_fixedbase/results/libero-plus/overall_results.json
starVLA,libero-plus,libero_plus_qwen08b_gr00t_cot_trace_ours_fixedbase,libero_goal,229,320,0.71562500,/e/project1/m3/blank4/code/starVLA/playground/Checkpoints/libero_plus_qwen08b_gr00t_cot_trace_ours_fixedbase/results/libero-plus/overall_results.json
starVLA,libero-plus,libero_plus_qwen08b_gr00t_cot_trace_ours_fixedbase,libero_object,264,320,0.82500000,/e/project1/m3/blank4/code/starVLA/playground/Checkpoints/libero_plus_qwen08b_gr00t_cot_trace_ours_fixedbase/results/libero-plus/overall_results.json
starVLA,libero-plus,libero_plus_qwen08b_gr00t_cot_trace_ours_fixedbase,libero_spatial,260,320,0.81250000,/e/project1/m3/blank4/code/starVLA/playground/Checkpoints/libero_plus_qwen08b_gr00t_cot_trace_ours_fixedbase/results/libero-plus/overall_results.json
starVLA,libero-plus,libero_plus_qwen08b_gr00t_cot_trace_ours_fixedbase,libero_10,211,320,0.65937500,/e/project1/m3/blank4/code/starVLA/playground/Checkpoints/libero_plus_qwen08b_gr00t_cot_trace_ours_fixedbase/results/libero-plus/libero_10/overall_results.json
starVLA,libero-plus,libero_plus_qwen08b_gr00t_cot_trace_ours_fixedbase,libero_goal,229,320,0.71562500,/e/project1/m3/blank4/code/starVLA/playground/Checkpoints/libero_plus_qwen08b_gr00t_cot_trace_ours_fixedbase/results/libero-plus/libero_goal/overall_results.json
starVLA,libero-plus,libero_plus_qwen08b_gr00t_cot_trace_ours_fixedbase,libero_object,264,320,0.82500000,/e/project1/m3/blank4/code/starVLA/playground/Checkpoints/libero_plus_qwen08b_gr00t_cot_trace_ours_fixedbase/results/libero-plus/libero_object/overall_results.json
starVLA,libero-plus,libero_plus_qwen08b_gr00t_cot_trace_ours_fixedbase,libero_spatial,260,320,0.81250000,/e/project1/m3/blank4/code/starVLA/playground/Checkpoints/libero_plus_qwen08b_gr00t_cot_trace_ours_fixedbase/results/libero-plus/libero_spatial/overall_results.json
starVLA,libero-plus,libero_plus_qwen08b_gr00t_cot_trace_ours_full,libero_10,165,256,0.64453125,/e/project1/m3/blank4/code/starVLA/playground/Checkpoints/libero_plus_qwen08b_gr00t_cot_trace_ours_full/results/libero-plus/overall_results.json
starVLA,libero-plus,libero_plus_qwen08b_gr00t_cot_trace_ours_full,libero_goal,197,287,0.68641115,/e/project1/m3/blank4/code/starVLA/playground/Checkpoints/libero_plus_qwen08b_gr00t_cot_trace_ours_full/results/libero-plus/overall_results.json
starVLA,libero-plus,libero_plus_qwen08b_gr00t_cot_trace_ours_full,libero_object,207,256,0.80859375,/e/project1/m3/blank4/code/starVLA/playground/Checkpoints/libero_plus_qwen08b_gr00t_cot_trace_ours_full/results/libero-plus/overall_results.json
starVLA,libero-plus,libero_plus_qwen08b_gr00t_cot_trace_ours_full,libero_spatial,302,354,0.85310734,/e/project1/m3/blank4/code/starVLA/playground/Checkpoints/libero_plus_qwen08b_gr00t_cot_trace_ours_full/results/libero-plus/overall_results.json
starVLA,libero-plus,libero_plus_qwen08b_gr00t_cot_trace_ours_full,libero_10,165,256,0.64453125,/e/project1/m3/blank4/code/starVLA/playground/Checkpoints/libero_plus_qwen08b_gr00t_cot_trace_ours_full/results/libero-plus/libero_10/overall_results.json
starVLA,libero-plus,libero_plus_qwen08b_gr00t_cot_trace_ours_full,libero_goal,197,287,0.68641115,/e/project1/m3/blank4/code/starVLA/playground/Checkpoints/libero_plus_qwen08b_gr00t_cot_trace_ours_full/results/libero-plus/libero_goal/overall_results.json
starVLA,libero-plus,libero_plus_qwen08b_gr00t_cot_trace_ours_full,libero_object,207,256,0.80859375,/e/project1/m3/blank4/code/starVLA/playground/Checkpoints/libero_plus_qwen08b_gr00t_cot_trace_ours_full/results/libero-plus/libero_object/overall_results.json
starVLA,libero-plus,libero_plus_qwen08b_gr00t_cot_trace_ours_full,libero_spatial,302,354,0.85310734,/e/project1/m3/blank4/code/starVLA/playground/Checkpoints/libero_plus_qwen08b_gr00t_cot_trace_ours_full/results/libero-plus/libero_spatial/overall_results.json
starVLA,libero-plus,libero_plus_qwen08b_gr00t_cot_trace_ours_full_cotw1,libero_10,173,256,0.67578125,/e/project1/m3/blank4/code/starVLA/playground/Checkpoints/libero_plus_qwen08b_gr00t_cot_trace_ours_full_cotw1/results/libero-plus/overall_results.json
starVLA,libero-plus,libero_plus_qwen08b_gr00t_cot_trace_ours_full_cotw1,libero_goal,210,287,0.73170732,/e/project1/m3/blank4/code/starVLA/playground/Checkpoints/libero_plus_qwen08b_gr00t_cot_trace_ours_full_cotw1/results/libero-plus/overall_results.json
starVLA,libero-plus,libero_plus_qwen08b_gr00t_cot_trace_ours_full_cotw1,libero_object,218,256,0.85156250,/e/project1/m3/blank4/code/starVLA/playground/Checkpoints/libero_plus_qwen08b_gr00t_cot_trace_ours_full_cotw1/results/libero-plus/overall_results.json
starVLA,libero-plus,libero_plus_qwen08b_gr00t_cot_trace_ours_full_cotw1,libero_spatial,306,354,0.86440678,/e/project1/m3/blank4/code/starVLA/playground/Checkpoints/libero_plus_qwen08b_gr00t_cot_trace_ours_full_cotw1/results/libero-plus/overall_results.json
starVLA,libero-plus,libero_plus_qwen08b_gr00t_cot_trace_ours_full_cotw1,libero_10,649,1000,0.64900000,/e/project1/m3/blank4/code/starVLA/playground/Checkpoints/libero_plus_qwen08b_gr00t_cot_trace_ours_full_cotw1/results/libero-plus/libero_10/overall_results.json
starVLA,libero-plus,libero_plus_qwen08b_gr00t_cot_trace_ours_full_cotw1,libero_goal,210,287,0.73170732,/e/project1/m3/blank4/code/starVLA/playground/Checkpoints/libero_plus_qwen08b_gr00t_cot_trace_ours_full_cotw1/results/libero-plus/libero_goal/overall_results.json
starVLA,libero-plus,libero_plus_qwen08b_gr00t_cot_trace_ours_full_cotw1,libero_object,218,256,0.85156250,/e/project1/m3/blank4/code/starVLA/playground/Checkpoints/libero_plus_qwen08b_gr00t_cot_trace_ours_full_cotw1/results/libero-plus/libero_object/overall_results.json
starVLA,libero-plus,libero_plus_qwen08b_gr00t_cot_trace_ours_full_cotw1,libero_spatial,306,354,0.86440678,/e/project1/m3/blank4/code/starVLA/playground/Checkpoints/libero_plus_qwen08b_gr00t_cot_trace_ours_full_cotw1/results/libero-plus/libero_spatial/overall_results.json
starVLA,libero-plus,libero_plus_qwen08b_gr00t_cot_trace_ours_full_ft,libero_10,160,242,0.66115702,/e/project1/m3/blank4/code/starVLA/playground/Checkpoints/libero_plus_qwen08b_gr00t_cot_trace_ours_full_ft/results/libero-plus/overall_results.json
starVLA,libero-plus,libero_plus_qwen08b_gr00t_cot_trace_ours_full_ft,libero_goal,162,271,0.59778598,/e/project1/m3/blank4/code/starVLA/playground/Checkpoints/libero_plus_qwen08b_gr00t_cot_trace_ours_full_ft/results/libero-plus/overall_results.json
starVLA,libero-plus,libero_plus_qwen08b_gr00t_cot_trace_ours_full_ft,libero_object,194,240,0.80833333,/e/project1/m3/blank4/code/starVLA/playground/Checkpoints/libero_plus_qwen08b_gr00t_cot_trace_ours_full_ft/results/libero-plus/overall_results.json
starVLA,libero-plus,libero_plus_qwen08b_gr00t_cot_trace_ours_full_ft,libero_spatial,257,330,0.77878788,/e/project1/m3/blank4/code/starVLA/playground/Checkpoints/libero_plus_qwen08b_gr00t_cot_trace_ours_full_ft/results/libero-plus/overall_results.json
starVLA,libero-plus,libero_plus_qwen08b_gr00t_cot_trace_ours_full_ft,libero_10,160,242,0.66115702,/e/project1/m3/blank4/code/starVLA/playground/Checkpoints/libero_plus_qwen08b_gr00t_cot_trace_ours_full_ft/results/libero-plus/libero_10/overall_results.json
starVLA,libero-plus,libero_plus_qwen08b_gr00t_cot_trace_ours_full_ft,libero_goal,162,271,0.59778598,/e/project1/m3/blank4/code/starVLA/playground/Checkpoints/libero_plus_qwen08b_gr00t_cot_trace_ours_full_ft/results/libero-plus/libero_goal/overall_results.json
starVLA,libero-plus,libero_plus_qwen08b_gr00t_cot_trace_ours_full_ft,libero_object,194,240,0.80833333,/e/project1/m3/blank4/code/starVLA/playground/Checkpoints/libero_plus_qwen08b_gr00t_cot_trace_ours_full_ft/results/libero-plus/libero_object/overall_results.json
starVLA,libero-plus,libero_plus_qwen08b_gr00t_cot_trace_ours_full_ft,libero_spatial,257,330,0.77878788,/e/project1/m3/blank4/code/starVLA/playground/Checkpoints/libero_plus_qwen08b_gr00t_cot_trace_ours_full_ft/results/libero-plus/libero_spatial/overall_results.json
starVLA,libero-plus,libero_plus_qwen08b_gr00t_cot_trace_ours_v3_cotw01,libero_10,833,1000,0.83300000,/e/project1/m3/blank4/code/starVLA/playground/Checkpoints/libero_plus_qwen08b_gr00t_cot_trace_ours_v3_cotw01/results/libero-plus/overall_results.json
starVLA,libero-plus,libero_plus_qwen08b_gr00t_cot_trace_ours_v3_cotw01,libero_goal,765,1000,0.76500000,/e/project1/m3/blank4/code/starVLA/playground/Checkpoints/libero_plus_qwen08b_gr00t_cot_trace_ours_v3_cotw01/results/libero-plus/overall_results.json
starVLA,libero-plus,libero_plus_qwen08b_gr00t_cot_trace_ours_v3_cotw01,libero_object,869,1000,0.86900000,/e/project1/m3/blank4/code/starVLA/playground/Checkpoints/libero_plus_qwen08b_gr00t_cot_trace_ours_v3_cotw01/results/libero-plus/overall_results.json
starVLA,libero-plus,libero_plus_qwen08b_gr00t_cot_trace_ours_v3_cotw01,libero_spatial,856,1000,0.85600000,/e/project1/m3/blank4/code/starVLA/playground/Checkpoints/libero_plus_qwen08b_gr00t_cot_trace_ours_v3_cotw01/results/libero-plus/overall_results.json
starVLA,libero-plus,libero_plus_qwen08b_gr00t_cot_trace_ours_v3_cotw01,libero_10,833,1000,0.83300000,/e/project1/m3/blank4/code/starVLA/playground/Checkpoints/libero_plus_qwen08b_gr00t_cot_trace_ours_v3_cotw01/results/libero-plus/libero_10/overall_results.json
starVLA,libero-plus,libero_plus_qwen08b_gr00t_cot_trace_ours_v3_cotw01,libero_goal,765,1000,0.76500000,/e/project1/m3/blank4/code/starVLA/playground/Checkpoints/libero_plus_qwen08b_gr00t_cot_trace_ours_v3_cotw01/results/libero-plus/libero_goal/overall_results.json
starVLA,libero-plus,libero_plus_qwen08b_gr00t_cot_trace_ours_v3_cotw01,libero_object,869,1000,0.86900000,/e/project1/m3/blank4/code/starVLA/playground/Checkpoints/libero_plus_qwen08b_gr00t_cot_trace_ours_v3_cotw01/results/libero-plus/libero_object/overall_results.json
starVLA,libero-plus,libero_plus_qwen08b_gr00t_cot_trace_ours_v3_cotw01,libero_spatial,856,1000,0.85600000,/e/project1/m3/blank4/code/starVLA/playground/Checkpoints/libero_plus_qwen08b_gr00t_cot_trace_ours_v3_cotw01/results/libero-plus/libero_spatial/overall_results.json
starVLA,libero-plus,libero_plus_qwen08b_gr00t_deeps,libero_10,750,1000,0.75000000,/e/project1/m3/blank4/code/starVLA/playground/Checkpoints/libero_plus_qwen08b_gr00t_deeps/results/libero-plus/overall_results.json
starVLA,libero-plus,libero_plus_qwen08b_gr00t_deeps,libero_goal,664,1000,0.66400000,/e/project1/m3/blank4/code/starVLA/playground/Checkpoints/libero_plus_qwen08b_gr00t_deeps/results/libero-plus/overall_results.json
starVLA,libero-plus,libero_plus_qwen08b_gr00t_deeps,libero_object,829,1000,0.82900000,/e/project1/m3/blank4/code/starVLA/playground/Checkpoints/libero_plus_qwen08b_gr00t_deeps/results/libero-plus/overall_results.json
starVLA,libero-plus,libero_plus_qwen08b_gr00t_deeps,libero_spatial,844,1000,0.84400000,/e/project1/m3/blank4/code/starVLA/playground/Checkpoints/libero_plus_qwen08b_gr00t_deeps/results/libero-plus/overall_results.json
starVLA,libero-plus,libero_plus_qwen08b_gr00t_deeps,libero_10,750,1000,0.75000000,/e/project1/m3/blank4/code/starVLA/playground/Checkpoints/libero_plus_qwen08b_gr00t_deeps/results/libero-plus/libero_10/overall_results.json
starVLA,libero-plus,libero_plus_qwen08b_gr00t_deeps,libero_goal,664,1000,0.66400000,/e/project1/m3/blank4/code/starVLA/playground/Checkpoints/libero_plus_qwen08b_gr00t_deeps/results/libero-plus/libero_goal/overall_results.json
starVLA,libero-plus,libero_plus_qwen08b_gr00t_deeps,libero_object,829,1000,0.82900000,/e/project1/m3/blank4/code/starVLA/playground/Checkpoints/libero_plus_qwen08b_gr00t_deeps/results/libero-plus/libero_object/overall_results.json
starVLA,libero-plus,libero_plus_qwen08b_gr00t_deeps,libero_spatial,844,1000,0.84400000,/e/project1/m3/blank4/code/starVLA/playground/Checkpoints/libero_plus_qwen08b_gr00t_deeps/results/libero-plus/libero_spatial/overall_results.json
starVLA,libero-plus,libero_plus_qwen08b_gr00t_v2,libero_10,123,224,0.54910714,/e/project1/m3/blank4/code/starVLA/playground/Checkpoints/libero_plus_qwen08b_gr00t_v2/results/libero-plus/overall_results.json
starVLA,libero-plus,libero_plus_qwen08b_gr00t_v2,libero_goal,144,247,0.58299595,/e/project1/m3/blank4/code/starVLA/playground/Checkpoints/libero_plus_qwen08b_gr00t_v2/results/libero-plus/overall_results.json
starVLA,libero-plus,libero_plus_qwen08b_gr00t_v2,libero_object,182,224,0.81250000,/e/project1/m3/blank4/code/starVLA/playground/Checkpoints/libero_plus_qwen08b_gr00t_v2/results/libero-plus/overall_results.json
starVLA,libero-plus,libero_plus_qwen08b_gr00t_v2,libero_spatial,262,314,0.83439490,/e/project1/m3/blank4/code/starVLA/playground/Checkpoints/libero_plus_qwen08b_gr00t_v2/results/libero-plus/overall_results.json
starVLA,libero-plus,libero_plus_qwen08b_gr00t_v2,libero_10,123,224,0.54910714,/e/project1/m3/blank4/code/starVLA/playground/Checkpoints/libero_plus_qwen08b_gr00t_v2/results/libero-plus/libero_10/overall_results.json
starVLA,libero-plus,libero_plus_qwen08b_gr00t_v2,libero_goal,144,247,0.58299595,/e/project1/m3/blank4/code/starVLA/playground/Checkpoints/libero_plus_qwen08b_gr00t_v2/results/libero-plus/libero_goal/overall_results.json
starVLA,libero-plus,libero_plus_qwen08b_gr00t_v2,libero_object,182,224,0.81250000,/e/project1/m3/blank4/code/starVLA/playground/Checkpoints/libero_plus_qwen08b_gr00t_v2/results/libero-plus/libero_object/overall_results.json
starVLA,libero-plus,libero_plus_qwen08b_gr00t_v2,libero_spatial,262,314,0.83439490,/e/project1/m3/blank4/code/starVLA/playground/Checkpoints/libero_plus_qwen08b_gr00t_v2/results/libero-plus/libero_spatial/overall_results.json
starVLA,libero-plus,libero_plus_qwen08b_oft_cot_trace_ours,libero_10,54,320,0.16875000,/e/project1/m3/blank4/code/starVLA/playground/Checkpoints/libero_plus_qwen08b_oft_cot_trace_ours/results/libero-plus/overall_results.json
starVLA,libero-plus,libero_plus_qwen08b_oft_cot_trace_ours,libero_goal,109,320,0.34062500,/e/project1/m3/blank4/code/starVLA/playground/Checkpoints/libero_plus_qwen08b_oft_cot_trace_ours/results/libero-plus/overall_results.json
starVLA,libero-plus,libero_plus_qwen08b_oft_cot_trace_ours,libero_object,210,320,0.65625000,/e/project1/m3/blank4/code/starVLA/playground/Checkpoints/libero_plus_qwen08b_oft_cot_trace_ours/results/libero-plus/overall_results.json
starVLA,libero-plus,libero_plus_qwen08b_oft_cot_trace_ours,libero_spatial,135,320,0.42187500,/e/project1/m3/blank4/code/starVLA/playground/Checkpoints/libero_plus_qwen08b_oft_cot_trace_ours/results/libero-plus/overall_results.json
starVLA,libero-plus,libero_plus_qwen08b_oft_cot_trace_ours,libero_10,54,320,0.16875000,/e/project1/m3/blank4/code/starVLA/playground/Checkpoints/libero_plus_qwen08b_oft_cot_trace_ours/results/libero-plus/libero_10/overall_results.json
starVLA,libero-plus,libero_plus_qwen08b_oft_cot_trace_ours,libero_goal,109,320,0.34062500,/e/project1/m3/blank4/code/starVLA/playground/Checkpoints/libero_plus_qwen08b_oft_cot_trace_ours/results/libero-plus/libero_goal/overall_results.json
starVLA,libero-plus,libero_plus_qwen08b_oft_cot_trace_ours,libero_object,210,320,0.65625000,/e/project1/m3/blank4/code/starVLA/playground/Checkpoints/libero_plus_qwen08b_oft_cot_trace_ours/results/libero-plus/libero_object/overall_results.json
starVLA,libero-plus,libero_plus_qwen08b_oft_cot_trace_ours,libero_spatial,135,320,0.42187500,/e/project1/m3/blank4/code/starVLA/playground/Checkpoints/libero_plus_qwen08b_oft_cot_trace_ours/results/libero-plus/libero_spatial/overall_results.json
starVLA,libero-plus,libero_qwen08b_base_16chunk,libero_10,351,560,0.62678571,/e/project1/m3/blank4/code/starVLA/playground/Checkpoints/libero_qwen08b_base_16chunk/results/libero-plus/overall_results.json
starVLA,libero-plus,libero_qwen08b_base_16chunk,libero_goal,381,560,0.68035714,/e/project1/m3/blank4/code/starVLA/playground/Checkpoints/libero_qwen08b_base_16chunk/results/libero-plus/overall_results.json
starVLA,libero-plus,libero_qwen08b_base_16chunk,libero_object,417,560,0.74464286,/e/project1/m3/blank4/code/starVLA/playground/Checkpoints/libero_qwen08b_base_16chunk/results/libero-plus/overall_results.json
starVLA,libero-plus,libero_qwen08b_base_16chunk,libero_spatial,479,640,0.74843750,/e/project1/m3/blank4/code/starVLA/playground/Checkpoints/libero_qwen08b_base_16chunk/results/libero-plus/overall_results.json
starVLA,libero-plus,libero_qwen08b_base_16chunk,libero_10,351,560,0.62678571,/e/project1/m3/blank4/code/starVLA/playground/Checkpoints/libero_qwen08b_base_16chunk/results/libero-plus/libero_10/overall_results.json
starVLA,libero-plus,libero_qwen08b_base_16chunk,libero_goal,381,560,0.68035714,/e/project1/m3/blank4/code/starVLA/playground/Checkpoints/libero_qwen08b_base_16chunk/results/libero-plus/libero_goal/overall_results.json
starVLA,libero-plus,libero_qwen08b_base_16chunk,libero_object,417,560,0.74464286,/e/project1/m3/blank4/code/starVLA/playground/Checkpoints/libero_qwen08b_base_16chunk/results/libero-plus/libero_object/overall_results.json
starVLA,libero-plus,libero_qwen08b_base_16chunk,libero_spatial,479,640,0.74843750,/e/project1/m3/blank4/code/starVLA/playground/Checkpoints/libero_qwen08b_base_16chunk/results/libero-plus/libero_spatial/overall_results.json
starVLA,libero-plus,libero_qwen08b_ft_vt_ft,overall,0,0,nan,/e/project1/m3/blank4/code/starVLA/playground/Checkpoints/libero_qwen08b_ft_vt_ft/results/libero-plus/overall_results.json
starVLA,libero-plus,libero_qwen08b_gr00t_cot_trace_ours,libero_10,313,560,0.55892857,/e/project1/m3/blank4/code/starVLA/playground/Checkpoints/libero_qwen08b_gr00t_cot_trace_ours/results/libero-plus/overall_results.json
starVLA,libero-plus,libero_qwen08b_gr00t_cot_trace_ours,libero_goal,301,560,0.53750000,/e/project1/m3/blank4/code/starVLA/playground/Checkpoints/libero_qwen08b_gr00t_cot_trace_ours/results/libero-plus/overall_results.json
starVLA,libero-plus,libero_qwen08b_gr00t_cot_trace_ours,libero_object,385,560,0.68750000,/e/project1/m3/blank4/code/starVLA/playground/Checkpoints/libero_qwen08b_gr00t_cot_trace_ours/results/libero-plus/overall_results.json
starVLA,libero-plus,libero_qwen08b_gr00t_cot_trace_ours,libero_spatial,428,640,0.66875000,/e/project1/m3/blank4/code/starVLA/playground/Checkpoints/libero_qwen08b_gr00t_cot_trace_ours/results/libero-plus/overall_results.json
starVLA,libero-plus,libero_qwen08b_gr00t_cot_trace_ours,libero_10,313,560,0.55892857,/e/project1/m3/blank4/code/starVLA/playground/Checkpoints/libero_qwen08b_gr00t_cot_trace_ours/results/libero-plus/libero_10/overall_results.json
starVLA,libero-plus,libero_qwen08b_gr00t_cot_trace_ours,libero_goal,301,560,0.53750000,/e/project1/m3/blank4/code/starVLA/playground/Checkpoints/libero_qwen08b_gr00t_cot_trace_ours/results/libero-plus/libero_goal/overall_results.json
starVLA,libero-plus,libero_qwen08b_gr00t_cot_trace_ours,libero_object,385,560,0.68750000,/e/project1/m3/blank4/code/starVLA/playground/Checkpoints/libero_qwen08b_gr00t_cot_trace_ours/results/libero-plus/libero_object/overall_results.json
starVLA,libero-plus,libero_qwen08b_gr00t_cot_trace_ours,libero_spatial,428,640,0.66875000,/e/project1/m3/blank4/code/starVLA/playground/Checkpoints/libero_qwen08b_gr00t_cot_trace_ours/results/libero-plus/libero_spatial/overall_results.json
starVLA,libero-plus,libero_qwen08b_oft_cot_trace_det,libero_10,272,560,0.48571429,/e/project1/m3/blank4/code/starVLA/playground/Checkpoints/libero_qwen08b_oft_cot_trace_det/results/libero-plus/libero_10/overall_results.json
starVLA,libero-plus,libero_qwen08b_oft_cot_trace_det,libero_goal,305,560,0.54464286,/e/project1/m3/blank4/code/starVLA/playground/Checkpoints/libero_qwen08b_oft_cot_trace_det/results/libero-plus/libero_goal/overall_results.json
starVLA,libero-plus,libero_qwen08b_oft_cot_trace_ours_ft,libero_10,260,560,0.46428571,/e/project1/m3/blank4/code/starVLA/playground/Checkpoints/libero_qwen08b_oft_cot_trace_ours_ft/results/libero-plus/libero_10/overall_results.json
starVLA,libero-plus,libero_qwen08b_oft_cot_trace_ours_ft,libero_goal,307,560,0.54821429,/e/project1/m3/blank4/code/starVLA/playground/Checkpoints/libero_qwen08b_oft_cot_trace_ours_ft/results/libero-plus/libero_goal/overall_results.json
starVLA,libero-plus-256-rerun-20260903,ervla_k_pi_cam3d_cot05_masked,libero_10,50,64,0.78125000,/e/project1/m3/blank4/code/starVLA/playground/Checkpoints/ervla_k_pi_cam3d_cot05_masked/results/libero-plus-256-rerun-20260903/overall_results.json
starVLA,libero-plus-256-rerun-20260903,ervla_k_pi_cam3d_cot05_masked,libero_goal,49,64,0.76562500,/e/project1/m3/blank4/code/starVLA/playground/Checkpoints/ervla_k_pi_cam3d_cot05_masked/results/libero-plus-256-rerun-20260903/overall_results.json
starVLA,libero-plus-256-rerun-20260903,ervla_k_pi_cam3d_cot05_masked,libero_object,55,64,0.85937500,/e/project1/m3/blank4/code/starVLA/playground/Checkpoints/ervla_k_pi_cam3d_cot05_masked/results/libero-plus-256-rerun-20260903/overall_results.json
starVLA,libero-plus-256-rerun-20260903,ervla_k_pi_cam3d_cot05_masked,libero_spatial,50,64,0.78125000,/e/project1/m3/blank4/code/starVLA/playground/Checkpoints/ervla_k_pi_cam3d_cot05_masked/results/libero-plus-256-rerun-20260903/overall_results.json
starVLA,libero-plus-256-rerun-20260903,ervla_k_pi_cam3d_cot05_masked,libero_10,50,64,0.78125000,/e/project1/m3/blank4/code/starVLA/playground/Checkpoints/ervla_k_pi_cam3d_cot05_masked/results/libero-plus-256-rerun-20260903/libero_10/overall_results.json
starVLA,libero-plus-256-rerun-20260903,ervla_k_pi_cam3d_cot05_masked,libero_goal,49,64,0.76562500,/e/project1/m3/blank4/code/starVLA/playground/Checkpoints/ervla_k_pi_cam3d_cot05_masked/results/libero-plus-256-rerun-20260903/libero_goal/overall_results.json
starVLA,libero-plus-256-rerun-20260903,ervla_k_pi_cam3d_cot05_masked,libero_object,55,64,0.85937500,/e/project1/m3/blank4/code/starVLA/playground/Checkpoints/ervla_k_pi_cam3d_cot05_masked/results/libero-plus-256-rerun-20260903/libero_object/overall_results.json
starVLA,libero-plus-256-rerun-20260903,ervla_k_pi_cam3d_cot05_masked,libero_spatial,50,64,0.78125000,/e/project1/m3/blank4/code/starVLA/playground/Checkpoints/ervla_k_pi_cam3d_cot05_masked/results/libero-plus-256-rerun-20260903/libero_spatial/overall_results.json
starVLA,libero-plus-256-rerun-20260903,ervla_w_pi_encoder_actiononly,libero_10,40,64,0.62500000,/e/project1/m3/blank4/code/starVLA/playground/Checkpoints/ervla_w_pi_encoder_actiononly/results/libero-plus-256-rerun-20260903/overall_results.json
starVLA,libero-plus-256-rerun-20260903,ervla_w_pi_encoder_actiononly,libero_goal,51,64,0.79687500,/e/project1/m3/blank4/code/starVLA/playground/Checkpoints/ervla_w_pi_encoder_actiononly/results/libero-plus-256-rerun-20260903/overall_results.json
starVLA,libero-plus-256-rerun-20260903,ervla_w_pi_encoder_actiononly,libero_object,52,64,0.81250000,/e/project1/m3/blank4/code/starVLA/playground/Checkpoints/ervla_w_pi_encoder_actiononly/results/libero-plus-256-rerun-20260903/overall_results.json
starVLA,libero-plus-256-rerun-20260903,ervla_w_pi_encoder_actiononly,libero_spatial,49,64,0.76562500,/e/project1/m3/blank4/code/starVLA/playground/Checkpoints/ervla_w_pi_encoder_actiononly/results/libero-plus-256-rerun-20260903/overall_results.json
starVLA,libero-plus-256-rerun-20260903,ervla_w_pi_encoder_actiononly,libero_10,40,64,0.62500000,/e/project1/m3/blank4/code/starVLA/playground/Checkpoints/ervla_w_pi_encoder_actiononly/results/libero-plus-256-rerun-20260903/libero_10/overall_results.json
starVLA,libero-plus-256-rerun-20260903,ervla_w_pi_encoder_actiononly,libero_goal,51,64,0.79687500,/e/project1/m3/blank4/code/starVLA/playground/Checkpoints/ervla_w_pi_encoder_actiononly/results/libero-plus-256-rerun-20260903/libero_goal/overall_results.json
starVLA,libero-plus-256-rerun-20260903,ervla_w_pi_encoder_actiononly,libero_object,52,64,0.81250000,/e/project1/m3/blank4/code/starVLA/playground/Checkpoints/ervla_w_pi_encoder_actiononly/results/libero-plus-256-rerun-20260903/libero_object/overall_results.json
starVLA,libero-plus-256-rerun-20260903,ervla_w_pi_encoder_actiononly,libero_spatial,49,64,0.76562500,/e/project1/m3/blank4/code/starVLA/playground/Checkpoints/ervla_w_pi_encoder_actiononly/results/libero-plus-256-rerun-20260903/libero_spatial/overall_results.json
starVLA,libero-plus-4k-exact-correctedpi-k32-v1,ervla_k2_pi_cam3d_cot05_pifix_latent32,libero_10,633,1000,0.63300000,/e/project1/m3/blank4/code/starVLA/playground/Checkpoints/ervla_k2_pi_cam3d_cot05_pifix_latent32/results/libero-plus-4k-exact-correctedpi-k32-v1/overall_results.json
starVLA,libero-plus-4k-exact-correctedpi-k32-v1,ervla_k2_pi_cam3d_cot05_pifix_latent32,libero_goal,680,1000,0.68000000,/e/project1/m3/blank4/code/starVLA/playground/Checkpoints/ervla_k2_pi_cam3d_cot05_pifix_latent32/results/libero-plus-4k-exact-correctedpi-k32-v1/overall_results.json
starVLA,libero-plus-4k-exact-correctedpi-k32-v1,ervla_k2_pi_cam3d_cot05_pifix_latent32,libero_object,778,1000,0.77800000,/e/project1/m3/blank4/code/starVLA/playground/Checkpoints/ervla_k2_pi_cam3d_cot05_pifix_latent32/results/libero-plus-4k-exact-correctedpi-k32-v1/overall_results.json
starVLA,libero-plus-4k-exact-correctedpi-k32-v1,ervla_k2_pi_cam3d_cot05_pifix_latent32,libero_spatial,768,1000,0.76800000,/e/project1/m3/blank4/code/starVLA/playground/Checkpoints/ervla_k2_pi_cam3d_cot05_pifix_latent32/results/libero-plus-4k-exact-correctedpi-k32-v1/overall_results.json
starVLA,libero-plus-4k-exact-correctedpi-k32-v1,ervla_k2_pi_cam3d_cot05_pifix_latent32,libero_10,633,1000,0.63300000,/e/project1/m3/blank4/code/starVLA/playground/Checkpoints/ervla_k2_pi_cam3d_cot05_pifix_latent32/results/libero-plus-4k-exact-correctedpi-k32-v1/libero_10/overall_results.json
starVLA,libero-plus-4k-exact-correctedpi-k32-v1,ervla_k2_pi_cam3d_cot05_pifix_latent32,libero_goal,680,1000,0.68000000,/e/project1/m3/blank4/code/starVLA/playground/Checkpoints/ervla_k2_pi_cam3d_cot05_pifix_latent32/results/libero-plus-4k-exact-correctedpi-k32-v1/libero_goal/overall_results.json
starVLA,libero-plus-4k-exact-correctedpi-k32-v1,ervla_k2_pi_cam3d_cot05_pifix_latent32,libero_object,778,1000,0.77800000,/e/project1/m3/blank4/code/starVLA/playground/Checkpoints/ervla_k2_pi_cam3d_cot05_pifix_latent32/results/libero-plus-4k-exact-correctedpi-k32-v1/libero_object/overall_results.json
starVLA,libero-plus-4k-exact-correctedpi-k32-v1,ervla_k2_pi_cam3d_cot05_pifix_latent32,libero_spatial,768,1000,0.76800000,/e/project1/m3/blank4/code/starVLA/playground/Checkpoints/ervla_k2_pi_cam3d_cot05_pifix_latent32/results/libero-plus-4k-exact-correctedpi-k32-v1/libero_spatial/overall_results.json
starVLA,libero-plus-4k-exact-correctedpi-r2,ervla_k2_pi_cam3d_cot05_pifix_nolatent,libero_10,665,1000,0.66500000,/e/project1/m3/blank4/code/starVLA/playground/Checkpoints/ervla_k2_pi_cam3d_cot05_pifix_nolatent/results/libero-plus-4k-exact-correctedpi-r2/overall_results.json
starVLA,libero-plus-4k-exact-correctedpi-r2,ervla_k2_pi_cam3d_cot05_pifix_nolatent,libero_goal,716,1000,0.71600000,/e/project1/m3/blank4/code/starVLA/playground/Checkpoints/ervla_k2_pi_cam3d_cot05_pifix_nolatent/results/libero-plus-4k-exact-correctedpi-r2/overall_results.json
starVLA,libero-plus-4k-exact-correctedpi-r2,ervla_k2_pi_cam3d_cot05_pifix_nolatent,libero_object,784,1000,0.78400000,/e/project1/m3/blank4/code/starVLA/playground/Checkpoints/ervla_k2_pi_cam3d_cot05_pifix_nolatent/results/libero-plus-4k-exact-correctedpi-r2/overall_results.json
starVLA,libero-plus-4k-exact-correctedpi-r2,ervla_k2_pi_cam3d_cot05_pifix_nolatent,libero_spatial,779,1000,0.77900000,/e/project1/m3/blank4/code/starVLA/playground/Checkpoints/ervla_k2_pi_cam3d_cot05_pifix_nolatent/results/libero-plus-4k-exact-correctedpi-r2/overall_results.json
starVLA,libero-plus-4k-exact-correctedpi-r2,ervla_k2_pi_cam3d_cot05_pifix_nolatent,libero_10,665,1000,0.66500000,/e/project1/m3/blank4/code/starVLA/playground/Checkpoints/ervla_k2_pi_cam3d_cot05_pifix_nolatent/results/libero-plus-4k-exact-correctedpi-r2/libero_10/overall_results.json
starVLA,libero-plus-4k-exact-correctedpi-r2,ervla_k2_pi_cam3d_cot05_pifix_nolatent,libero_goal,716,1000,0.71600000,/e/project1/m3/blank4/code/starVLA/playground/Checkpoints/ervla_k2_pi_cam3d_cot05_pifix_nolatent/results/libero-plus-4k-exact-correctedpi-r2/libero_goal/overall_results.json
starVLA,libero-plus-4k-exact-correctedpi-r2,ervla_k2_pi_cam3d_cot05_pifix_nolatent,libero_object,784,1000,0.78400000,/e/project1/m3/blank4/code/starVLA/playground/Checkpoints/ervla_k2_pi_cam3d_cot05_pifix_nolatent/results/libero-plus-4k-exact-correctedpi-r2/libero_object/overall_results.json
starVLA,libero-plus-4k-exact-correctedpi-r2,ervla_k2_pi_cam3d_cot05_pifix_nolatent,libero_spatial,779,1000,0.77900000,/e/project1/m3/blank4/code/starVLA/playground/Checkpoints/ervla_k2_pi_cam3d_cot05_pifix_nolatent/results/libero-plus-4k-exact-correctedpi-r2/libero_spatial/overall_results.json
starVLA,libero-plus-4k-exact-correctedpi-r2,ervla_w2_pi_encoder_actiononly_pifix_latent32,libero_10,636,1000,0.63600000,/e/project1/m3/blank4/code/starVLA/playground/Checkpoints/ervla_w2_pi_encoder_actiononly_pifix_latent32/results/libero-plus-4k-exact-correctedpi-r2/overall_results.json
starVLA,libero-plus-4k-exact-correctedpi-r2,ervla_w2_pi_encoder_actiononly_pifix_latent32,libero_goal,751,1000,0.75100000,/e/project1/m3/blank4/code/starVLA/playground/Checkpoints/ervla_w2_pi_encoder_actiononly_pifix_latent32/results/libero-plus-4k-exact-correctedpi-r2/overall_results.json
starVLA,libero-plus-4k-exact-correctedpi-r2,ervla_w2_pi_encoder_actiononly_pifix_latent32,libero_object,806,1000,0.80600000,/e/project1/m3/blank4/code/starVLA/playground/Checkpoints/ervla_w2_pi_encoder_actiononly_pifix_latent32/results/libero-plus-4k-exact-correctedpi-r2/overall_results.json
starVLA,libero-plus-4k-exact-correctedpi-r2,ervla_w2_pi_encoder_actiononly_pifix_latent32,libero_spatial,787,1000,0.78700000,/e/project1/m3/blank4/code/starVLA/playground/Checkpoints/ervla_w2_pi_encoder_actiononly_pifix_latent32/results/libero-plus-4k-exact-correctedpi-r2/overall_results.json
starVLA,libero-plus-4k-exact-correctedpi-r2,ervla_w2_pi_encoder_actiononly_pifix_latent32,libero_10,636,1000,0.63600000,/e/project1/m3/blank4/code/starVLA/playground/Checkpoints/ervla_w2_pi_encoder_actiononly_pifix_latent32/results/libero-plus-4k-exact-correctedpi-r2/libero_10/overall_results.json
starVLA,libero-plus-4k-exact-correctedpi-r2,ervla_w2_pi_encoder_actiononly_pifix_latent32,libero_goal,751,1000,0.75100000,/e/project1/m3/blank4/code/starVLA/playground/Checkpoints/ervla_w2_pi_encoder_actiononly_pifix_latent32/results/libero-plus-4k-exact-correctedpi-r2/libero_goal/overall_results.json
starVLA,libero-plus-4k-exact-correctedpi-r2,ervla_w2_pi_encoder_actiononly_pifix_latent32,libero_object,806,1000,0.80600000,/e/project1/m3/blank4/code/starVLA/playground/Checkpoints/ervla_w2_pi_encoder_actiononly_pifix_latent32/results/libero-plus-4k-exact-correctedpi-r2/libero_object/overall_results.json
starVLA,libero-plus-4k-exact-correctedpi-r2,ervla_w2_pi_encoder_actiononly_pifix_latent32,libero_spatial,787,1000,0.78700000,/e/project1/m3/blank4/code/starVLA/playground/Checkpoints/ervla_w2_pi_encoder_actiononly_pifix_latent32/results/libero-plus-4k-exact-correctedpi-r2/libero_spatial/overall_results.json
starVLA,libero-plus-4k-exact-correctedpi-r2,ervla_w2_pi_encoder_actiononly_pifix_nolatent,libero_10,683,1000,0.68300000,/e/project1/m3/blank4/code/starVLA/playground/Checkpoints/ervla_w2_pi_encoder_actiononly_pifix_nolatent/results/libero-plus-4k-exact-correctedpi-r2/overall_results.json
starVLA,libero-plus-4k-exact-correctedpi-r2,ervla_w2_pi_encoder_actiononly_pifix_nolatent,libero_goal,724,1000,0.72400000,/e/project1/m3/blank4/code/starVLA/playground/Checkpoints/ervla_w2_pi_encoder_actiononly_pifix_nolatent/results/libero-plus-4k-exact-correctedpi-r2/overall_results.json
starVLA,libero-plus-4k-exact-correctedpi-r2,ervla_w2_pi_encoder_actiononly_pifix_nolatent,libero_object,805,1000,0.80500000,/e/project1/m3/blank4/code/starVLA/playground/Checkpoints/ervla_w2_pi_encoder_actiononly_pifix_nolatent/results/libero-plus-4k-exact-correctedpi-r2/overall_results.json
starVLA,libero-plus-4k-exact-correctedpi-r2,ervla_w2_pi_encoder_actiononly_pifix_nolatent,libero_spatial,776,1000,0.77600000,/e/project1/m3/blank4/code/starVLA/playground/Checkpoints/ervla_w2_pi_encoder_actiononly_pifix_nolatent/results/libero-plus-4k-exact-correctedpi-r2/overall_results.json
starVLA,libero-plus-4k-exact-correctedpi-r2,ervla_w2_pi_encoder_actiononly_pifix_nolatent,libero_10,683,1000,0.68300000,/e/project1/m3/blank4/code/starVLA/playground/Checkpoints/ervla_w2_pi_encoder_actiononly_pifix_nolatent/results/libero-plus-4k-exact-correctedpi-r2/libero_10/overall_results.json
starVLA,libero-plus-4k-exact-correctedpi-r2,ervla_w2_pi_encoder_actiononly_pifix_nolatent,libero_goal,724,1000,0.72400000,/e/project1/m3/blank4/code/starVLA/playground/Checkpoints/ervla_w2_pi_encoder_actiononly_pifix_nolatent/results/libero-plus-4k-exact-correctedpi-r2/libero_goal/overall_results.json
starVLA,libero-plus-4k-exact-correctedpi-r2,ervla_w2_pi_encoder_actiononly_pifix_nolatent,libero_object,805,1000,0.80500000,/e/project1/m3/blank4/code/starVLA/playground/Checkpoints/ervla_w2_pi_encoder_actiononly_pifix_nolatent/results/libero-plus-4k-exact-correctedpi-r2/libero_object/overall_results.json
starVLA,libero-plus-4k-exact-correctedpi-r2,ervla_w2_pi_encoder_actiononly_pifix_nolatent,libero_spatial,776,1000,0.77600000,/e/project1/m3/blank4/code/starVLA/playground/Checkpoints/ervla_w2_pi_encoder_actiononly_pifix_nolatent/results/libero-plus-4k-exact-correctedpi-r2/libero_spatial/overall_results.json
starVLA,libero-plus-4k-exact-mlm-fast-v1,ervla_mlm_pi_encoder_cam3d,libero_10,667,1000,0.66700000,/e/project1/m3/blank4/code/starVLA/playground/Checkpoints/ervla_mlm_pi_encoder_cam3d/results/libero-plus-4k-exact-mlm-fast-v1/overall_results.json
starVLA,libero-plus-4k-exact-mlm-fast-v1,ervla_mlm_pi_encoder_cam3d,libero_goal,718,1000,0.71800000,/e/project1/m3/blank4/code/starVLA/playground/Checkpoints/ervla_mlm_pi_encoder_cam3d/results/libero-plus-4k-exact-mlm-fast-v1/overall_results.json
starVLA,libero-plus-4k-exact-mlm-fast-v1,ervla_mlm_pi_encoder_cam3d,libero_object,831,1000,0.83100000,/e/project1/m3/blank4/code/starVLA/playground/Checkpoints/ervla_mlm_pi_encoder_cam3d/results/libero-plus-4k-exact-mlm-fast-v1/overall_results.json
starVLA,libero-plus-4k-exact-mlm-fast-v1,ervla_mlm_pi_encoder_cam3d,libero_spatial,741,1000,0.74100000,/e/project1/m3/blank4/code/starVLA/playground/Checkpoints/ervla_mlm_pi_encoder_cam3d/results/libero-plus-4k-exact-mlm-fast-v1/overall_results.json
starVLA,libero-plus-4k-exact-mlm-fast-v1,ervla_mlm_pi_encoder_cam3d,libero_10,667,1000,0.66700000,/e/project1/m3/blank4/code/starVLA/playground/Checkpoints/ervla_mlm_pi_encoder_cam3d/results/libero-plus-4k-exact-mlm-fast-v1/libero_10/overall_results.json
starVLA,libero-plus-4k-exact-mlm-fast-v1,ervla_mlm_pi_encoder_cam3d,libero_goal,718,1000,0.71800000,/e/project1/m3/blank4/code/starVLA/playground/Checkpoints/ervla_mlm_pi_encoder_cam3d/results/libero-plus-4k-exact-mlm-fast-v1/libero_goal/overall_results.json
starVLA,libero-plus-4k-exact-mlm-fast-v1,ervla_mlm_pi_encoder_cam3d,libero_object,831,1000,0.83100000,/e/project1/m3/blank4/code/starVLA/playground/Checkpoints/ervla_mlm_pi_encoder_cam3d/results/libero-plus-4k-exact-mlm-fast-v1/libero_object/overall_results.json
starVLA,libero-plus-4k-exact-mlm-fast-v1,ervla_mlm_pi_encoder_cam3d,libero_spatial,741,1000,0.74100000,/e/project1/m3/blank4/code/starVLA/playground/Checkpoints/ervla_mlm_pi_encoder_cam3d/results/libero-plus-4k-exact-mlm-fast-v1/libero_spatial/overall_results.json
starVLA,libero-plus-4k-exact-mlm-fast-v1,ervla_mlm_pi_encoder_cam3d_rand,libero_10,599,1000,0.59900000,/e/project1/m3/blank4/code/starVLA/playground/Checkpoints/ervla_mlm_pi_encoder_cam3d_rand/results/libero-plus-4k-exact-mlm-fast-v1/overall_results.json
starVLA,libero-plus-4k-exact-mlm-fast-v1,ervla_mlm_pi_encoder_cam3d_rand,libero_goal,673,1000,0.67300000,/e/project1/m3/blank4/code/starVLA/playground/Checkpoints/ervla_mlm_pi_encoder_cam3d_rand/results/libero-plus-4k-exact-mlm-fast-v1/overall_results.json
starVLA,libero-plus-4k-exact-mlm-fast-v1,ervla_mlm_pi_encoder_cam3d_rand,libero_object,800,1000,0.80000000,/e/project1/m3/blank4/code/starVLA/playground/Checkpoints/ervla_mlm_pi_encoder_cam3d_rand/results/libero-plus-4k-exact-mlm-fast-v1/overall_results.json
starVLA,libero-plus-4k-exact-mlm-fast-v1,ervla_mlm_pi_encoder_cam3d_rand,libero_spatial,777,1000,0.77700000,/e/project1/m3/blank4/code/starVLA/playground/Checkpoints/ervla_mlm_pi_encoder_cam3d_rand/results/libero-plus-4k-exact-mlm-fast-v1/overall_results.json
starVLA,libero-plus-4k-exact-mlm-fast-v1,ervla_mlm_pi_encoder_cam3d_rand,libero_10,599,1000,0.59900000,/e/project1/m3/blank4/code/starVLA/playground/Checkpoints/ervla_mlm_pi_encoder_cam3d_rand/results/libero-plus-4k-exact-mlm-fast-v1/libero_10/overall_results.json
starVLA,libero-plus-4k-exact-mlm-fast-v1,ervla_mlm_pi_encoder_cam3d_rand,libero_goal,673,1000,0.67300000,/e/project1/m3/blank4/code/starVLA/playground/Checkpoints/ervla_mlm_pi_encoder_cam3d_rand/results/libero-plus-4k-exact-mlm-fast-v1/libero_goal/overall_results.json
starVLA,libero-plus-4k-exact-mlm-fast-v1,ervla_mlm_pi_encoder_cam3d_rand,libero_object,800,1000,0.80000000,/e/project1/m3/blank4/code/starVLA/playground/Checkpoints/ervla_mlm_pi_encoder_cam3d_rand/results/libero-plus-4k-exact-mlm-fast-v1/libero_object/overall_results.json
starVLA,libero-plus-4k-exact-mlm-fast-v1,ervla_mlm_pi_encoder_cam3d_rand,libero_spatial,777,1000,0.77700000,/e/project1/m3/blank4/code/starVLA/playground/Checkpoints/ervla_mlm_pi_encoder_cam3d_rand/results/libero-plus-4k-exact-mlm-fast-v1/libero_spatial/overall_results.json
starVLA,libero-plus-4k-exact-mlm-fast-v1,ervla_mlm_pi_encoder_cam3d_slotdrop15_nolabeldrop_noditdrop,libero_10,638,1000,0.63800000,/e/project1/m3/blank4/code/starVLA/playground/Checkpoints/ervla_mlm_pi_encoder_cam3d_slotdrop15_nolabeldrop_noditdrop/results/libero-plus-4k-exact-mlm-fast-v1/overall_results.json
starVLA,libero-plus-4k-exact-mlm-fast-v1,ervla_mlm_pi_encoder_cam3d_slotdrop15_nolabeldrop_noditdrop,libero_goal,659,1000,0.65900000,/e/project1/m3/blank4/code/starVLA/playground/Checkpoints/ervla_mlm_pi_encoder_cam3d_slotdrop15_nolabeldrop_noditdrop/results/libero-plus-4k-exact-mlm-fast-v1/overall_results.json
starVLA,libero-plus-4k-exact-mlm-fast-v1,ervla_mlm_pi_encoder_cam3d_slotdrop15_nolabeldrop_noditdrop,libero_object,779,1000,0.77900000,/e/project1/m3/blank4/code/starVLA/playground/Checkpoints/ervla_mlm_pi_encoder_cam3d_slotdrop15_nolabeldrop_noditdrop/results/libero-plus-4k-exact-mlm-fast-v1/overall_results.json
starVLA,libero-plus-4k-exact-mlm-fast-v1,ervla_mlm_pi_encoder_cam3d_slotdrop15_nolabeldrop_noditdrop,libero_spatial,730,1000,0.73000000,/e/project1/m3/blank4/code/starVLA/playground/Checkpoints/ervla_mlm_pi_encoder_cam3d_slotdrop15_nolabeldrop_noditdrop/results/libero-plus-4k-exact-mlm-fast-v1/overall_results.json
starVLA,libero-plus-4k-exact-mlm-fast-v1,ervla_mlm_pi_encoder_cam3d_slotdrop15_nolabeldrop_noditdrop,libero_10,638,1000,0.63800000,/e/project1/m3/blank4/code/starVLA/playground/Checkpoints/ervla_mlm_pi_encoder_cam3d_slotdrop15_nolabeldrop_noditdrop/results/libero-plus-4k-exact-mlm-fast-v1/libero_10/overall_results.json
starVLA,libero-plus-4k-exact-mlm-fast-v1,ervla_mlm_pi_encoder_cam3d_slotdrop15_nolabeldrop_noditdrop,libero_goal,659,1000,0.65900000,/e/project1/m3/blank4/code/starVLA/playground/Checkpoints/ervla_mlm_pi_encoder_cam3d_slotdrop15_nolabeldrop_noditdrop/results/libero-plus-4k-exact-mlm-fast-v1/libero_goal/overall_results.json
starVLA,libero-plus-4k-exact-mlm-fast-v1,ervla_mlm_pi_encoder_cam3d_slotdrop15_nolabeldrop_noditdrop,libero_object,779,1000,0.77900000,/e/project1/m3/blank4/code/starVLA/playground/Checkpoints/ervla_mlm_pi_encoder_cam3d_slotdrop15_nolabeldrop_noditdrop/results/libero-plus-4k-exact-mlm-fast-v1/libero_object/overall_results.json
starVLA,libero-plus-4k-exact-mlm-fast-v1,ervla_mlm_pi_encoder_cam3d_slotdrop15_nolabeldrop_noditdrop,libero_spatial,730,1000,0.73000000,/e/project1/m3/blank4/code/starVLA/playground/Checkpoints/ervla_mlm_pi_encoder_cam3d_slotdrop15_nolabeldrop_noditdrop/results/libero-plus-4k-exact-mlm-fast-v1/libero_spatial/overall_results.json
starVLA,libero-plus-4k-exact-mlm-fast-v1,ervla_mlm_pi_encoder_control,libero_10,675,1000,0.67500000,/e/project1/m3/blank4/code/starVLA/playground/Checkpoints/ervla_mlm_pi_encoder_control/results/libero-plus-4k-exact-mlm-fast-v1/overall_results.json
starVLA,libero-plus-4k-exact-mlm-fast-v1,ervla_mlm_pi_encoder_control,libero_goal,728,1000,0.72800000,/e/project1/m3/blank4/code/starVLA/playground/Checkpoints/ervla_mlm_pi_encoder_control/results/libero-plus-4k-exact-mlm-fast-v1/overall_results.json
starVLA,libero-plus-4k-exact-mlm-fast-v1,ervla_mlm_pi_encoder_control,libero_object,834,1000,0.83400000,/e/project1/m3/blank4/code/starVLA/playground/Checkpoints/ervla_mlm_pi_encoder_control/results/libero-plus-4k-exact-mlm-fast-v1/overall_results.json
starVLA,libero-plus-4k-exact-mlm-fast-v1,ervla_mlm_pi_encoder_control,libero_spatial,784,1000,0.78400000,/e/project1/m3/blank4/code/starVLA/playground/Checkpoints/ervla_mlm_pi_encoder_control/results/libero-plus-4k-exact-mlm-fast-v1/overall_results.json
starVLA,libero-plus-4k-exact-mlm-fast-v1,ervla_mlm_pi_encoder_control,libero_10,675,1000,0.67500000,/e/project1/m3/blank4/code/starVLA/playground/Checkpoints/ervla_mlm_pi_encoder_control/results/libero-plus-4k-exact-mlm-fast-v1/libero_10/overall_results.json
starVLA,libero-plus-4k-exact-mlm-fast-v1,ervla_mlm_pi_encoder_control,libero_goal,728,1000,0.72800000,/e/project1/m3/blank4/code/starVLA/playground/Checkpoints/ervla_mlm_pi_encoder_control/results/libero-plus-4k-exact-mlm-fast-v1/libero_goal/overall_results.json
starVLA,libero-plus-4k-exact-mlm-fast-v1,ervla_mlm_pi_encoder_control,libero_object,834,1000,0.83400000,/e/project1/m3/blank4/code/starVLA/playground/Checkpoints/ervla_mlm_pi_encoder_control/results/libero-plus-4k-exact-mlm-fast-v1/libero_object/overall_results.json
starVLA,libero-plus-4k-exact-mlm-fast-v1,ervla_mlm_pi_encoder_control,libero_spatial,784,1000,0.78400000,/e/project1/m3/blank4/code/starVLA/playground/Checkpoints/ervla_mlm_pi_encoder_control/results/libero-plus-4k-exact-mlm-fast-v1/libero_spatial/overall_results.json
starVLA,libero-plus-4k-exact-numeric-fast-v1,ervla_pi_projected_numeric_shuffled,libero_10,562,1000,0.56200000,/e/project1/m3/blank4/code/starVLA/playground/Checkpoints/ervla_pi_projected_numeric_shuffled/results/libero-plus-4k-exact-numeric-fast-v1/libero_10/overall_results.json
starVLA,libero-plus-4k-exact-numeric-w4-restart-v3,ervla_pi_projected_numeric_correct,libero_10,635,1000,0.63500000,/e/project1/m3/blank4/code/starVLA/playground/Checkpoints/ervla_pi_projected_numeric_correct/results/libero-plus-4k-exact-numeric-w4-restart-v3/overall_results.json
starVLA,libero-plus-4k-exact-numeric-w4-restart-v3,ervla_pi_projected_numeric_correct,libero_goal,674,1000,0.67400000,/e/project1/m3/blank4/code/starVLA/playground/Checkpoints/ervla_pi_projected_numeric_correct/results/libero-plus-4k-exact-numeric-w4-restart-v3/overall_results.json
starVLA,libero-plus-4k-exact-numeric-w4-restart-v3,ervla_pi_projected_numeric_correct,libero_object,731,1000,0.73100000,/e/project1/m3/blank4/code/starVLA/playground/Checkpoints/ervla_pi_projected_numeric_correct/results/libero-plus-4k-exact-numeric-w4-restart-v3/overall_results.json
starVLA,libero-plus-4k-exact-numeric-w4-restart-v3,ervla_pi_projected_numeric_correct,libero_spatial,730,1000,0.73000000,/e/project1/m3/blank4/code/starVLA/playground/Checkpoints/ervla_pi_projected_numeric_correct/results/libero-plus-4k-exact-numeric-w4-restart-v3/overall_results.json
starVLA,libero-plus-4k-exact-numeric-w4-restart-v3,ervla_pi_projected_numeric_correct,libero_10,635,1000,0.63500000,/e/project1/m3/blank4/code/starVLA/playground/Checkpoints/ervla_pi_projected_numeric_correct/results/libero-plus-4k-exact-numeric-w4-restart-v3/libero_10/overall_results.json
starVLA,libero-plus-4k-exact-numeric-w4-restart-v3,ervla_pi_projected_numeric_correct,libero_goal,674,1000,0.67400000,/e/project1/m3/blank4/code/starVLA/playground/Checkpoints/ervla_pi_projected_numeric_correct/results/libero-plus-4k-exact-numeric-w4-restart-v3/libero_goal/overall_results.json
starVLA,libero-plus-4k-exact-numeric-w4-restart-v3,ervla_pi_projected_numeric_correct,libero_object,731,1000,0.73100000,/e/project1/m3/blank4/code/starVLA/playground/Checkpoints/ervla_pi_projected_numeric_correct/results/libero-plus-4k-exact-numeric-w4-restart-v3/libero_object/overall_results.json
starVLA,libero-plus-4k-exact-numeric-w4-restart-v3,ervla_pi_projected_numeric_correct,libero_spatial,730,1000,0.73000000,/e/project1/m3/blank4/code/starVLA/playground/Checkpoints/ervla_pi_projected_numeric_correct/results/libero-plus-4k-exact-numeric-w4-restart-v3/libero_spatial/overall_results.json
starVLA,libero-plus-4k-exact-numeric-w4-restart-v3,ervla_pi_projected_numeric_noaux,libero_10,663,1000,0.66300000,/e/project1/m3/blank4/code/starVLA/playground/Checkpoints/ervla_pi_projected_numeric_noaux/results/libero-plus-4k-exact-numeric-w4-restart-v3/overall_results.json
starVLA,libero-plus-4k-exact-numeric-w4-restart-v3,ervla_pi_projected_numeric_noaux,libero_goal,699,1000,0.69900000,/e/project1/m3/blank4/code/starVLA/playground/Checkpoints/ervla_pi_projected_numeric_noaux/results/libero-plus-4k-exact-numeric-w4-restart-v3/overall_results.json
starVLA,libero-plus-4k-exact-numeric-w4-restart-v3,ervla_pi_projected_numeric_noaux,libero_object,812,1000,0.81200000,/e/project1/m3/blank4/code/starVLA/playground/Checkpoints/ervla_pi_projected_numeric_noaux/results/libero-plus-4k-exact-numeric-w4-restart-v3/overall_results.json
starVLA,libero-plus-4k-exact-numeric-w4-restart-v3,ervla_pi_projected_numeric_noaux,libero_spatial,803,1000,0.80300000,/e/project1/m3/blank4/code/starVLA/playground/Checkpoints/ervla_pi_projected_numeric_noaux/results/libero-plus-4k-exact-numeric-w4-restart-v3/overall_results.json
starVLA,libero-plus-4k-exact-numeric-w4-restart-v3,ervla_pi_projected_numeric_noaux,libero_10,663,1000,0.66300000,/e/project1/m3/blank4/code/starVLA/playground/Checkpoints/ervla_pi_projected_numeric_noaux/results/libero-plus-4k-exact-numeric-w4-restart-v3/libero_10/overall_results.json
starVLA,libero-plus-4k-exact-numeric-w4-restart-v3,ervla_pi_projected_numeric_noaux,libero_goal,699,1000,0.69900000,/e/project1/m3/blank4/code/starVLA/playground/Checkpoints/ervla_pi_projected_numeric_noaux/results/libero-plus-4k-exact-numeric-w4-restart-v3/libero_goal/overall_results.json
starVLA,libero-plus-4k-exact-numeric-w4-restart-v3,ervla_pi_projected_numeric_noaux,libero_object,812,1000,0.81200000,/e/project1/m3/blank4/code/starVLA/playground/Checkpoints/ervla_pi_projected_numeric_noaux/results/libero-plus-4k-exact-numeric-w4-restart-v3/libero_object/overall_results.json
starVLA,libero-plus-4k-exact-numeric-w4-restart-v3,ervla_pi_projected_numeric_noaux,libero_spatial,803,1000,0.80300000,/e/project1/m3/blank4/code/starVLA/playground/Checkpoints/ervla_pi_projected_numeric_noaux/results/libero-plus-4k-exact-numeric-w4-restart-v3/libero_spatial/overall_results.json
starVLA,libero-plus-4k-exact-numeric-w4-restart-v3,ervla_pi_projected_numeric_shuffled,libero_10,552,1000,0.55200000,/e/project1/m3/blank4/code/starVLA/playground/Checkpoints/ervla_pi_projected_numeric_shuffled/results/libero-plus-4k-exact-numeric-w4-restart-v3/overall_results.json
starVLA,libero-plus-4k-exact-numeric-w4-restart-v3,ervla_pi_projected_numeric_shuffled,libero_goal,656,1000,0.65600000,/e/project1/m3/blank4/code/starVLA/playground/Checkpoints/ervla_pi_projected_numeric_shuffled/results/libero-plus-4k-exact-numeric-w4-restart-v3/overall_results.json
starVLA,libero-plus-4k-exact-numeric-w4-restart-v3,ervla_pi_projected_numeric_shuffled,libero_object,748,1000,0.74800000,/e/project1/m3/blank4/code/starVLA/playground/Checkpoints/ervla_pi_projected_numeric_shuffled/results/libero-plus-4k-exact-numeric-w4-restart-v3/overall_results.json
starVLA,libero-plus-4k-exact-numeric-w4-restart-v3,ervla_pi_projected_numeric_shuffled,libero_spatial,788,1000,0.78800000,/e/project1/m3/blank4/code/starVLA/playground/Checkpoints/ervla_pi_projected_numeric_shuffled/results/libero-plus-4k-exact-numeric-w4-restart-v3/overall_results.json
starVLA,libero-plus-4k-exact-numeric-w4-restart-v3,ervla_pi_projected_numeric_shuffled,libero_10,552,1000,0.55200000,/e/project1/m3/blank4/code/starVLA/playground/Checkpoints/ervla_pi_projected_numeric_shuffled/results/libero-plus-4k-exact-numeric-w4-restart-v3/libero_10/overall_results.json
starVLA,libero-plus-4k-exact-numeric-w4-restart-v3,ervla_pi_projected_numeric_shuffled,libero_goal,656,1000,0.65600000,/e/project1/m3/blank4/code/starVLA/playground/Checkpoints/ervla_pi_projected_numeric_shuffled/results/libero-plus-4k-exact-numeric-w4-restart-v3/libero_goal/overall_results.json
starVLA,libero-plus-4k-exact-numeric-w4-restart-v3,ervla_pi_projected_numeric_shuffled,libero_object,748,1000,0.74800000,/e/project1/m3/blank4/code/starVLA/playground/Checkpoints/ervla_pi_projected_numeric_shuffled/results/libero-plus-4k-exact-numeric-w4-restart-v3/libero_object/overall_results.json
starVLA,libero-plus-4k-exact-numeric-w4-restart-v3,ervla_pi_projected_numeric_shuffled,libero_spatial,788,1000,0.78800000,/e/project1/m3/blank4/code/starVLA/playground/Checkpoints/ervla_pi_projected_numeric_shuffled/results/libero-plus-4k-exact-numeric-w4-restart-v3/libero_spatial/overall_results.json
starVLA,libero-plus-4k-exact-rawcot32-v1,ervla_k2_pi_cam3d_cot05_pifix_latent32,libero_10,657,1000,0.65700000,/e/project1/m3/blank4/code/starVLA/playground/Checkpoints/ervla_k2_pi_cam3d_cot05_pifix_latent32/results/libero-plus-4k-exact-rawcot32-v1/overall_results.json
starVLA,libero-plus-4k-exact-rawcot32-v1,ervla_k2_pi_cam3d_cot05_pifix_latent32,libero_goal,676,1000,0.67600000,/e/project1/m3/blank4/code/starVLA/playground/Checkpoints/ervla_k2_pi_cam3d_cot05_pifix_latent32/results/libero-plus-4k-exact-rawcot32-v1/overall_results.json
starVLA,libero-plus-4k-exact-rawcot32-v1,ervla_k2_pi_cam3d_cot05_pifix_latent32,libero_object,790,1000,0.79000000,/e/project1/m3/blank4/code/starVLA/playground/Checkpoints/ervla_k2_pi_cam3d_cot05_pifix_latent32/results/libero-plus-4k-exact-rawcot32-v1/overall_results.json
starVLA,libero-plus-4k-exact-rawcot32-v1,ervla_k2_pi_cam3d_cot05_pifix_latent32,libero_spatial,774,1000,0.77400000,/e/project1/m3/blank4/code/starVLA/playground/Checkpoints/ervla_k2_pi_cam3d_cot05_pifix_latent32/results/libero-plus-4k-exact-rawcot32-v1/overall_results.json
starVLA,libero-plus-4k-exact-rawcot32-v1,ervla_k2_pi_cam3d_cot05_pifix_latent32,libero_10,657,1000,0.65700000,/e/project1/m3/blank4/code/starVLA/playground/Checkpoints/ervla_k2_pi_cam3d_cot05_pifix_latent32/results/libero-plus-4k-exact-rawcot32-v1/libero_10/overall_results.json
starVLA,libero-plus-4k-exact-rawcot32-v1,ervla_k2_pi_cam3d_cot05_pifix_latent32,libero_goal,676,1000,0.67600000,/e/project1/m3/blank4/code/starVLA/playground/Checkpoints/ervla_k2_pi_cam3d_cot05_pifix_latent32/results/libero-plus-4k-exact-rawcot32-v1/libero_goal/overall_results.json
starVLA,libero-plus-4k-exact-rawcot32-v1,ervla_k2_pi_cam3d_cot05_pifix_latent32,libero_object,790,1000,0.79000000,/e/project1/m3/blank4/code/starVLA/playground/Checkpoints/ervla_k2_pi_cam3d_cot05_pifix_latent32/results/libero-plus-4k-exact-rawcot32-v1/libero_object/overall_results.json
starVLA,libero-plus-4k-exact-rawcot32-v1,ervla_k2_pi_cam3d_cot05_pifix_latent32,libero_spatial,774,1000,0.77400000,/e/project1/m3/blank4/code/starVLA/playground/Checkpoints/ervla_k2_pi_cam3d_cot05_pifix_latent32/results/libero-plus-4k-exact-rawcot32-v1/libero_spatial/overall_results.json
starVLA,libero-plus-4k-exact-rawcot32-v1,ervla_u_pi_layerwise_decoder_cot,libero_10,682,1000,0.68200000,/e/project1/m3/blank4/code/starVLA/playground/Checkpoints/ervla_u_pi_layerwise_decoder_cot/results/libero-plus-4k-exact-rawcot32-v1/overall_results.json
starVLA,libero-plus-4k-exact-rawcot32-v1,ervla_u_pi_layerwise_decoder_cot,libero_goal,755,1000,0.75500000,/e/project1/m3/blank4/code/starVLA/playground/Checkpoints/ervla_u_pi_layerwise_decoder_cot/results/libero-plus-4k-exact-rawcot32-v1/overall_results.json
starVLA,libero-plus-4k-exact-rawcot32-v1,ervla_u_pi_layerwise_decoder_cot,libero_object,805,1000,0.80500000,/e/project1/m3/blank4/code/starVLA/playground/Checkpoints/ervla_u_pi_layerwise_decoder_cot/results/libero-plus-4k-exact-rawcot32-v1/overall_results.json
starVLA,libero-plus-4k-exact-rawcot32-v1,ervla_u_pi_layerwise_decoder_cot,libero_spatial,797,1000,0.79700000,/e/project1/m3/blank4/code/starVLA/playground/Checkpoints/ervla_u_pi_layerwise_decoder_cot/results/libero-plus-4k-exact-rawcot32-v1/overall_results.json
starVLA,libero-plus-4k-exact-rawcot32-v1,ervla_u_pi_layerwise_decoder_cot,libero_10,682,1000,0.68200000,/e/project1/m3/blank4/code/starVLA/playground/Checkpoints/ervla_u_pi_layerwise_decoder_cot/results/libero-plus-4k-exact-rawcot32-v1/libero_10/overall_results.json
starVLA,libero-plus-4k-exact-rawcot32-v1,ervla_u_pi_layerwise_decoder_cot,libero_goal,755,1000,0.75500000,/e/project1/m3/blank4/code/starVLA/playground/Checkpoints/ervla_u_pi_layerwise_decoder_cot/results/libero-plus-4k-exact-rawcot32-v1/libero_goal/overall_results.json
starVLA,libero-plus-4k-exact-rawcot32-v1,ervla_u_pi_layerwise_decoder_cot,libero_object,805,1000,0.80500000,/e/project1/m3/blank4/code/starVLA/playground/Checkpoints/ervla_u_pi_layerwise_decoder_cot/results/libero-plus-4k-exact-rawcot32-v1/libero_object/overall_results.json
starVLA,libero-plus-4k-exact-rawcot32-v1,ervla_u_pi_layerwise_decoder_cot,libero_spatial,797,1000,0.79700000,/e/project1/m3/blank4/code/starVLA/playground/Checkpoints/ervla_u_pi_layerwise_decoder_cot/results/libero-plus-4k-exact-rawcot32-v1/libero_spatial/overall_results.json
starVLA,libero-plus-4k-exact-sharedz-v1,ervla_zbase_pi_sharedz_control,libero_10,598,1000,0.59800000,/e/project1/m3/blank4/code/starVLA/playground/Checkpoints/ervla_zbase_pi_sharedz_control/results/libero-plus-4k-exact-sharedz-v1/overall_results.json
starVLA,libero-plus-4k-exact-sharedz-v1,ervla_zbase_pi_sharedz_control,libero_goal,716,1000,0.71600000,/e/project1/m3/blank4/code/starVLA/playground/Checkpoints/ervla_zbase_pi_sharedz_control/results/libero-plus-4k-exact-sharedz-v1/overall_results.json
starVLA,libero-plus-4k-exact-sharedz-v1,ervla_zbase_pi_sharedz_control,libero_object,826,1000,0.82600000,/e/project1/m3/blank4/code/starVLA/playground/Checkpoints/ervla_zbase_pi_sharedz_control/results/libero-plus-4k-exact-sharedz-v1/overall_results.json
starVLA,libero-plus-4k-exact-sharedz-v1,ervla_zbase_pi_sharedz_control,libero_spatial,722,1000,0.72200000,/e/project1/m3/blank4/code/starVLA/playground/Checkpoints/ervla_zbase_pi_sharedz_control/results/libero-plus-4k-exact-sharedz-v1/overall_results.json
starVLA,libero-plus-4k-exact-sharedz-v1,ervla_zbase_pi_sharedz_control,libero_10,598,1000,0.59800000,/e/project1/m3/blank4/code/starVLA/playground/Checkpoints/ervla_zbase_pi_sharedz_control/results/libero-plus-4k-exact-sharedz-v1/libero_10/overall_results.json
starVLA,libero-plus-4k-exact-sharedz-v1,ervla_zbase_pi_sharedz_control,libero_goal,716,1000,0.71600000,/e/project1/m3/blank4/code/starVLA/playground/Checkpoints/ervla_zbase_pi_sharedz_control/results/libero-plus-4k-exact-sharedz-v1/libero_goal/overall_results.json
starVLA,libero-plus-4k-exact-sharedz-v1,ervla_zbase_pi_sharedz_control,libero_object,826,1000,0.82600000,/e/project1/m3/blank4/code/starVLA/playground/Checkpoints/ervla_zbase_pi_sharedz_control/results/libero-plus-4k-exact-sharedz-v1/libero_object/overall_results.json
starVLA,libero-plus-4k-exact-sharedz-v1,ervla_zbase_pi_sharedz_control,libero_spatial,722,1000,0.72200000,/e/project1/m3/blank4/code/starVLA/playground/Checkpoints/ervla_zbase_pi_sharedz_control/results/libero-plus-4k-exact-sharedz-v1/libero_spatial/overall_results.json
starVLA,libero-plus-4k-exact-sharedz-v1,ervla_zsup_pi_sharedz_ground_temporal,libero_10,690,1000,0.69000000,/e/project1/m3/blank4/code/starVLA/playground/Checkpoints/ervla_zsup_pi_sharedz_ground_temporal/results/libero-plus-4k-exact-sharedz-v1/overall_results.json
starVLA,libero-plus-4k-exact-sharedz-v1,ervla_zsup_pi_sharedz_ground_temporal,libero_goal,755,1000,0.75500000,/e/project1/m3/blank4/code/starVLA/playground/Checkpoints/ervla_zsup_pi_sharedz_ground_temporal/results/libero-plus-4k-exact-sharedz-v1/overall_results.json
starVLA,libero-plus-4k-exact-sharedz-v1,ervla_zsup_pi_sharedz_ground_temporal,libero_object,845,1000,0.84500000,/e/project1/m3/blank4/code/starVLA/playground/Checkpoints/ervla_zsup_pi_sharedz_ground_temporal/results/libero-plus-4k-exact-sharedz-v1/overall_results.json
starVLA,libero-plus-4k-exact-sharedz-v1,ervla_zsup_pi_sharedz_ground_temporal,libero_spatial,835,1000,0.83500000,/e/project1/m3/blank4/code/starVLA/playground/Checkpoints/ervla_zsup_pi_sharedz_ground_temporal/results/libero-plus-4k-exact-sharedz-v1/overall_results.json
starVLA,libero-plus-4k-exact-sharedz-v1,ervla_zsup_pi_sharedz_ground_temporal,libero_10,690,1000,0.69000000,/e/project1/m3/blank4/code/starVLA/playground/Checkpoints/ervla_zsup_pi_sharedz_ground_temporal/results/libero-plus-4k-exact-sharedz-v1/libero_10/overall_results.json
starVLA,libero-plus-4k-exact-sharedz-v1,ervla_zsup_pi_sharedz_ground_temporal,libero_goal,755,1000,0.75500000,/e/project1/m3/blank4/code/starVLA/playground/Checkpoints/ervla_zsup_pi_sharedz_ground_temporal/results/libero-plus-4k-exact-sharedz-v1/libero_goal/overall_results.json
starVLA,libero-plus-4k-exact-sharedz-v1,ervla_zsup_pi_sharedz_ground_temporal,libero_object,845,1000,0.84500000,/e/project1/m3/blank4/code/starVLA/playground/Checkpoints/ervla_zsup_pi_sharedz_ground_temporal/results/libero-plus-4k-exact-sharedz-v1/libero_object/overall_results.json
starVLA,libero-plus-4k-exact-sharedz-v1,ervla_zsup_pi_sharedz_ground_temporal,libero_spatial,835,1000,0.83500000,/e/project1/m3/blank4/code/starVLA/playground/Checkpoints/ervla_zsup_pi_sharedz_ground_temporal/results/libero-plus-4k-exact-sharedz-v1/libero_spatial/overall_results.json
starVLA,libero-plus-4k-exact-sharedz-v1-w4,ervla_zsupdec_pi_sharedz_ground_temporal,libero_10,688,1000,0.68800000,/e/project1/m3/blank4/code/starVLA/playground/Checkpoints/ervla_zsupdec_pi_sharedz_ground_temporal/results/libero-plus-4k-exact-sharedz-v1-w4/overall_results.json
starVLA,libero-plus-4k-exact-sharedz-v1-w4,ervla_zsupdec_pi_sharedz_ground_temporal,libero_goal,753,1000,0.75300000,/e/project1/m3/blank4/code/starVLA/playground/Checkpoints/ervla_zsupdec_pi_sharedz_ground_temporal/results/libero-plus-4k-exact-sharedz-v1-w4/overall_results.json
starVLA,libero-plus-4k-exact-sharedz-v1-w4,ervla_zsupdec_pi_sharedz_ground_temporal,libero_object,815,1000,0.81500000,/e/project1/m3/blank4/code/starVLA/playground/Checkpoints/ervla_zsupdec_pi_sharedz_ground_temporal/results/libero-plus-4k-exact-sharedz-v1-w4/overall_results.json
starVLA,libero-plus-4k-exact-sharedz-v1-w4,ervla_zsupdec_pi_sharedz_ground_temporal,libero_spatial,794,1000,0.79400000,/e/project1/m3/blank4/code/starVLA/playground/Checkpoints/ervla_zsupdec_pi_sharedz_ground_temporal/results/libero-plus-4k-exact-sharedz-v1-w4/overall_results.json
starVLA,libero-plus-4k-exact-sharedz-v1-w4,ervla_zsupdec_pi_sharedz_ground_temporal,libero_10,688,1000,0.68800000,/e/project1/m3/blank4/code/starVLA/playground/Checkpoints/ervla_zsupdec_pi_sharedz_ground_temporal/results/libero-plus-4k-exact-sharedz-v1-w4/libero_10/overall_results.json
starVLA,libero-plus-4k-exact-sharedz-v1-w4,ervla_zsupdec_pi_sharedz_ground_temporal,libero_goal,753,1000,0.75300000,/e/project1/m3/blank4/code/starVLA/playground/Checkpoints/ervla_zsupdec_pi_sharedz_ground_temporal/results/libero-plus-4k-exact-sharedz-v1-w4/libero_goal/overall_results.json
starVLA,libero-plus-4k-exact-sharedz-v1-w4,ervla_zsupdec_pi_sharedz_ground_temporal,libero_object,815,1000,0.81500000,/e/project1/m3/blank4/code/starVLA/playground/Checkpoints/ervla_zsupdec_pi_sharedz_ground_temporal/results/libero-plus-4k-exact-sharedz-v1-w4/libero_object/overall_results.json
starVLA,libero-plus-4k-exact-sharedz-v1-w4,ervla_zsupdec_pi_sharedz_ground_temporal,libero_spatial,794,1000,0.79400000,/e/project1/m3/blank4/code/starVLA/playground/Checkpoints/ervla_zsupdec_pi_sharedz_ground_temporal/results/libero-plus-4k-exact-sharedz-v1-w4/libero_spatial/overall_results.json
starVLA,libero-plus-4k-exact-sharedz-v2-w4,ervla_zonly_pi_sharedz_ground_temporal,libero_10,678,1000,0.67800000,/e/project1/m3/blank4/code/starVLA/playground/Checkpoints/ervla_zonly_pi_sharedz_ground_temporal/results/libero-plus-4k-exact-sharedz-v2-w4/overall_results.json
starVLA,libero-plus-4k-exact-sharedz-v2-w4,ervla_zonly_pi_sharedz_ground_temporal,libero_goal,775,1000,0.77500000,/e/project1/m3/blank4/code/starVLA/playground/Checkpoints/ervla_zonly_pi_sharedz_ground_temporal/results/libero-plus-4k-exact-sharedz-v2-w4/overall_results.json
starVLA,libero-plus-4k-exact-sharedz-v2-w4,ervla_zonly_pi_sharedz_ground_temporal,libero_object,839,1000,0.83900000,/e/project1/m3/blank4/code/starVLA/playground/Checkpoints/ervla_zonly_pi_sharedz_ground_temporal/results/libero-plus-4k-exact-sharedz-v2-w4/overall_results.json
starVLA,libero-plus-4k-exact-sharedz-v2-w4,ervla_zonly_pi_sharedz_ground_temporal,libero_spatial,772,1000,0.77200000,/e/project1/m3/blank4/code/starVLA/playground/Checkpoints/ervla_zonly_pi_sharedz_ground_temporal/results/libero-plus-4k-exact-sharedz-v2-w4/overall_results.json
starVLA,libero-plus-4k-exact-sharedz-v2-w4,ervla_zonly_pi_sharedz_ground_temporal,libero_10,678,1000,0.67800000,/e/project1/m3/blank4/code/starVLA/playground/Checkpoints/ervla_zonly_pi_sharedz_ground_temporal/results/libero-plus-4k-exact-sharedz-v2-w4/libero_10/overall_results.json
starVLA,libero-plus-4k-exact-sharedz-v2-w4,ervla_zonly_pi_sharedz_ground_temporal,libero_goal,775,1000,0.77500000,/e/project1/m3/blank4/code/starVLA/playground/Checkpoints/ervla_zonly_pi_sharedz_ground_temporal/results/libero-plus-4k-exact-sharedz-v2-w4/libero_goal/overall_results.json
starVLA,libero-plus-4k-exact-sharedz-v2-w4,ervla_zonly_pi_sharedz_ground_temporal,libero_object,839,1000,0.83900000,/e/project1/m3/blank4/code/starVLA/playground/Checkpoints/ervla_zonly_pi_sharedz_ground_temporal/results/libero-plus-4k-exact-sharedz-v2-w4/libero_object/overall_results.json
starVLA,libero-plus-4k-exact-sharedz-v2-w4,ervla_zonly_pi_sharedz_ground_temporal,libero_spatial,772,1000,0.77200000,/e/project1/m3/blank4/code/starVLA/playground/Checkpoints/ervla_zonly_pi_sharedz_ground_temporal/results/libero-plus-4k-exact-sharedz-v2-w4/libero_spatial/overall_results.json
starVLA,libero-plus-4k-exact-v1,ervla_a_causal,libero_10,624,1000,0.62400000,/e/project1/m3/blank4/code/starVLA/playground/Checkpoints/ervla_a_causal/results/libero-plus-4k-exact-v1/overall_results.json
starVLA,libero-plus-4k-exact-v1,ervla_a_causal,libero_goal,666,1000,0.66600000,/e/project1/m3/blank4/code/starVLA/playground/Checkpoints/ervla_a_causal/results/libero-plus-4k-exact-v1/overall_results.json
starVLA,libero-plus-4k-exact-v1,ervla_a_causal,libero_object,766,1000,0.76600000,/e/project1/m3/blank4/code/starVLA/playground/Checkpoints/ervla_a_causal/results/libero-plus-4k-exact-v1/overall_results.json
starVLA,libero-plus-4k-exact-v1,ervla_a_causal,libero_spatial,725,1000,0.72500000,/e/project1/m3/blank4/code/starVLA/playground/Checkpoints/ervla_a_causal/results/libero-plus-4k-exact-v1/overall_results.json
starVLA,libero-plus-4k-exact-v1,ervla_a_causal,libero_10,624,1000,0.62400000,/e/project1/m3/blank4/code/starVLA/playground/Checkpoints/ervla_a_causal/results/libero-plus-4k-exact-v1/libero_10/overall_results.json
starVLA,libero-plus-4k-exact-v1,ervla_a_causal,libero_goal,666,1000,0.66600000,/e/project1/m3/blank4/code/starVLA/playground/Checkpoints/ervla_a_causal/results/libero-plus-4k-exact-v1/libero_goal/overall_results.json
starVLA,libero-plus-4k-exact-v1,ervla_a_causal,libero_object,766,1000,0.76600000,/e/project1/m3/blank4/code/starVLA/playground/Checkpoints/ervla_a_causal/results/libero-plus-4k-exact-v1/libero_object/overall_results.json
starVLA,libero-plus-4k-exact-v1,ervla_a_causal,libero_spatial,725,1000,0.72500000,/e/project1/m3/blank4/code/starVLA/playground/Checkpoints/ervla_a_causal/results/libero-plus-4k-exact-v1/libero_spatial/overall_results.json
starVLA,libero-plus-4k-exact-v1,ervla_b_bidir,libero_10,628,1000,0.62800000,/e/project1/m3/blank4/code/starVLA/playground/Checkpoints/ervla_b_bidir/results/libero-plus-4k-exact-v1/overall_results.json
starVLA,libero-plus-4k-exact-v1,ervla_b_bidir,libero_goal,705,1000,0.70500000,/e/project1/m3/blank4/code/starVLA/playground/Checkpoints/ervla_b_bidir/results/libero-plus-4k-exact-v1/overall_results.json
starVLA,libero-plus-4k-exact-v1,ervla_b_bidir,libero_object,798,1000,0.79800000,/e/project1/m3/blank4/code/starVLA/playground/Checkpoints/ervla_b_bidir/results/libero-plus-4k-exact-v1/overall_results.json
starVLA,libero-plus-4k-exact-v1,ervla_b_bidir,libero_spatial,741,1000,0.74100000,/e/project1/m3/blank4/code/starVLA/playground/Checkpoints/ervla_b_bidir/results/libero-plus-4k-exact-v1/overall_results.json
starVLA,libero-plus-4k-exact-v1,ervla_b_bidir,libero_10,628,1000,0.62800000,/e/project1/m3/blank4/code/starVLA/playground/Checkpoints/ervla_b_bidir/results/libero-plus-4k-exact-v1/libero_10/overall_results.json
starVLA,libero-plus-4k-exact-v1,ervla_b_bidir,libero_goal,705,1000,0.70500000,/e/project1/m3/blank4/code/starVLA/playground/Checkpoints/ervla_b_bidir/results/libero-plus-4k-exact-v1/libero_goal/overall_results.json
starVLA,libero-plus-4k-exact-v1,ervla_b_bidir,libero_object,798,1000,0.79800000,/e/project1/m3/blank4/code/starVLA/playground/Checkpoints/ervla_b_bidir/results/libero-plus-4k-exact-v1/libero_object/overall_results.json
starVLA,libero-plus-4k-exact-v1,ervla_b_bidir,libero_spatial,741,1000,0.74100000,/e/project1/m3/blank4/code/starVLA/playground/Checkpoints/ervla_b_bidir/results/libero-plus-4k-exact-v1/libero_spatial/overall_results.json
starVLA,libero-plus-4k-exact-v1,ervla_d_cam3d_8gpu,libero_10,603,1000,0.60300000,/e/project1/m3/blank4/code/starVLA/playground/Checkpoints/ervla_d_cam3d_8gpu/results/libero-plus-4k-exact-v1/overall_results.json
starVLA,libero-plus-4k-exact-v1,ervla_d_cam3d_8gpu,libero_goal,681,1000,0.68100000,/e/project1/m3/blank4/code/starVLA/playground/Checkpoints/ervla_d_cam3d_8gpu/results/libero-plus-4k-exact-v1/overall_results.json
starVLA,libero-plus-4k-exact-v1,ervla_d_cam3d_8gpu,libero_object,745,1000,0.74500000,/e/project1/m3/blank4/code/starVLA/playground/Checkpoints/ervla_d_cam3d_8gpu/results/libero-plus-4k-exact-v1/overall_results.json
starVLA,libero-plus-4k-exact-v1,ervla_d_cam3d_8gpu,libero_spatial,707,1000,0.70700000,/e/project1/m3/blank4/code/starVLA/playground/Checkpoints/ervla_d_cam3d_8gpu/results/libero-plus-4k-exact-v1/overall_results.json
starVLA,libero-plus-4k-exact-v1,ervla_d_cam3d_8gpu,libero_10,603,1000,0.60300000,/e/project1/m3/blank4/code/starVLA/playground/Checkpoints/ervla_d_cam3d_8gpu/results/libero-plus-4k-exact-v1/libero_10/overall_results.json
starVLA,libero-plus-4k-exact-v1,ervla_d_cam3d_8gpu,libero_goal,681,1000,0.68100000,/e/project1/m3/blank4/code/starVLA/playground/Checkpoints/ervla_d_cam3d_8gpu/results/libero-plus-4k-exact-v1/libero_goal/overall_results.json
starVLA,libero-plus-4k-exact-v1,ervla_d_cam3d_8gpu,libero_object,745,1000,0.74500000,/e/project1/m3/blank4/code/starVLA/playground/Checkpoints/ervla_d_cam3d_8gpu/results/libero-plus-4k-exact-v1/libero_object/overall_results.json
starVLA,libero-plus-4k-exact-v1,ervla_d_cam3d_8gpu,libero_spatial,707,1000,0.70700000,/e/project1/m3/blank4/code/starVLA/playground/Checkpoints/ervla_d_cam3d_8gpu/results/libero-plus-4k-exact-v1/libero_spatial/overall_results.json
starVLA,libero-plus-4k-exact-v1,ervla_d_cam3d_rand_8gpu,libero_10,608,1000,0.60800000,/e/project1/m3/blank4/code/starVLA/playground/Checkpoints/ervla_d_cam3d_rand_8gpu/results/libero-plus-4k-exact-v1/overall_results.json
starVLA,libero-plus-4k-exact-v1,ervla_d_cam3d_rand_8gpu,libero_goal,699,1000,0.69900000,/e/project1/m3/blank4/code/starVLA/playground/Checkpoints/ervla_d_cam3d_rand_8gpu/results/libero-plus-4k-exact-v1/overall_results.json
starVLA,libero-plus-4k-exact-v1,ervla_d_cam3d_rand_8gpu,libero_object,774,1000,0.77400000,/e/project1/m3/blank4/code/starVLA/playground/Checkpoints/ervla_d_cam3d_rand_8gpu/results/libero-plus-4k-exact-v1/overall_results.json
starVLA,libero-plus-4k-exact-v1,ervla_d_cam3d_rand_8gpu,libero_spatial,737,1000,0.73700000,/e/project1/m3/blank4/code/starVLA/playground/Checkpoints/ervla_d_cam3d_rand_8gpu/results/libero-plus-4k-exact-v1/overall_results.json
starVLA,libero-plus-4k-exact-v1,ervla_d_cam3d_rand_8gpu,libero_10,608,1000,0.60800000,/e/project1/m3/blank4/code/starVLA/playground/Checkpoints/ervla_d_cam3d_rand_8gpu/results/libero-plus-4k-exact-v1/libero_10/overall_results.json
starVLA,libero-plus-4k-exact-v1,ervla_d_cam3d_rand_8gpu,libero_goal,699,1000,0.69900000,/e/project1/m3/blank4/code/starVLA/playground/Checkpoints/ervla_d_cam3d_rand_8gpu/results/libero-plus-4k-exact-v1/libero_goal/overall_results.json
starVLA,libero-plus-4k-exact-v1,ervla_d_cam3d_rand_8gpu,libero_object,774,1000,0.77400000,/e/project1/m3/blank4/code/starVLA/playground/Checkpoints/ervla_d_cam3d_rand_8gpu/results/libero-plus-4k-exact-v1/libero_object/overall_results.json
starVLA,libero-plus-4k-exact-v1,ervla_d_cam3d_rand_8gpu,libero_spatial,737,1000,0.73700000,/e/project1/m3/blank4/code/starVLA/playground/Checkpoints/ervla_d_cam3d_rand_8gpu/results/libero-plus-4k-exact-v1/libero_spatial/overall_results.json
starVLA,libero-plus-4k-exact-v1,ervla_g_cam3d_cot05,libero_10,609,1000,0.60900000,/e/project1/m3/blank4/code/starVLA/playground/Checkpoints/ervla_g_cam3d_cot05/results/libero-plus-4k-exact-v1/overall_results.json
starVLA,libero-plus-4k-exact-v1,ervla_g_cam3d_cot05,libero_goal,672,1000,0.67200000,/e/project1/m3/blank4/code/starVLA/playground/Checkpoints/ervla_g_cam3d_cot05/results/libero-plus-4k-exact-v1/overall_results.json
starVLA,libero-plus-4k-exact-v1,ervla_g_cam3d_cot05,libero_object,771,1000,0.77100000,/e/project1/m3/blank4/code/starVLA/playground/Checkpoints/ervla_g_cam3d_cot05/results/libero-plus-4k-exact-v1/overall_results.json
starVLA,libero-plus-4k-exact-v1,ervla_g_cam3d_cot05,libero_spatial,741,1000,0.74100000,/e/project1/m3/blank4/code/starVLA/playground/Checkpoints/ervla_g_cam3d_cot05/results/libero-plus-4k-exact-v1/overall_results.json
starVLA,libero-plus-4k-exact-v1,ervla_g_cam3d_cot05,libero_10,609,1000,0.60900000,/e/project1/m3/blank4/code/starVLA/playground/Checkpoints/ervla_g_cam3d_cot05/results/libero-plus-4k-exact-v1/libero_10/overall_results.json
starVLA,libero-plus-4k-exact-v1,ervla_g_cam3d_cot05,libero_goal,672,1000,0.67200000,/e/project1/m3/blank4/code/starVLA/playground/Checkpoints/ervla_g_cam3d_cot05/results/libero-plus-4k-exact-v1/libero_goal/overall_results.json
starVLA,libero-plus-4k-exact-v1,ervla_g_cam3d_cot05,libero_object,771,1000,0.77100000,/e/project1/m3/blank4/code/starVLA/playground/Checkpoints/ervla_g_cam3d_cot05/results/libero-plus-4k-exact-v1/libero_object/overall_results.json
starVLA,libero-plus-4k-exact-v1,ervla_g_cam3d_cot05,libero_spatial,741,1000,0.74100000,/e/project1/m3/blank4/code/starVLA/playground/Checkpoints/ervla_g_cam3d_cot05/results/libero-plus-4k-exact-v1/libero_spatial/overall_results.json
starVLA,libero-plus-4k-exact-v1,ervla_g_cross_only,libero_10,630,1000,0.63000000,/e/project1/m3/blank4/code/starVLA/playground/Checkpoints/ervla_g_cross_only/results/libero-plus-4k-exact-v1/overall_results.json
starVLA,libero-plus-4k-exact-v1,ervla_g_cross_only,libero_goal,665,1000,0.66500000,/e/project1/m3/blank4/code/starVLA/playground/Checkpoints/ervla_g_cross_only/results/libero-plus-4k-exact-v1/overall_results.json
starVLA,libero-plus-4k-exact-v1,ervla_g_cross_only,libero_object,760,1000,0.76000000,/e/project1/m3/blank4/code/starVLA/playground/Checkpoints/ervla_g_cross_only/results/libero-plus-4k-exact-v1/overall_results.json
starVLA,libero-plus-4k-exact-v1,ervla_g_cross_only,libero_spatial,743,1000,0.74300000,/e/project1/m3/blank4/code/starVLA/playground/Checkpoints/ervla_g_cross_only/results/libero-plus-4k-exact-v1/overall_results.json
starVLA,libero-plus-4k-exact-v1,ervla_g_cross_only,libero_10,630,1000,0.63000000,/e/project1/m3/blank4/code/starVLA/playground/Checkpoints/ervla_g_cross_only/results/libero-plus-4k-exact-v1/libero_10/overall_results.json
starVLA,libero-plus-4k-exact-v1,ervla_g_cross_only,libero_goal,665,1000,0.66500000,/e/project1/m3/blank4/code/starVLA/playground/Checkpoints/ervla_g_cross_only/results/libero-plus-4k-exact-v1/libero_goal/overall_results.json
starVLA,libero-plus-4k-exact-v1,ervla_g_cross_only,libero_object,760,1000,0.76000000,/e/project1/m3/blank4/code/starVLA/playground/Checkpoints/ervla_g_cross_only/results/libero-plus-4k-exact-v1/libero_object/overall_results.json
starVLA,libero-plus-4k-exact-v1,ervla_g_cross_only,libero_spatial,743,1000,0.74300000,/e/project1/m3/blank4/code/starVLA/playground/Checkpoints/ervla_g_cross_only/results/libero-plus-4k-exact-v1/libero_spatial/overall_results.json
starVLA,libero-plus-4k-exact-v1,ervla_h_enc_choice_cam3d,libero_10,613,1000,0.61300000,/e/project1/m3/blank4/code/starVLA/playground/Checkpoints/ervla_h_enc_choice_cam3d/results/libero-plus-4k-exact-v1/overall_results.json
starVLA,libero-plus-4k-exact-v1,ervla_h_enc_choice_cam3d,libero_goal,682,1000,0.68200000,/e/project1/m3/blank4/code/starVLA/playground/Checkpoints/ervla_h_enc_choice_cam3d/results/libero-plus-4k-exact-v1/overall_results.json
starVLA,libero-plus-4k-exact-v1,ervla_h_enc_choice_cam3d,libero_object,773,1000,0.77300000,/e/project1/m3/blank4/code/starVLA/playground/Checkpoints/ervla_h_enc_choice_cam3d/results/libero-plus-4k-exact-v1/overall_results.json
starVLA,libero-plus-4k-exact-v1,ervla_h_enc_choice_cam3d,libero_spatial,753,1000,0.75300000,/e/project1/m3/blank4/code/starVLA/playground/Checkpoints/ervla_h_enc_choice_cam3d/results/libero-plus-4k-exact-v1/overall_results.json
starVLA,libero-plus-4k-exact-v1,ervla_h_enc_choice_cam3d,libero_10,613,1000,0.61300000,/e/project1/m3/blank4/code/starVLA/playground/Checkpoints/ervla_h_enc_choice_cam3d/results/libero-plus-4k-exact-v1/libero_10/overall_results.json
starVLA,libero-plus-4k-exact-v1,ervla_h_enc_choice_cam3d,libero_goal,682,1000,0.68200000,/e/project1/m3/blank4/code/starVLA/playground/Checkpoints/ervla_h_enc_choice_cam3d/results/libero-plus-4k-exact-v1/libero_goal/overall_results.json
starVLA,libero-plus-4k-exact-v1,ervla_h_enc_choice_cam3d,libero_object,773,1000,0.77300000,/e/project1/m3/blank4/code/starVLA/playground/Checkpoints/ervla_h_enc_choice_cam3d/results/libero-plus-4k-exact-v1/libero_object/overall_results.json
starVLA,libero-plus-4k-exact-v1,ervla_h_enc_choice_cam3d,libero_spatial,753,1000,0.75300000,/e/project1/m3/blank4/code/starVLA/playground/Checkpoints/ervla_h_enc_choice_cam3d/results/libero-plus-4k-exact-v1/libero_spatial/overall_results.json
starVLA,libero-plus-4k-exact-v1,ervla_i_dec_choice_cam3d,libero_10,634,1000,0.63400000,/e/project1/m3/blank4/code/starVLA/playground/Checkpoints/ervla_i_dec_choice_cam3d/results/libero-plus-4k-exact-v1/overall_results.json
starVLA,libero-plus-4k-exact-v1,ervla_i_dec_choice_cam3d,libero_goal,679,1000,0.67900000,/e/project1/m3/blank4/code/starVLA/playground/Checkpoints/ervla_i_dec_choice_cam3d/results/libero-plus-4k-exact-v1/overall_results.json
starVLA,libero-plus-4k-exact-v1,ervla_i_dec_choice_cam3d,libero_object,782,1000,0.78200000,/e/project1/m3/blank4/code/starVLA/playground/Checkpoints/ervla_i_dec_choice_cam3d/results/libero-plus-4k-exact-v1/overall_results.json
starVLA,libero-plus-4k-exact-v1,ervla_i_dec_choice_cam3d,libero_spatial,747,1000,0.74700000,/e/project1/m3/blank4/code/starVLA/playground/Checkpoints/ervla_i_dec_choice_cam3d/results/libero-plus-4k-exact-v1/overall_results.json
starVLA,libero-plus-4k-exact-v1,ervla_i_dec_choice_cam3d,libero_10,634,1000,0.63400000,/e/project1/m3/blank4/code/starVLA/playground/Checkpoints/ervla_i_dec_choice_cam3d/results/libero-plus-4k-exact-v1/libero_10/overall_results.json
starVLA,libero-plus-4k-exact-v1,ervla_i_dec_choice_cam3d,libero_goal,679,1000,0.67900000,/e/project1/m3/blank4/code/starVLA/playground/Checkpoints/ervla_i_dec_choice_cam3d/results/libero-plus-4k-exact-v1/libero_goal/overall_results.json
starVLA,libero-plus-4k-exact-v1,ervla_i_dec_choice_cam3d,libero_object,782,1000,0.78200000,/e/project1/m3/blank4/code/starVLA/playground/Checkpoints/ervla_i_dec_choice_cam3d/results/libero-plus-4k-exact-v1/libero_object/overall_results.json
starVLA,libero-plus-4k-exact-v1,ervla_i_dec_choice_cam3d,libero_spatial,747,1000,0.74700000,/e/project1/m3/blank4/code/starVLA/playground/Checkpoints/ervla_i_dec_choice_cam3d/results/libero-plus-4k-exact-v1/libero_spatial/overall_results.json
starVLA,libero-plus-4k-exact-v1,ervla_j_dec_choice_staged_cam3d,libero_10,637,1000,0.63700000,/e/project1/m3/blank4/code/starVLA/playground/Checkpoints/ervla_j_dec_choice_staged_cam3d/results/libero-plus-4k-exact-v1/overall_results.json
starVLA,libero-plus-4k-exact-v1,ervla_j_dec_choice_staged_cam3d,libero_goal,624,1000,0.62400000,/e/project1/m3/blank4/code/starVLA/playground/Checkpoints/ervla_j_dec_choice_staged_cam3d/results/libero-plus-4k-exact-v1/overall_results.json
starVLA,libero-plus-4k-exact-v1,ervla_j_dec_choice_staged_cam3d,libero_object,755,1000,0.75500000,/e/project1/m3/blank4/code/starVLA/playground/Checkpoints/ervla_j_dec_choice_staged_cam3d/results/libero-plus-4k-exact-v1/overall_results.json
starVLA,libero-plus-4k-exact-v1,ervla_j_dec_choice_staged_cam3d,libero_spatial,712,1000,0.71200000,/e/project1/m3/blank4/code/starVLA/playground/Checkpoints/ervla_j_dec_choice_staged_cam3d/results/libero-plus-4k-exact-v1/overall_results.json
starVLA,libero-plus-4k-exact-v1,ervla_j_dec_choice_staged_cam3d,libero_10,637,1000,0.63700000,/e/project1/m3/blank4/code/starVLA/playground/Checkpoints/ervla_j_dec_choice_staged_cam3d/results/libero-plus-4k-exact-v1/libero_10/overall_results.json
starVLA,libero-plus-4k-exact-v1,ervla_j_dec_choice_staged_cam3d,libero_goal,624,1000,0.62400000,/e/project1/m3/blank4/code/starVLA/playground/Checkpoints/ervla_j_dec_choice_staged_cam3d/results/libero-plus-4k-exact-v1/libero_goal/overall_results.json
starVLA,libero-plus-4k-exact-v1,ervla_j_dec_choice_staged_cam3d,libero_object,755,1000,0.75500000,/e/project1/m3/blank4/code/starVLA/playground/Checkpoints/ervla_j_dec_choice_staged_cam3d/results/libero-plus-4k-exact-v1/libero_object/overall_results.json
starVLA,libero-plus-4k-exact-v1,ervla_j_dec_choice_staged_cam3d,libero_spatial,712,1000,0.71200000,/e/project1/m3/blank4/code/starVLA/playground/Checkpoints/ervla_j_dec_choice_staged_cam3d/results/libero-plus-4k-exact-v1/libero_spatial/overall_results.json
starVLA,libero-plus-4k-exact-v1,ervla_k_pi_cam3d_cot05_masked,libero_10,687,1000,0.68700000,/e/project1/m3/blank4/code/starVLA/playground/Checkpoints/ervla_k_pi_cam3d_cot05_masked/results/libero-plus-4k-exact-v1/overall_results.json
starVLA,libero-plus-4k-exact-v1,ervla_k_pi_cam3d_cot05_masked,libero_goal,756,1000,0.75600000,/e/project1/m3/blank4/code/starVLA/playground/Checkpoints/ervla_k_pi_cam3d_cot05_masked/results/libero-plus-4k-exact-v1/overall_results.json
starVLA,libero-plus-4k-exact-v1,ervla_k_pi_cam3d_cot05_masked,libero_object,817,1000,0.81700000,/e/project1/m3/blank4/code/starVLA/playground/Checkpoints/ervla_k_pi_cam3d_cot05_masked/results/libero-plus-4k-exact-v1/overall_results.json
starVLA,libero-plus-4k-exact-v1,ervla_k_pi_cam3d_cot05_masked,libero_spatial,814,1000,0.81400000,/e/project1/m3/blank4/code/starVLA/playground/Checkpoints/ervla_k_pi_cam3d_cot05_masked/results/libero-plus-4k-exact-v1/overall_results.json
starVLA,libero-plus-4k-exact-v1,ervla_k_pi_cam3d_cot05_masked,libero_10,687,1000,0.68700000,/e/project1/m3/blank4/code/starVLA/playground/Checkpoints/ervla_k_pi_cam3d_cot05_masked/results/libero-plus-4k-exact-v1/libero_10/overall_results.json
starVLA,libero-plus-4k-exact-v1,ervla_k_pi_cam3d_cot05_masked,libero_goal,756,1000,0.75600000,/e/project1/m3/blank4/code/starVLA/playground/Checkpoints/ervla_k_pi_cam3d_cot05_masked/results/libero-plus-4k-exact-v1/libero_goal/overall_results.json
starVLA,libero-plus-4k-exact-v1,ervla_k_pi_cam3d_cot05_masked,libero_object,817,1000,0.81700000,/e/project1/m3/blank4/code/starVLA/playground/Checkpoints/ervla_k_pi_cam3d_cot05_masked/results/libero-plus-4k-exact-v1/libero_object/overall_results.json
starVLA,libero-plus-4k-exact-v1,ervla_k_pi_cam3d_cot05_masked,libero_spatial,814,1000,0.81400000,/e/project1/m3/blank4/code/starVLA/playground/Checkpoints/ervla_k_pi_cam3d_cot05_masked/results/libero-plus-4k-exact-v1/libero_spatial/overall_results.json
starVLA,libero-plus-4k-exact-v1,ervla_k_pi_cam3d_cot05_masked_seed43,libero_10,661,1000,0.66100000,/e/project1/m3/blank4/code/starVLA/playground/Checkpoints/ervla_k_pi_cam3d_cot05_masked_seed43/results/libero-plus-4k-exact-v1/overall_results.json
starVLA,libero-plus-4k-exact-v1,ervla_k_pi_cam3d_cot05_masked_seed43,libero_goal,712,1000,0.71200000,/e/project1/m3/blank4/code/starVLA/playground/Checkpoints/ervla_k_pi_cam3d_cot05_masked_seed43/results/libero-plus-4k-exact-v1/overall_results.json
starVLA,libero-plus-4k-exact-v1,ervla_k_pi_cam3d_cot05_masked_seed43,libero_object,829,1000,0.82900000,/e/project1/m3/blank4/code/starVLA/playground/Checkpoints/ervla_k_pi_cam3d_cot05_masked_seed43/results/libero-plus-4k-exact-v1/overall_results.json
starVLA,libero-plus-4k-exact-v1,ervla_k_pi_cam3d_cot05_masked_seed43,libero_spatial,765,1000,0.76500000,/e/project1/m3/blank4/code/starVLA/playground/Checkpoints/ervla_k_pi_cam3d_cot05_masked_seed43/results/libero-plus-4k-exact-v1/overall_results.json
starVLA,libero-plus-4k-exact-v1,ervla_k_pi_cam3d_cot05_masked_seed43,libero_10,661,1000,0.66100000,/e/project1/m3/blank4/code/starVLA/playground/Checkpoints/ervla_k_pi_cam3d_cot05_masked_seed43/results/libero-plus-4k-exact-v1/libero_10/overall_results.json
starVLA,libero-plus-4k-exact-v1,ervla_k_pi_cam3d_cot05_masked_seed43,libero_goal,712,1000,0.71200000,/e/project1/m3/blank4/code/starVLA/playground/Checkpoints/ervla_k_pi_cam3d_cot05_masked_seed43/results/libero-plus-4k-exact-v1/libero_goal/overall_results.json
starVLA,libero-plus-4k-exact-v1,ervla_k_pi_cam3d_cot05_masked_seed43,libero_object,829,1000,0.82900000,/e/project1/m3/blank4/code/starVLA/playground/Checkpoints/ervla_k_pi_cam3d_cot05_masked_seed43/results/libero-plus-4k-exact-v1/libero_object/overall_results.json
starVLA,libero-plus-4k-exact-v1,ervla_k_pi_cam3d_cot05_masked_seed43,libero_spatial,765,1000,0.76500000,/e/project1/m3/blank4/code/starVLA/playground/Checkpoints/ervla_k_pi_cam3d_cot05_masked_seed43/results/libero-plus-4k-exact-v1/libero_spatial/overall_results.json
starVLA,libero-plus-4k-exact-v1,ervla_p_causal_pi_masked,libero_10,627,1000,0.62700000,/e/project1/m3/blank4/code/starVLA/playground/Checkpoints/ervla_p_causal_pi_masked/results/libero-plus-4k-exact-v1/overall_results.json
starVLA,libero-plus-4k-exact-v1,ervla_p_causal_pi_masked,libero_goal,653,1000,0.65300000,/e/project1/m3/blank4/code/starVLA/playground/Checkpoints/ervla_p_causal_pi_masked/results/libero-plus-4k-exact-v1/overall_results.json
starVLA,libero-plus-4k-exact-v1,ervla_p_causal_pi_masked,libero_object,801,1000,0.80100000,/e/project1/m3/blank4/code/starVLA/playground/Checkpoints/ervla_p_causal_pi_masked/results/libero-plus-4k-exact-v1/overall_results.json
starVLA,libero-plus-4k-exact-v1,ervla_p_causal_pi_masked,libero_spatial,751,1000,0.75100000,/e/project1/m3/blank4/code/starVLA/playground/Checkpoints/ervla_p_causal_pi_masked/results/libero-plus-4k-exact-v1/overall_results.json
starVLA,libero-plus-4k-exact-v1,ervla_p_causal_pi_masked,libero_10,627,1000,0.62700000,/e/project1/m3/blank4/code/starVLA/playground/Checkpoints/ervla_p_causal_pi_masked/results/libero-plus-4k-exact-v1/libero_10/overall_results.json
starVLA,libero-plus-4k-exact-v1,ervla_p_causal_pi_masked,libero_goal,653,1000,0.65300000,/e/project1/m3/blank4/code/starVLA/playground/Checkpoints/ervla_p_causal_pi_masked/results/libero-plus-4k-exact-v1/libero_goal/overall_results.json
starVLA,libero-plus-4k-exact-v1,ervla_p_causal_pi_masked,libero_object,801,1000,0.80100000,/e/project1/m3/blank4/code/starVLA/playground/Checkpoints/ervla_p_causal_pi_masked/results/libero-plus-4k-exact-v1/libero_object/overall_results.json
starVLA,libero-plus-4k-exact-v1,ervla_p_causal_pi_masked,libero_spatial,751,1000,0.75100000,/e/project1/m3/blank4/code/starVLA/playground/Checkpoints/ervla_p_causal_pi_masked/results/libero-plus-4k-exact-v1/libero_spatial/overall_results.json
starVLA,libero-plus-4k-exact-v1,ervla_u_pi_layerwise_decoder_cot,libero_10,675,1000,0.67500000,/e/project1/m3/blank4/code/starVLA/playground/Checkpoints/ervla_u_pi_layerwise_decoder_cot/results/libero-plus-4k-exact-v1/overall_results.json
starVLA,libero-plus-4k-exact-v1,ervla_u_pi_layerwise_decoder_cot,libero_goal,767,1000,0.76700000,/e/project1/m3/blank4/code/starVLA/playground/Checkpoints/ervla_u_pi_layerwise_decoder_cot/results/libero-plus-4k-exact-v1/overall_results.json
starVLA,libero-plus-4k-exact-v1,ervla_u_pi_layerwise_decoder_cot,libero_object,804,1000,0.80400000,/e/project1/m3/blank4/code/starVLA/playground/Checkpoints/ervla_u_pi_layerwise_decoder_cot/results/libero-plus-4k-exact-v1/overall_results.json
starVLA,libero-plus-4k-exact-v1,ervla_u_pi_layerwise_decoder_cot,libero_spatial,793,1000,0.79300000,/e/project1/m3/blank4/code/starVLA/playground/Checkpoints/ervla_u_pi_layerwise_decoder_cot/results/libero-plus-4k-exact-v1/overall_results.json
starVLA,libero-plus-4k-exact-v1,ervla_u_pi_layerwise_decoder_cot,libero_10,675,1000,0.67500000,/e/project1/m3/blank4/code/starVLA/playground/Checkpoints/ervla_u_pi_layerwise_decoder_cot/results/libero-plus-4k-exact-v1/libero_10/overall_results.json
starVLA,libero-plus-4k-exact-v1,ervla_u_pi_layerwise_decoder_cot,libero_goal,767,1000,0.76700000,/e/project1/m3/blank4/code/starVLA/playground/Checkpoints/ervla_u_pi_layerwise_decoder_cot/results/libero-plus-4k-exact-v1/libero_goal/overall_results.json
starVLA,libero-plus-4k-exact-v1,ervla_u_pi_layerwise_decoder_cot,libero_object,804,1000,0.80400000,/e/project1/m3/blank4/code/starVLA/playground/Checkpoints/ervla_u_pi_layerwise_decoder_cot/results/libero-plus-4k-exact-v1/libero_object/overall_results.json
starVLA,libero-plus-4k-exact-v1,ervla_u_pi_layerwise_decoder_cot,libero_spatial,793,1000,0.79300000,/e/project1/m3/blank4/code/starVLA/playground/Checkpoints/ervla_u_pi_layerwise_decoder_cot/results/libero-plus-4k-exact-v1/libero_spatial/overall_results.json
starVLA,libero-plus-4k-exact-v1,ervla_w_pi_encoder_actiononly,libero_10,690,1000,0.69000000,/e/project1/m3/blank4/code/starVLA/playground/Checkpoints/ervla_w_pi_encoder_actiononly/results/libero-plus-4k-exact-v1/overall_results.json
starVLA,libero-plus-4k-exact-v1,ervla_w_pi_encoder_actiononly,libero_goal,744,1000,0.74400000,/e/project1/m3/blank4/code/starVLA/playground/Checkpoints/ervla_w_pi_encoder_actiononly/results/libero-plus-4k-exact-v1/overall_results.json
starVLA,libero-plus-4k-exact-v1,ervla_w_pi_encoder_actiononly,libero_object,832,1000,0.83200000,/e/project1/m3/blank4/code/starVLA/playground/Checkpoints/ervla_w_pi_encoder_actiononly/results/libero-plus-4k-exact-v1/overall_results.json
starVLA,libero-plus-4k-exact-v1,ervla_w_pi_encoder_actiononly,libero_spatial,791,1000,0.79100000,/e/project1/m3/blank4/code/starVLA/playground/Checkpoints/ervla_w_pi_encoder_actiononly/results/libero-plus-4k-exact-v1/overall_results.json
starVLA,libero-plus-4k-exact-v1,ervla_w_pi_encoder_actiononly,libero_10,690,1000,0.69000000,/e/project1/m3/blank4/code/starVLA/playground/Checkpoints/ervla_w_pi_encoder_actiononly/results/libero-plus-4k-exact-v1/libero_10/overall_results.json
starVLA,libero-plus-4k-exact-v1,ervla_w_pi_encoder_actiononly,libero_goal,744,1000,0.74400000,/e/project1/m3/blank4/code/starVLA/playground/Checkpoints/ervla_w_pi_encoder_actiononly/results/libero-plus-4k-exact-v1/libero_goal/overall_results.json
starVLA,libero-plus-4k-exact-v1,ervla_w_pi_encoder_actiononly,libero_object,832,1000,0.83200000,/e/project1/m3/blank4/code/starVLA/playground/Checkpoints/ervla_w_pi_encoder_actiononly/results/libero-plus-4k-exact-v1/libero_object/overall_results.json
starVLA,libero-plus-4k-exact-v1,ervla_w_pi_encoder_actiononly,libero_spatial,791,1000,0.79100000,/e/project1/m3/blank4/code/starVLA/playground/Checkpoints/ervla_w_pi_encoder_actiononly/results/libero-plus-4k-exact-v1/libero_spatial/overall_results.json
starVLA,libero-plus-maskfix,ervla_k_pi_cam3d_cot05,libero_10,9,64,0.14062500,/e/project1/m3/blank4/code/starVLA/playground/Checkpoints/ervla_k_pi_cam3d_cot05/results/libero-plus-maskfix/overall_results.json
starVLA,libero-plus-maskfix,ervla_k_pi_cam3d_cot05,libero_goal,6,64,0.09375000,/e/project1/m3/blank4/code/starVLA/playground/Checkpoints/ervla_k_pi_cam3d_cot05/results/libero-plus-maskfix/overall_results.json
starVLA,libero-plus-maskfix,ervla_k_pi_cam3d_cot05,libero_object,19,64,0.29687500,/e/project1/m3/blank4/code/starVLA/playground/Checkpoints/ervla_k_pi_cam3d_cot05/results/libero-plus-maskfix/overall_results.json
starVLA,libero-plus-maskfix,ervla_k_pi_cam3d_cot05,libero_spatial,18,64,0.28125000,/e/project1/m3/blank4/code/starVLA/playground/Checkpoints/ervla_k_pi_cam3d_cot05/results/libero-plus-maskfix/overall_results.json
starVLA,libero-plus-maskfix,ervla_k_pi_cam3d_cot05,libero_10,9,64,0.14062500,/e/project1/m3/blank4/code/starVLA/playground/Checkpoints/ervla_k_pi_cam3d_cot05/results/libero-plus-maskfix/libero_10/overall_results.json
starVLA,libero-plus-maskfix,ervla_k_pi_cam3d_cot05,libero_goal,6,64,0.09375000,/e/project1/m3/blank4/code/starVLA/playground/Checkpoints/ervla_k_pi_cam3d_cot05/results/libero-plus-maskfix/libero_goal/overall_results.json
starVLA,libero-plus-maskfix,ervla_k_pi_cam3d_cot05,libero_object,19,64,0.29687500,/e/project1/m3/blank4/code/starVLA/playground/Checkpoints/ervla_k_pi_cam3d_cot05/results/libero-plus-maskfix/libero_object/overall_results.json
starVLA,libero-plus-maskfix,ervla_k_pi_cam3d_cot05,libero_spatial,18,64,0.28125000,/e/project1/m3/blank4/code/starVLA/playground/Checkpoints/ervla_k_pi_cam3d_cot05/results/libero-plus-maskfix/libero_spatial/overall_results.json
starVLA,libero-plus-r2,ervla_z3_pi_w32_anchor_tied_dynamics,libero_10,45,64,0.70312500,/e/project1/m3/blank4/code/starVLA/playground/Checkpoints/ervla_z3_pi_w32_anchor_tied_dynamics/results/libero-plus-r2/overall_results.json
starVLA,libero-plus-r2,ervla_z3_pi_w32_anchor_tied_dynamics,libero_goal,43,64,0.67187500,/e/project1/m3/blank4/code/starVLA/playground/Checkpoints/ervla_z3_pi_w32_anchor_tied_dynamics/results/libero-plus-r2/overall_results.json
starVLA,libero-plus-r2,ervla_z3_pi_w32_anchor_tied_dynamics,libero_object,52,64,0.81250000,/e/project1/m3/blank4/code/starVLA/playground/Checkpoints/ervla_z3_pi_w32_anchor_tied_dynamics/results/libero-plus-r2/overall_results.json
starVLA,libero-plus-r2,ervla_z3_pi_w32_anchor_tied_dynamics,libero_spatial,49,64,0.76562500,/e/project1/m3/blank4/code/starVLA/playground/Checkpoints/ervla_z3_pi_w32_anchor_tied_dynamics/results/libero-plus-r2/overall_results.json
starVLA,libero-plus-r2,ervla_z3_pi_w32_anchor_tied_dynamics,libero_10,45,64,0.70312500,/e/project1/m3/blank4/code/starVLA/playground/Checkpoints/ervla_z3_pi_w32_anchor_tied_dynamics/results/libero-plus-r2/libero_10/overall_results.json
starVLA,libero-plus-r2,ervla_z3_pi_w32_anchor_tied_dynamics,libero_goal,43,64,0.67187500,/e/project1/m3/blank4/code/starVLA/playground/Checkpoints/ervla_z3_pi_w32_anchor_tied_dynamics/results/libero-plus-r2/libero_goal/overall_results.json
starVLA,libero-plus-r2,ervla_z3_pi_w32_anchor_tied_dynamics,libero_object,52,64,0.81250000,/e/project1/m3/blank4/code/starVLA/playground/Checkpoints/ervla_z3_pi_w32_anchor_tied_dynamics/results/libero-plus-r2/libero_object/overall_results.json
starVLA,libero-plus-r2,ervla_z3_pi_w32_anchor_tied_dynamics,libero_spatial,49,64,0.76562500,/e/project1/m3/blank4/code/starVLA/playground/Checkpoints/ervla_z3_pi_w32_anchor_tied_dynamics/results/libero-plus-r2/libero_spatial/overall_results.json
starVLA,libero-plus-retry-clean,ervla_r_pi_split18_base_cot,libero_10,38,64,0.59375000,/e/project1/m3/blank4/code/starVLA/playground/Checkpoints/ervla_r_pi_split18_base_cot/results/libero-plus-retry-clean/overall_results.json
starVLA,libero-plus-retry-clean,ervla_r_pi_split18_base_cot,libero_goal,39,64,0.60937500,/e/project1/m3/blank4/code/starVLA/playground/Checkpoints/ervla_r_pi_split18_base_cot/results/libero-plus-retry-clean/overall_results.json
starVLA,libero-plus-retry-clean,ervla_r_pi_split18_base_cot,libero_object,50,64,0.78125000,/e/project1/m3/blank4/code/starVLA/playground/Checkpoints/ervla_r_pi_split18_base_cot/results/libero-plus-retry-clean/overall_results.json
starVLA,libero-plus-retry-clean,ervla_r_pi_split18_base_cot,libero_spatial,45,64,0.70312500,/e/project1/m3/blank4/code/starVLA/playground/Checkpoints/ervla_r_pi_split18_base_cot/results/libero-plus-retry-clean/overall_results.json
starVLA,libero-plus-retry-clean,ervla_r_pi_split18_base_cot,libero_10,38,64,0.59375000,/e/project1/m3/blank4/code/starVLA/playground/Checkpoints/ervla_r_pi_split18_base_cot/results/libero-plus-retry-clean/libero_10/overall_results.json
starVLA,libero-plus-retry-clean,ervla_r_pi_split18_base_cot,libero_goal,39,64,0.60937500,/e/project1/m3/blank4/code/starVLA/playground/Checkpoints/ervla_r_pi_split18_base_cot/results/libero-plus-retry-clean/libero_goal/overall_results.json
starVLA,libero-plus-retry-clean,ervla_r_pi_split18_base_cot,libero_object,50,64,0.78125000,/e/project1/m3/blank4/code/starVLA/playground/Checkpoints/ervla_r_pi_split18_base_cot/results/libero-plus-retry-clean/libero_object/overall_results.json
starVLA,libero-plus-retry-clean,ervla_r_pi_split18_base_cot,libero_spatial,45,64,0.70312500,/e/project1/m3/blank4/code/starVLA/playground/Checkpoints/ervla_r_pi_split18_base_cot/results/libero-plus-retry-clean/libero_spatial/overall_results.json
starVLA,libero-plus-step10000-sampled256,ervla_k2_pi_cam3d_cot05_pifix_latent32,libero_10,31,64,0.48437500,/e/project1/m3/blank4/code/starVLA/playground/Checkpoints/ervla_k2_pi_cam3d_cot05_pifix_latent32/results/libero-plus-step10000-sampled256/overall_results.json
starVLA,libero-plus-step10000-sampled256,ervla_k2_pi_cam3d_cot05_pifix_latent32,libero_goal,41,64,0.64062500,/e/project1/m3/blank4/code/starVLA/playground/Checkpoints/ervla_k2_pi_cam3d_cot05_pifix_latent32/results/libero-plus-step10000-sampled256/overall_results.json
starVLA,libero-plus-step10000-sampled256,ervla_k2_pi_cam3d_cot05_pifix_latent32,libero_object,46,64,0.71875000,/e/project1/m3/blank4/code/starVLA/playground/Checkpoints/ervla_k2_pi_cam3d_cot05_pifix_latent32/results/libero-plus-step10000-sampled256/overall_results.json
starVLA,libero-plus-step10000-sampled256,ervla_k2_pi_cam3d_cot05_pifix_latent32,libero_spatial,47,64,0.73437500,/e/project1/m3/blank4/code/starVLA/playground/Checkpoints/ervla_k2_pi_cam3d_cot05_pifix_latent32/results/libero-plus-step10000-sampled256/overall_results.json
starVLA,libero-plus-step10000-sampled256,ervla_k2_pi_cam3d_cot05_pifix_latent32,libero_10,31,64,0.48437500,/e/project1/m3/blank4/code/starVLA/playground/Checkpoints/ervla_k2_pi_cam3d_cot05_pifix_latent32/results/libero-plus-step10000-sampled256/libero_10/overall_results.json
starVLA,libero-plus-step10000-sampled256,ervla_k2_pi_cam3d_cot05_pifix_latent32,libero_goal,41,64,0.64062500,/e/project1/m3/blank4/code/starVLA/playground/Checkpoints/ervla_k2_pi_cam3d_cot05_pifix_latent32/results/libero-plus-step10000-sampled256/libero_goal/overall_results.json
starVLA,libero-plus-step10000-sampled256,ervla_k2_pi_cam3d_cot05_pifix_latent32,libero_object,46,64,0.71875000,/e/project1/m3/blank4/code/starVLA/playground/Checkpoints/ervla_k2_pi_cam3d_cot05_pifix_latent32/results/libero-plus-step10000-sampled256/libero_object/overall_results.json
starVLA,libero-plus-step10000-sampled256,ervla_k2_pi_cam3d_cot05_pifix_latent32,libero_spatial,47,64,0.73437500,/e/project1/m3/blank4/code/starVLA/playground/Checkpoints/ervla_k2_pi_cam3d_cot05_pifix_latent32/results/libero-plus-step10000-sampled256/libero_spatial/overall_results.json
starVLA,libero-plus-step10000-sampled256,ervla_k2_pi_cam3d_cot05_pifix_nolatent,libero_10,30,64,0.46875000,/e/project1/m3/blank4/code/starVLA/playground/Checkpoints/ervla_k2_pi_cam3d_cot05_pifix_nolatent/results/libero-plus-step10000-sampled256/overall_results.json
starVLA,libero-plus-step10000-sampled256,ervla_k2_pi_cam3d_cot05_pifix_nolatent,libero_goal,42,64,0.65625000,/e/project1/m3/blank4/code/starVLA/playground/Checkpoints/ervla_k2_pi_cam3d_cot05_pifix_nolatent/results/libero-plus-step10000-sampled256/overall_results.json
starVLA,libero-plus-step10000-sampled256,ervla_k2_pi_cam3d_cot05_pifix_nolatent,libero_object,47,64,0.73437500,/e/project1/m3/blank4/code/starVLA/playground/Checkpoints/ervla_k2_pi_cam3d_cot05_pifix_nolatent/results/libero-plus-step10000-sampled256/overall_results.json
starVLA,libero-plus-step10000-sampled256,ervla_k2_pi_cam3d_cot05_pifix_nolatent,libero_spatial,50,64,0.78125000,/e/project1/m3/blank4/code/starVLA/playground/Checkpoints/ervla_k2_pi_cam3d_cot05_pifix_nolatent/results/libero-plus-step10000-sampled256/overall_results.json
starVLA,libero-plus-step10000-sampled256,ervla_k2_pi_cam3d_cot05_pifix_nolatent,libero_10,30,64,0.46875000,/e/project1/m3/blank4/code/starVLA/playground/Checkpoints/ervla_k2_pi_cam3d_cot05_pifix_nolatent/results/libero-plus-step10000-sampled256/libero_10/overall_results.json
starVLA,libero-plus-step10000-sampled256,ervla_k2_pi_cam3d_cot05_pifix_nolatent,libero_goal,42,64,0.65625000,/e/project1/m3/blank4/code/starVLA/playground/Checkpoints/ervla_k2_pi_cam3d_cot05_pifix_nolatent/results/libero-plus-step10000-sampled256/libero_goal/overall_results.json
starVLA,libero-plus-step10000-sampled256,ervla_k2_pi_cam3d_cot05_pifix_nolatent,libero_object,47,64,0.73437500,/e/project1/m3/blank4/code/starVLA/playground/Checkpoints/ervla_k2_pi_cam3d_cot05_pifix_nolatent/results/libero-plus-step10000-sampled256/libero_object/overall_results.json
starVLA,libero-plus-step10000-sampled256,ervla_k2_pi_cam3d_cot05_pifix_nolatent,libero_spatial,50,64,0.78125000,/e/project1/m3/blank4/code/starVLA/playground/Checkpoints/ervla_k2_pi_cam3d_cot05_pifix_nolatent/results/libero-plus-step10000-sampled256/libero_spatial/overall_results.json
starVLA,libero-plus-step10000-sampled256,ervla_w2_pi_encoder_actiononly_pifix_latent32,libero_10,29,64,0.45312500,/e/project1/m3/blank4/code/starVLA/playground/Checkpoints/ervla_w2_pi_encoder_actiononly_pifix_latent32/results/libero-plus-step10000-sampled256/overall_results.json
starVLA,libero-plus-step10000-sampled256,ervla_w2_pi_encoder_actiononly_pifix_latent32,libero_goal,44,64,0.68750000,/e/project1/m3/blank4/code/starVLA/playground/Checkpoints/ervla_w2_pi_encoder_actiononly_pifix_latent32/results/libero-plus-step10000-sampled256/overall_results.json
starVLA,libero-plus-step10000-sampled256,ervla_w2_pi_encoder_actiononly_pifix_latent32,libero_object,48,64,0.75000000,/e/project1/m3/blank4/code/starVLA/playground/Checkpoints/ervla_w2_pi_encoder_actiononly_pifix_latent32/results/libero-plus-step10000-sampled256/overall_results.json
starVLA,libero-plus-step10000-sampled256,ervla_w2_pi_encoder_actiononly_pifix_latent32,libero_spatial,44,64,0.68750000,/e/project1/m3/blank4/code/starVLA/playground/Checkpoints/ervla_w2_pi_encoder_actiononly_pifix_latent32/results/libero-plus-step10000-sampled256/overall_results.json
starVLA,libero-plus-step10000-sampled256,ervla_w2_pi_encoder_actiononly_pifix_latent32,libero_10,29,64,0.45312500,/e/project1/m3/blank4/code/starVLA/playground/Checkpoints/ervla_w2_pi_encoder_actiononly_pifix_latent32/results/libero-plus-step10000-sampled256/libero_10/overall_results.json
starVLA,libero-plus-step10000-sampled256,ervla_w2_pi_encoder_actiononly_pifix_latent32,libero_goal,44,64,0.68750000,/e/project1/m3/blank4/code/starVLA/playground/Checkpoints/ervla_w2_pi_encoder_actiononly_pifix_latent32/results/libero-plus-step10000-sampled256/libero_goal/overall_results.json
starVLA,libero-plus-step10000-sampled256,ervla_w2_pi_encoder_actiononly_pifix_latent32,libero_object,48,64,0.75000000,/e/project1/m3/blank4/code/starVLA/playground/Checkpoints/ervla_w2_pi_encoder_actiononly_pifix_latent32/results/libero-plus-step10000-sampled256/libero_object/overall_results.json
starVLA,libero-plus-step10000-sampled256,ervla_w2_pi_encoder_actiononly_pifix_latent32,libero_spatial,44,64,0.68750000,/e/project1/m3/blank4/code/starVLA/playground/Checkpoints/ervla_w2_pi_encoder_actiononly_pifix_latent32/results/libero-plus-step10000-sampled256/libero_spatial/overall_results.json
starVLA,libero-plus-step10000-sampled256,ervla_w2_pi_encoder_actiononly_pifix_nolatent,libero_10,39,64,0.60937500,/e/project1/m3/blank4/code/starVLA/playground/Checkpoints/ervla_w2_pi_encoder_actiononly_pifix_nolatent/results/libero-plus-step10000-sampled256/overall_results.json
starVLA,libero-plus-step10000-sampled256,ervla_w2_pi_encoder_actiononly_pifix_nolatent,libero_goal,43,64,0.67187500,/e/project1/m3/blank4/code/starVLA/playground/Checkpoints/ervla_w2_pi_encoder_actiononly_pifix_nolatent/results/libero-plus-step10000-sampled256/overall_results.json
starVLA,libero-plus-step10000-sampled256,ervla_w2_pi_encoder_actiononly_pifix_nolatent,libero_object,52,64,0.81250000,/e/project1/m3/blank4/code/starVLA/playground/Checkpoints/ervla_w2_pi_encoder_actiononly_pifix_nolatent/results/libero-plus-step10000-sampled256/overall_results.json
starVLA,libero-plus-step10000-sampled256,ervla_w2_pi_encoder_actiononly_pifix_nolatent,libero_spatial,50,64,0.78125000,/e/project1/m3/blank4/code/starVLA/playground/Checkpoints/ervla_w2_pi_encoder_actiononly_pifix_nolatent/results/libero-plus-step10000-sampled256/overall_results.json
starVLA,libero-plus-step10000-sampled256,ervla_w2_pi_encoder_actiononly_pifix_nolatent,libero_10,39,64,0.60937500,/e/project1/m3/blank4/code/starVLA/playground/Checkpoints/ervla_w2_pi_encoder_actiononly_pifix_nolatent/results/libero-plus-step10000-sampled256/libero_10/overall_results.json
starVLA,libero-plus-step10000-sampled256,ervla_w2_pi_encoder_actiononly_pifix_nolatent,libero_goal,43,64,0.67187500,/e/project1/m3/blank4/code/starVLA/playground/Checkpoints/ervla_w2_pi_encoder_actiononly_pifix_nolatent/results/libero-plus-step10000-sampled256/libero_goal/overall_results.json
starVLA,libero-plus-step10000-sampled256,ervla_w2_pi_encoder_actiononly_pifix_nolatent,libero_object,52,64,0.81250000,/e/project1/m3/blank4/code/starVLA/playground/Checkpoints/ervla_w2_pi_encoder_actiononly_pifix_nolatent/results/libero-plus-step10000-sampled256/libero_object/overall_results.json
starVLA,libero-plus-step10000-sampled256,ervla_w2_pi_encoder_actiononly_pifix_nolatent,libero_spatial,50,64,0.78125000,/e/project1/m3/blank4/code/starVLA/playground/Checkpoints/ervla_w2_pi_encoder_actiononly_pifix_nolatent/results/libero-plus-step10000-sampled256/libero_spatial/overall_results.json
starVLA,libero-plus-step10000-sampled256,ervla_y2_pi_k_structaux15_cot,libero_10,40,64,0.62500000,/e/project1/m3/blank4/code/starVLA/playground/Checkpoints/ervla_y2_pi_k_structaux15_cot/results/libero-plus-step10000-sampled256/overall_results.json
starVLA,libero-plus-step10000-sampled256,ervla_y2_pi_k_structaux15_cot,libero_goal,47,64,0.73437500,/e/project1/m3/blank4/code/starVLA/playground/Checkpoints/ervla_y2_pi_k_structaux15_cot/results/libero-plus-step10000-sampled256/overall_results.json
starVLA,libero-plus-step10000-sampled256,ervla_y2_pi_k_structaux15_cot,libero_object,50,64,0.78125000,/e/project1/m3/blank4/code/starVLA/playground/Checkpoints/ervla_y2_pi_k_structaux15_cot/results/libero-plus-step10000-sampled256/overall_results.json
starVLA,libero-plus-step10000-sampled256,ervla_y2_pi_k_structaux15_cot,libero_spatial,42,64,0.65625000,/e/project1/m3/blank4/code/starVLA/playground/Checkpoints/ervla_y2_pi_k_structaux15_cot/results/libero-plus-step10000-sampled256/overall_results.json
starVLA,libero-plus-step10000-sampled256,ervla_y2_pi_k_structaux15_cot,libero_10,40,64,0.62500000,/e/project1/m3/blank4/code/starVLA/playground/Checkpoints/ervla_y2_pi_k_structaux15_cot/results/libero-plus-step10000-sampled256/libero_10/overall_results.json
starVLA,libero-plus-step10000-sampled256,ervla_y2_pi_k_structaux15_cot,libero_goal,47,64,0.73437500,/e/project1/m3/blank4/code/starVLA/playground/Checkpoints/ervla_y2_pi_k_structaux15_cot/results/libero-plus-step10000-sampled256/libero_goal/overall_results.json
starVLA,libero-plus-step10000-sampled256,ervla_y2_pi_k_structaux15_cot,libero_object,50,64,0.78125000,/e/project1/m3/blank4/code/starVLA/playground/Checkpoints/ervla_y2_pi_k_structaux15_cot/results/libero-plus-step10000-sampled256/libero_object/overall_results.json
starVLA,libero-plus-step10000-sampled256,ervla_y2_pi_k_structaux15_cot,libero_spatial,42,64,0.65625000,/e/project1/m3/blank4/code/starVLA/playground/Checkpoints/ervla_y2_pi_k_structaux15_cot/results/libero-plus-step10000-sampled256/libero_spatial/overall_results.json
starVLA,libero-plus_attempts_1576237_1602118_1602165,ervla_h_enc_choice_cam3d,libero_10,58,84,0.69047619,/e/project1/m3/blank4/code/starVLA/playground/Checkpoints/ervla_h_enc_choice_cam3d/results/libero-plus_attempts_1576237_1602118_1602165/libero_10/overall_results.json
starVLA,libero-plus_attempts_1584473_1602121_1602167,ervla_j_dec_choice_staged_cam3d,libero_10,68,97,0.70103093,/e/project1/m3/blank4/code/starVLA/playground/Checkpoints/ervla_j_dec_choice_staged_cam3d/results/libero-plus_attempts_1584473_1602121_1602167/libero_10/overall_results.json
starVLA,libero-r2,ervla_z3_pi_w32_anchor_tied_dynamics,libero_10,90,100,0.90000000,/e/project1/m3/blank4/code/starVLA/playground/Checkpoints/ervla_z3_pi_w32_anchor_tied_dynamics/results/libero-r2/overall_results.json
starVLA,libero-r2,ervla_z3_pi_w32_anchor_tied_dynamics,libero_goal,100,100,1.00000000,/e/project1/m3/blank4/code/starVLA/playground/Checkpoints/ervla_z3_pi_w32_anchor_tied_dynamics/results/libero-r2/overall_results.json
starVLA,libero-r2,ervla_z3_pi_w32_anchor_tied_dynamics,libero_object,100,100,1.00000000,/e/project1/m3/blank4/code/starVLA/playground/Checkpoints/ervla_z3_pi_w32_anchor_tied_dynamics/results/libero-r2/overall_results.json
starVLA,libero-r2,ervla_z3_pi_w32_anchor_tied_dynamics,libero_spatial,93,100,0.93000000,/e/project1/m3/blank4/code/starVLA/playground/Checkpoints/ervla_z3_pi_w32_anchor_tied_dynamics/results/libero-r2/overall_results.json
starVLA,libero-step10000,ervla_k2_pi_cam3d_cot05_pifix_latent32,libero_10,69,100,0.69000000,/e/project1/m3/blank4/code/starVLA/playground/Checkpoints/ervla_k2_pi_cam3d_cot05_pifix_latent32/results/libero-step10000/overall_results.json
starVLA,libero-step10000,ervla_k2_pi_cam3d_cot05_pifix_latent32,libero_goal,85,100,0.85000000,/e/project1/m3/blank4/code/starVLA/playground/Checkpoints/ervla_k2_pi_cam3d_cot05_pifix_latent32/results/libero-step10000/overall_results.json
starVLA,libero-step10000,ervla_k2_pi_cam3d_cot05_pifix_latent32,libero_object,92,100,0.92000000,/e/project1/m3/blank4/code/starVLA/playground/Checkpoints/ervla_k2_pi_cam3d_cot05_pifix_latent32/results/libero-step10000/overall_results.json
starVLA,libero-step10000,ervla_k2_pi_cam3d_cot05_pifix_latent32,libero_spatial,94,100,0.94000000,/e/project1/m3/blank4/code/starVLA/playground/Checkpoints/ervla_k2_pi_cam3d_cot05_pifix_latent32/results/libero-step10000/overall_results.json
starVLA,libero-step10000,ervla_k2_pi_cam3d_cot05_pifix_nolatent,libero_10,66,100,0.66000000,/e/project1/m3/blank4/code/starVLA/playground/Checkpoints/ervla_k2_pi_cam3d_cot05_pifix_nolatent/results/libero-step10000/overall_results.json
starVLA,libero-step10000,ervla_k2_pi_cam3d_cot05_pifix_nolatent,libero_goal,91,100,0.91000000,/e/project1/m3/blank4/code/starVLA/playground/Checkpoints/ervla_k2_pi_cam3d_cot05_pifix_nolatent/results/libero-step10000/overall_results.json
starVLA,libero-step10000,ervla_k2_pi_cam3d_cot05_pifix_nolatent,libero_object,98,100,0.98000000,/e/project1/m3/blank4/code/starVLA/playground/Checkpoints/ervla_k2_pi_cam3d_cot05_pifix_nolatent/results/libero-step10000/overall_results.json
starVLA,libero-step10000,ervla_k2_pi_cam3d_cot05_pifix_nolatent,libero_spatial,94,100,0.94000000,/e/project1/m3/blank4/code/starVLA/playground/Checkpoints/ervla_k2_pi_cam3d_cot05_pifix_nolatent/results/libero-step10000/overall_results.json
starVLA,libero-step10000,ervla_w2_pi_encoder_actiononly_pifix_latent32,libero_10,72,100,0.72000000,/e/project1/m3/blank4/code/starVLA/playground/Checkpoints/ervla_w2_pi_encoder_actiononly_pifix_latent32/results/libero-step10000/overall_results.json
starVLA,libero-step10000,ervla_w2_pi_encoder_actiononly_pifix_latent32,libero_goal,82,100,0.82000000,/e/project1/m3/blank4/code/starVLA/playground/Checkpoints/ervla_w2_pi_encoder_actiononly_pifix_latent32/results/libero-step10000/overall_results.json
starVLA,libero-step10000,ervla_w2_pi_encoder_actiononly_pifix_latent32,libero_object,98,100,0.98000000,/e/project1/m3/blank4/code/starVLA/playground/Checkpoints/ervla_w2_pi_encoder_actiononly_pifix_latent32/results/libero-step10000/overall_results.json
starVLA,libero-step10000,ervla_w2_pi_encoder_actiononly_pifix_latent32,libero_spatial,88,100,0.88000000,/e/project1/m3/blank4/code/starVLA/playground/Checkpoints/ervla_w2_pi_encoder_actiononly_pifix_latent32/results/libero-step10000/overall_results.json
starVLA,libero-step10000,ervla_w2_pi_encoder_actiononly_pifix_nolatent,libero_10,80,100,0.80000000,/e/project1/m3/blank4/code/starVLA/playground/Checkpoints/ervla_w2_pi_encoder_actiononly_pifix_nolatent/results/libero-step10000/overall_results.json
starVLA,libero-step10000,ervla_w2_pi_encoder_actiononly_pifix_nolatent,libero_goal,92,100,0.92000000,/e/project1/m3/blank4/code/starVLA/playground/Checkpoints/ervla_w2_pi_encoder_actiononly_pifix_nolatent/results/libero-step10000/overall_results.json
starVLA,libero-step10000,ervla_w2_pi_encoder_actiononly_pifix_nolatent,libero_object,98,100,0.98000000,/e/project1/m3/blank4/code/starVLA/playground/Checkpoints/ervla_w2_pi_encoder_actiononly_pifix_nolatent/results/libero-step10000/overall_results.json
starVLA,libero-step10000,ervla_w2_pi_encoder_actiononly_pifix_nolatent,libero_spatial,89,100,0.89000000,/e/project1/m3/blank4/code/starVLA/playground/Checkpoints/ervla_w2_pi_encoder_actiononly_pifix_nolatent/results/libero-step10000/overall_results.json
starVLA,libero-step10000,ervla_y2_pi_k_structaux15_cot,libero_10,85,100,0.85000000,/e/project1/m3/blank4/code/starVLA/playground/Checkpoints/ervla_y2_pi_k_structaux15_cot/results/libero-step10000/overall_results.json
starVLA,libero-step10000,ervla_y2_pi_k_structaux15_cot,libero_goal,97,100,0.97000000,/e/project1/m3/blank4/code/starVLA/playground/Checkpoints/ervla_y2_pi_k_structaux15_cot/results/libero-step10000/overall_results.json
starVLA,libero-step10000,ervla_y2_pi_k_structaux15_cot,libero_object,98,100,0.98000000,/e/project1/m3/blank4/code/starVLA/playground/Checkpoints/ervla_y2_pi_k_structaux15_cot/results/libero-step10000/overall_results.json
starVLA,libero-step10000,ervla_y2_pi_k_structaux15_cot,libero_spatial,98,100,0.98000000,/e/project1/m3/blank4/code/starVLA/playground/Checkpoints/ervla_y2_pi_k_structaux15_cot/results/libero-step10000/overall_results.json
starVLA,libero-step20000-numeric-v1,ervla_pi_projected_numeric_correct,libero_10,93,100,0.93000000,/e/project1/m3/blank4/code/starVLA/playground/Checkpoints/ervla_pi_projected_numeric_correct/results/libero-step20000-numeric-v1/overall_results.json
starVLA,libero-step20000-numeric-v1,ervla_pi_projected_numeric_correct,libero_goal,94,100,0.94000000,/e/project1/m3/blank4/code/starVLA/playground/Checkpoints/ervla_pi_projected_numeric_correct/results/libero-step20000-numeric-v1/overall_results.json
starVLA,libero-step20000-numeric-v1,ervla_pi_projected_numeric_correct,libero_object,99,100,0.99000000,/e/project1/m3/blank4/code/starVLA/playground/Checkpoints/ervla_pi_projected_numeric_correct/results/libero-step20000-numeric-v1/overall_results.json
starVLA,libero-step20000-numeric-v1,ervla_pi_projected_numeric_correct,libero_spatial,96,100,0.96000000,/e/project1/m3/blank4/code/starVLA/playground/Checkpoints/ervla_pi_projected_numeric_correct/results/libero-step20000-numeric-v1/overall_results.json
starVLA,libero-step20000-numeric-v1,ervla_pi_projected_numeric_noaux,libero_10,91,100,0.91000000,/e/project1/m3/blank4/code/starVLA/playground/Checkpoints/ervla_pi_projected_numeric_noaux/results/libero-step20000-numeric-v1/overall_results.json
starVLA,libero-step20000-numeric-v1,ervla_pi_projected_numeric_noaux,libero_goal,95,100,0.95000000,/e/project1/m3/blank4/code/starVLA/playground/Checkpoints/ervla_pi_projected_numeric_noaux/results/libero-step20000-numeric-v1/overall_results.json
starVLA,libero-step20000-numeric-v1,ervla_pi_projected_numeric_noaux,libero_object,100,100,1.00000000,/e/project1/m3/blank4/code/starVLA/playground/Checkpoints/ervla_pi_projected_numeric_noaux/results/libero-step20000-numeric-v1/overall_results.json
starVLA,libero-step20000-numeric-v1,ervla_pi_projected_numeric_noaux,libero_spatial,97,100,0.97000000,/e/project1/m3/blank4/code/starVLA/playground/Checkpoints/ervla_pi_projected_numeric_noaux/results/libero-step20000-numeric-v1/overall_results.json
starVLA,libero-step20000-numeric-v1,ervla_pi_projected_numeric_shuffled,libero_10,89,100,0.89000000,/e/project1/m3/blank4/code/starVLA/playground/Checkpoints/ervla_pi_projected_numeric_shuffled/results/libero-step20000-numeric-v1/overall_results.json
starVLA,libero-step20000-numeric-v1,ervla_pi_projected_numeric_shuffled,libero_goal,100,100,1.00000000,/e/project1/m3/blank4/code/starVLA/playground/Checkpoints/ervla_pi_projected_numeric_shuffled/results/libero-step20000-numeric-v1/overall_results.json
starVLA,libero-step20000-numeric-v1,ervla_pi_projected_numeric_shuffled,libero_object,98,100,0.98000000,/e/project1/m3/blank4/code/starVLA/playground/Checkpoints/ervla_pi_projected_numeric_shuffled/results/libero-step20000-numeric-v1/overall_results.json
starVLA,libero-step20000-numeric-v1,ervla_pi_projected_numeric_shuffled,libero_spatial,95,100,0.95000000,/e/project1/m3/blank4/code/starVLA/playground/Checkpoints/ervla_pi_projected_numeric_shuffled/results/libero-step20000-numeric-v1/overall_results.json
starVLA,login-smoke-libero-object-clean,libero_qwen08b_oft_cot_trace_ours_ft,libero_object,9,10,0.90000000,/e/project1/m3/blank4/code/starVLA/playground/Checkpoints/libero_qwen08b_oft_cot_trace_ours_ft/results/login-smoke-libero-object-clean/overall_results.json
starVLA,login-smoke-libero-object-source-target-4cm,libero_qwen08b_oft_cot_trace_ours_ft,libero_object,5,10,0.50000000,/e/project1/m3/blank4/code/starVLA/playground/Checkpoints/libero_qwen08b_oft_cot_trace_ours_ft/results/login-smoke-libero-object-source-target-4cm/overall_results.json
starVLA,login-smoke-libero-object-source-target-6cm,libero_qwen08b_oft_cot_trace_ours_ft,libero_object,1,10,0.10000000,/e/project1/m3/blank4/code/starVLA/playground/Checkpoints/libero_qwen08b_oft_cot_trace_ours_ft/results/login-smoke-libero-object-source-target-6cm/overall_results.json
starVLA,mlm-numeric-paired-v1,ervla_mlm_pi_encoder_cam3d_slotdrop15_nolabeldrop_noditdrop,libero_10,94,100,0.94000000,/e/project1/m3/blank4/code/starVLA/playground/Checkpoints/ervla_mlm_pi_encoder_cam3d_slotdrop15_nolabeldrop_noditdrop/results/mlm-numeric-paired-v1/libero/baseline/overall_results.json
starVLA,mlm-numeric-paired-v1,ervla_mlm_pi_encoder_cam3d_slotdrop15_nolabeldrop_noditdrop,libero_goal,97,100,0.97000000,/e/project1/m3/blank4/code/starVLA/playground/Checkpoints/ervla_mlm_pi_encoder_cam3d_slotdrop15_nolabeldrop_noditdrop/results/mlm-numeric-paired-v1/libero/baseline/overall_results.json
starVLA,mlm-numeric-paired-v1,ervla_mlm_pi_encoder_cam3d_slotdrop15_nolabeldrop_noditdrop,libero_object,98,100,0.98000000,/e/project1/m3/blank4/code/starVLA/playground/Checkpoints/ervla_mlm_pi_encoder_cam3d_slotdrop15_nolabeldrop_noditdrop/results/mlm-numeric-paired-v1/libero/baseline/overall_results.json
starVLA,mlm-numeric-paired-v1,ervla_mlm_pi_encoder_cam3d_slotdrop15_nolabeldrop_noditdrop,libero_spatial,94,100,0.94000000,/e/project1/m3/blank4/code/starVLA/playground/Checkpoints/ervla_mlm_pi_encoder_cam3d_slotdrop15_nolabeldrop_noditdrop/results/mlm-numeric-paired-v1/libero/baseline/overall_results.json
starVLA,mlm-numeric-paired-v1,ervla_mlm_pi_encoder_cam3d_slotdrop15_nolabeldrop_noditdrop,libero_10,90,100,0.90000000,/e/project1/m3/blank4/code/starVLA/playground/Checkpoints/ervla_mlm_pi_encoder_cam3d_slotdrop15_nolabeldrop_noditdrop/results/mlm-numeric-paired-v1/libero/numeric/overall_results.json
starVLA,mlm-numeric-paired-v1,ervla_mlm_pi_encoder_cam3d_slotdrop15_nolabeldrop_noditdrop,libero_goal,98,100,0.98000000,/e/project1/m3/blank4/code/starVLA/playground/Checkpoints/ervla_mlm_pi_encoder_cam3d_slotdrop15_nolabeldrop_noditdrop/results/mlm-numeric-paired-v1/libero/numeric/overall_results.json
starVLA,mlm-numeric-paired-v1,ervla_mlm_pi_encoder_cam3d_slotdrop15_nolabeldrop_noditdrop,libero_object,100,100,1.00000000,/e/project1/m3/blank4/code/starVLA/playground/Checkpoints/ervla_mlm_pi_encoder_cam3d_slotdrop15_nolabeldrop_noditdrop/results/mlm-numeric-paired-v1/libero/numeric/overall_results.json
starVLA,mlm-numeric-paired-v1,ervla_mlm_pi_encoder_cam3d_slotdrop15_nolabeldrop_noditdrop,libero_spatial,98,100,0.98000000,/e/project1/m3/blank4/code/starVLA/playground/Checkpoints/ervla_mlm_pi_encoder_cam3d_slotdrop15_nolabeldrop_noditdrop/results/mlm-numeric-paired-v1/libero/numeric/overall_results.json
starVLA,mlm-numeric-paired-v1,ervla_mlm_pi_encoder_cam3d_slotdrop15_nolabeldrop_noditdrop,libero_10,89,100,0.89000000,/e/project1/m3/blank4/code/starVLA/playground/Checkpoints/ervla_mlm_pi_encoder_cam3d_slotdrop15_nolabeldrop_noditdrop/results/mlm-numeric-paired-v1/libero/random_energy/overall_results.json
starVLA,mlm-numeric-paired-v1,ervla_mlm_pi_encoder_cam3d_slotdrop15_nolabeldrop_noditdrop,libero_goal,96,100,0.96000000,/e/project1/m3/blank4/code/starVLA/playground/Checkpoints/ervla_mlm_pi_encoder_cam3d_slotdrop15_nolabeldrop_noditdrop/results/mlm-numeric-paired-v1/libero/random_energy/overall_results.json
starVLA,mlm-numeric-paired-v1,ervla_mlm_pi_encoder_cam3d_slotdrop15_nolabeldrop_noditdrop,libero_object,97,100,0.97000000,/e/project1/m3/blank4/code/starVLA/playground/Checkpoints/ervla_mlm_pi_encoder_cam3d_slotdrop15_nolabeldrop_noditdrop/results/mlm-numeric-paired-v1/libero/random_energy/overall_results.json
starVLA,mlm-numeric-paired-v1,ervla_mlm_pi_encoder_cam3d_slotdrop15_nolabeldrop_noditdrop,libero_spatial,97,100,0.97000000,/e/project1/m3/blank4/code/starVLA/playground/Checkpoints/ervla_mlm_pi_encoder_cam3d_slotdrop15_nolabeldrop_noditdrop/results/mlm-numeric-paired-v1/libero/random_energy/overall_results.json
starVLA,mlm-numeric-paired-v1,ervla_mlm_pi_encoder_cam3d_slotdrop15_nolabeldrop_noditdrop,libero_10,628,1000,0.62800000,/e/project1/m3/blank4/code/starVLA/playground/Checkpoints/ervla_mlm_pi_encoder_cam3d_slotdrop15_nolabeldrop_noditdrop/results/mlm-numeric-paired-v1/plus/baseline/overall_results.json
starVLA,mlm-numeric-paired-v1,ervla_mlm_pi_encoder_cam3d_slotdrop15_nolabeldrop_noditdrop,libero_goal,657,1000,0.65700000,/e/project1/m3/blank4/code/starVLA/playground/Checkpoints/ervla_mlm_pi_encoder_cam3d_slotdrop15_nolabeldrop_noditdrop/results/mlm-numeric-paired-v1/plus/baseline/overall_results.json
starVLA,mlm-numeric-paired-v1,ervla_mlm_pi_encoder_cam3d_slotdrop15_nolabeldrop_noditdrop,libero_object,774,1000,0.77400000,/e/project1/m3/blank4/code/starVLA/playground/Checkpoints/ervla_mlm_pi_encoder_cam3d_slotdrop15_nolabeldrop_noditdrop/results/mlm-numeric-paired-v1/plus/baseline/overall_results.json
starVLA,mlm-numeric-paired-v1,ervla_mlm_pi_encoder_cam3d_slotdrop15_nolabeldrop_noditdrop,libero_spatial,718,1000,0.71800000,/e/project1/m3/blank4/code/starVLA/playground/Checkpoints/ervla_mlm_pi_encoder_cam3d_slotdrop15_nolabeldrop_noditdrop/results/mlm-numeric-paired-v1/plus/baseline/overall_results.json
starVLA,mlm-numeric-paired-v1,ervla_mlm_pi_encoder_cam3d_slotdrop15_nolabeldrop_noditdrop,libero_10,628,1000,0.62800000,/e/project1/m3/blank4/code/starVLA/playground/Checkpoints/ervla_mlm_pi_encoder_cam3d_slotdrop15_nolabeldrop_noditdrop/results/mlm-numeric-paired-v1/plus/baseline/libero_10/overall_results.json
starVLA,mlm-numeric-paired-v1,ervla_mlm_pi_encoder_cam3d_slotdrop15_nolabeldrop_noditdrop,libero_goal,657,1000,0.65700000,/e/project1/m3/blank4/code/starVLA/playground/Checkpoints/ervla_mlm_pi_encoder_cam3d_slotdrop15_nolabeldrop_noditdrop/results/mlm-numeric-paired-v1/plus/baseline/libero_goal/overall_results.json
starVLA,mlm-numeric-paired-v1,ervla_mlm_pi_encoder_cam3d_slotdrop15_nolabeldrop_noditdrop,libero_object,774,1000,0.77400000,/e/project1/m3/blank4/code/starVLA/playground/Checkpoints/ervla_mlm_pi_encoder_cam3d_slotdrop15_nolabeldrop_noditdrop/results/mlm-numeric-paired-v1/plus/baseline/libero_object/overall_results.json
starVLA,mlm-numeric-paired-v1,ervla_mlm_pi_encoder_cam3d_slotdrop15_nolabeldrop_noditdrop,libero_spatial,718,1000,0.71800000,/e/project1/m3/blank4/code/starVLA/playground/Checkpoints/ervla_mlm_pi_encoder_cam3d_slotdrop15_nolabeldrop_noditdrop/results/mlm-numeric-paired-v1/plus/baseline/libero_spatial/overall_results.json
starVLA,mlm-numeric-paired-v1,ervla_mlm_pi_encoder_cam3d_slotdrop15_nolabeldrop_noditdrop,libero_10,638,1000,0.63800000,/e/project1/m3/blank4/code/starVLA/playground/Checkpoints/ervla_mlm_pi_encoder_cam3d_slotdrop15_nolabeldrop_noditdrop/results/mlm-numeric-paired-v1/plus/numeric/overall_results.json
starVLA,mlm-numeric-paired-v1,ervla_mlm_pi_encoder_cam3d_slotdrop15_nolabeldrop_noditdrop,libero_goal,656,1000,0.65600000,/e/project1/m3/blank4/code/starVLA/playground/Checkpoints/ervla_mlm_pi_encoder_cam3d_slotdrop15_nolabeldrop_noditdrop/results/mlm-numeric-paired-v1/plus/numeric/overall_results.json
starVLA,mlm-numeric-paired-v1,ervla_mlm_pi_encoder_cam3d_slotdrop15_nolabeldrop_noditdrop,libero_object,782,1000,0.78200000,/e/project1/m3/blank4/code/starVLA/playground/Checkpoints/ervla_mlm_pi_encoder_cam3d_slotdrop15_nolabeldrop_noditdrop/results/mlm-numeric-paired-v1/plus/numeric/overall_results.json
starVLA,mlm-numeric-paired-v1,ervla_mlm_pi_encoder_cam3d_slotdrop15_nolabeldrop_noditdrop,libero_spatial,719,1000,0.71900000,/e/project1/m3/blank4/code/starVLA/playground/Checkpoints/ervla_mlm_pi_encoder_cam3d_slotdrop15_nolabeldrop_noditdrop/results/mlm-numeric-paired-v1/plus/numeric/overall_results.json
starVLA,mlm-numeric-paired-v1,ervla_mlm_pi_encoder_cam3d_slotdrop15_nolabeldrop_noditdrop,libero_10,638,1000,0.63800000,/e/project1/m3/blank4/code/starVLA/playground/Checkpoints/ervla_mlm_pi_encoder_cam3d_slotdrop15_nolabeldrop_noditdrop/results/mlm-numeric-paired-v1/plus/numeric/libero_10/overall_results.json
starVLA,mlm-numeric-paired-v1,ervla_mlm_pi_encoder_cam3d_slotdrop15_nolabeldrop_noditdrop,libero_goal,656,1000,0.65600000,/e/project1/m3/blank4/code/starVLA/playground/Checkpoints/ervla_mlm_pi_encoder_cam3d_slotdrop15_nolabeldrop_noditdrop/results/mlm-numeric-paired-v1/plus/numeric/libero_goal/overall_results.json
starVLA,mlm-numeric-paired-v1,ervla_mlm_pi_encoder_cam3d_slotdrop15_nolabeldrop_noditdrop,libero_object,782,1000,0.78200000,/e/project1/m3/blank4/code/starVLA/playground/Checkpoints/ervla_mlm_pi_encoder_cam3d_slotdrop15_nolabeldrop_noditdrop/results/mlm-numeric-paired-v1/plus/numeric/libero_object/overall_results.json
starVLA,mlm-numeric-paired-v1,ervla_mlm_pi_encoder_cam3d_slotdrop15_nolabeldrop_noditdrop,libero_spatial,719,1000,0.71900000,/e/project1/m3/blank4/code/starVLA/playground/Checkpoints/ervla_mlm_pi_encoder_cam3d_slotdrop15_nolabeldrop_noditdrop/results/mlm-numeric-paired-v1/plus/numeric/libero_spatial/overall_results.json
starVLA,projected-numeric-paired-1703820,ervla_pi_projected_numeric_correct,libero_10,92,100,0.92000000,/e/project1/m3/blank4/code/starVLA/playground/Checkpoints/ervla_pi_projected_numeric_correct/results/projected-numeric-paired-1703820/libero/baseline/overall_results.json
starVLA,projected-numeric-paired-1703820,ervla_pi_projected_numeric_correct,libero_goal,98,100,0.98000000,/e/project1/m3/blank4/code/starVLA/playground/Checkpoints/ervla_pi_projected_numeric_correct/results/projected-numeric-paired-1703820/libero/baseline/overall_results.json
starVLA,projected-numeric-paired-1703820,ervla_pi_projected_numeric_correct,libero_object,100,100,1.00000000,/e/project1/m3/blank4/code/starVLA/playground/Checkpoints/ervla_pi_projected_numeric_correct/results/projected-numeric-paired-1703820/libero/baseline/overall_results.json
starVLA,projected-numeric-paired-1703820,ervla_pi_projected_numeric_correct,libero_spatial,98,100,0.98000000,/e/project1/m3/blank4/code/starVLA/playground/Checkpoints/ervla_pi_projected_numeric_correct/results/projected-numeric-paired-1703820/libero/baseline/overall_results.json
starVLA,projected-numeric-paired-1703820,ervla_pi_projected_numeric_correct,libero_10,95,100,0.95000000,/e/project1/m3/blank4/code/starVLA/playground/Checkpoints/ervla_pi_projected_numeric_correct/results/projected-numeric-paired-1703820/libero/numeric/overall_results.json
starVLA,projected-numeric-paired-1703820,ervla_pi_projected_numeric_correct,libero_goal,98,100,0.98000000,/e/project1/m3/blank4/code/starVLA/playground/Checkpoints/ervla_pi_projected_numeric_correct/results/projected-numeric-paired-1703820/libero/numeric/overall_results.json
starVLA,projected-numeric-paired-1703820,ervla_pi_projected_numeric_correct,libero_object,98,100,0.98000000,/e/project1/m3/blank4/code/starVLA/playground/Checkpoints/ervla_pi_projected_numeric_correct/results/projected-numeric-paired-1703820/libero/numeric/overall_results.json
starVLA,projected-numeric-paired-1703820,ervla_pi_projected_numeric_correct,libero_spatial,97,100,0.97000000,/e/project1/m3/blank4/code/starVLA/playground/Checkpoints/ervla_pi_projected_numeric_correct/results/projected-numeric-paired-1703820/libero/numeric/overall_results.json
starVLA,projected-numeric-paired-1703820,ervla_pi_projected_numeric_correct,libero_10,95,100,0.95000000,/e/project1/m3/blank4/code/starVLA/playground/Checkpoints/ervla_pi_projected_numeric_correct/results/projected-numeric-paired-1703820/libero/random_energy/overall_results.json
starVLA,projected-numeric-paired-1703820,ervla_pi_projected_numeric_correct,libero_goal,98,100,0.98000000,/e/project1/m3/blank4/code/starVLA/playground/Checkpoints/ervla_pi_projected_numeric_correct/results/projected-numeric-paired-1703820/libero/random_energy/overall_results.json
starVLA,projected-numeric-paired-1703820,ervla_pi_projected_numeric_correct,libero_object,99,100,0.99000000,/e/project1/m3/blank4/code/starVLA/playground/Checkpoints/ervla_pi_projected_numeric_correct/results/projected-numeric-paired-1703820/libero/random_energy/overall_results.json
starVLA,projected-numeric-paired-1703820,ervla_pi_projected_numeric_correct,libero_spatial,99,100,0.99000000,/e/project1/m3/blank4/code/starVLA/playground/Checkpoints/ervla_pi_projected_numeric_correct/results/projected-numeric-paired-1703820/libero/random_energy/overall_results.json
starVLA,projected-numeric-paired-1703820,ervla_pi_projected_numeric_shuffled,libero_10,85,100,0.85000000,/e/project1/m3/blank4/code/starVLA/playground/Checkpoints/ervla_pi_projected_numeric_shuffled/results/projected-numeric-paired-1703820/libero/baseline/overall_results.json
starVLA,projected-numeric-paired-1703820,ervla_pi_projected_numeric_shuffled,libero_goal,97,100,0.97000000,/e/project1/m3/blank4/code/starVLA/playground/Checkpoints/ervla_pi_projected_numeric_shuffled/results/projected-numeric-paired-1703820/libero/baseline/overall_results.json
starVLA,projected-numeric-paired-1703820,ervla_pi_projected_numeric_shuffled,libero_object,100,100,1.00000000,/e/project1/m3/blank4/code/starVLA/playground/Checkpoints/ervla_pi_projected_numeric_shuffled/results/projected-numeric-paired-1703820/libero/baseline/overall_results.json
starVLA,projected-numeric-paired-1703820,ervla_pi_projected_numeric_shuffled,libero_spatial,98,100,0.98000000,/e/project1/m3/blank4/code/starVLA/playground/Checkpoints/ervla_pi_projected_numeric_shuffled/results/projected-numeric-paired-1703820/libero/baseline/overall_results.json
starVLA,projected-numeric-paired-1703820,ervla_pi_projected_numeric_shuffled,libero_10,83,100,0.83000000,/e/project1/m3/blank4/code/starVLA/playground/Checkpoints/ervla_pi_projected_numeric_shuffled/results/projected-numeric-paired-1703820/libero/numeric/overall_results.json
starVLA,projected-numeric-paired-1703820,ervla_pi_projected_numeric_shuffled,libero_goal,98,100,0.98000000,/e/project1/m3/blank4/code/starVLA/playground/Checkpoints/ervla_pi_projected_numeric_shuffled/results/projected-numeric-paired-1703820/libero/numeric/overall_results.json
starVLA,projected-numeric-paired-1703820,ervla_pi_projected_numeric_shuffled,libero_object,98,100,0.98000000,/e/project1/m3/blank4/code/starVLA/playground/Checkpoints/ervla_pi_projected_numeric_shuffled/results/projected-numeric-paired-1703820/libero/numeric/overall_results.json
starVLA,projected-numeric-paired-1703820,ervla_pi_projected_numeric_shuffled,libero_spatial,99,100,0.99000000,/e/project1/m3/blank4/code/starVLA/playground/Checkpoints/ervla_pi_projected_numeric_shuffled/results/projected-numeric-paired-1703820/libero/numeric/overall_results.json
starVLA,projected-numeric-paired-1703820,ervla_pi_projected_numeric_shuffled,libero_10,87,100,0.87000000,/e/project1/m3/blank4/code/starVLA/playground/Checkpoints/ervla_pi_projected_numeric_shuffled/results/projected-numeric-paired-1703820/libero/random_energy/overall_results.json
starVLA,projected-numeric-paired-1703820,ervla_pi_projected_numeric_shuffled,libero_goal,96,100,0.96000000,/e/project1/m3/blank4/code/starVLA/playground/Checkpoints/ervla_pi_projected_numeric_shuffled/results/projected-numeric-paired-1703820/libero/random_energy/overall_results.json
starVLA,projected-numeric-paired-1703820,ervla_pi_projected_numeric_shuffled,libero_object,98,100,0.98000000,/e/project1/m3/blank4/code/starVLA/playground/Checkpoints/ervla_pi_projected_numeric_shuffled/results/projected-numeric-paired-1703820/libero/random_energy/overall_results.json
starVLA,projected-numeric-paired-1703820,ervla_pi_projected_numeric_shuffled,libero_spatial,97,100,0.97000000,/e/project1/m3/blank4/code/starVLA/playground/Checkpoints/ervla_pi_projected_numeric_shuffled/results/projected-numeric-paired-1703820/libero/random_energy/overall_results.json
starVLA,smoke_eval_fix2_20260901_libero_plus,ervla_j_dec_choice_staged_cam3d,libero_10,7,12,0.58333333,/e/project1/m3/blank4/code/starVLA/playground/Checkpoints/ervla_j_dec_choice_staged_cam3d/results/smoke_eval_fix2_20260901_libero_plus/overall_results.json
starVLA,smoke_eval_fix2_20260901_libero_plus,ervla_j_dec_choice_staged_cam3d,libero_goal,0,0,nan,/e/project1/m3/blank4/code/starVLA/playground/Checkpoints/ervla_j_dec_choice_staged_cam3d/results/smoke_eval_fix2_20260901_libero_plus/overall_results.json
starVLA,smoke_eval_fix2_20260901_libero_plus,ervla_j_dec_choice_staged_cam3d,libero_object,0,0,nan,/e/project1/m3/blank4/code/starVLA/playground/Checkpoints/ervla_j_dec_choice_staged_cam3d/results/smoke_eval_fix2_20260901_libero_plus/overall_results.json
starVLA,smoke_eval_fix2_20260901_libero_plus,ervla_j_dec_choice_staged_cam3d,libero_spatial,0,0,nan,/e/project1/m3/blank4/code/starVLA/playground/Checkpoints/ervla_j_dec_choice_staged_cam3d/results/smoke_eval_fix2_20260901_libero_plus/overall_results.json
starVLA,smoke_eval_fix2_20260901_libero_plus,ervla_j_dec_choice_staged_cam3d,libero_10,7,12,0.58333333,/e/project1/m3/blank4/code/starVLA/playground/Checkpoints/ervla_j_dec_choice_staged_cam3d/results/smoke_eval_fix2_20260901_libero_plus/libero_10/overall_results.json
starVLA,smoke_eval_fix2_20260901_standard,ervla_j_dec_choice_staged_cam3d,libero_10,9,10,0.90000000,/e/project1/m3/blank4/code/starVLA/playground/Checkpoints/ervla_j_dec_choice_staged_cam3d/results/smoke_eval_fix2_20260901_standard/overall_results.json
starVLA,traceviz,libero_plus_qwen08b_gr00t_cot_trace_ours_full_cotw1,libero_10,0,0,nan,/e/project1/m3/blank4/code/starVLA/playground/Checkpoints/libero_plus_qwen08b_gr00t_cot_trace_ours_full_cotw1/results/traceviz/overall_results.json
starVLA,traceviz,libero_plus_qwen08b_gr00t_cot_trace_ours_full_cotw1,libero_goal,0,0,nan,/e/project1/m3/blank4/code/starVLA/playground/Checkpoints/libero_plus_qwen08b_gr00t_cot_trace_ours_full_cotw1/results/traceviz/overall_results.json
starVLA,traceviz,libero_plus_qwen08b_gr00t_cot_trace_ours_full_cotw1,libero_object,0,0,nan,/e/project1/m3/blank4/code/starVLA/playground/Checkpoints/libero_plus_qwen08b_gr00t_cot_trace_ours_full_cotw1/results/traceviz/overall_results.json
starVLA,traceviz,libero_plus_qwen08b_gr00t_cot_trace_ours_full_cotw1,libero_spatial,24,32,0.75000000,/e/project1/m3/blank4/code/starVLA/playground/Checkpoints/libero_plus_qwen08b_gr00t_cot_trace_ours_full_cotw1/results/traceviz/overall_results.json
starVLA,traceviz,libero_plus_qwen08b_gr00t_cot_trace_ours_full_cotw1,libero_spatial,24,32,0.75000000,/e/project1/m3/blank4/code/starVLA/playground/Checkpoints/libero_plus_qwen08b_gr00t_cot_trace_ours_full_cotw1/results/traceviz/libero_spatial/overall_results.json
starVLA-upstream-merge,robocasa365,ervla_robocasa365_pi_causal_s4,OpenStandMixerHead,20,24,0.83333333,/e/project1/m3/blank4/code/starVLA-upstream-merge/playground/Checkpoints/ervla_robocasa365_pi_causal_s4/checkpoints/steps_50000_pytorch_model.eval/robocasa_OpenStandMixerHead_seed42_envs24_eps24_h500_act8_native_smoke_B_realstate.json
starVLA-upstream-merge,robocasa365,ervla_robocasa365_pi_causal_s4,OpenStandMixerHead,20,24,0.83333333,/e/project1/m3/blank4/code/starVLA-upstream-merge/playground/Checkpoints/ervla_robocasa365_pi_causal_s4/checkpoints/steps_50000_pytorch_model.eval/robocasa_OpenStandMixerHead_seed42_envs24_eps24_h500_act8_native_smoke_C_shuffled.json
starVLA-upstream-merge,robocasa365,ervla_robocasa365_pi_causal_s4,CloseFridge,8,48,0.16666667,/e/project1/m3/blank4/code/starVLA-upstream-merge/playground/Checkpoints/ervla_robocasa365_pi_causal_s4/checkpoints/steps_50000_pytorch_model.eval/robocasa_CloseFridge_seed42_envs24_eps48_h500_act8_native_egl.json
starVLA-upstream-merge,robocasa365,ervla_robocasa365_pi_causal_s4,OpenDrawer,8,48,0.16666667,/e/project1/m3/blank4/code/starVLA-upstream-merge/playground/Checkpoints/ervla_robocasa365_pi_causal_s4/checkpoints/steps_50000_pytorch_model.eval/robocasa_OpenDrawer_seed42_envs24_eps48_h500_act8_native_egl.json
starVLA-upstream-merge,robocasa365,ervla_robocasa365_pi_causal_s4,OpenStandMixerHead,37,48,0.77083333,/e/project1/m3/blank4/code/starVLA-upstream-merge/playground/Checkpoints/ervla_robocasa365_pi_causal_s4/checkpoints/steps_50000_pytorch_model.eval/robocasa_OpenStandMixerHead_seed42_envs24_eps48_h500_act8_native_egl.json
starVLA-upstream-merge,robocasa365,ervla_robocasa365_pi_causal_s4,PickPlaceCounterToStove,33,48,0.68750000,/e/project1/m3/blank4/code/starVLA-upstream-merge/playground/Checkpoints/ervla_robocasa365_pi_causal_s4/checkpoints/steps_50000_pytorch_model.eval/robocasa_PickPlaceCounterToStove_seed42_envs24_eps48_h500_act8_native_egl.json
starVLA-upstream-merge,robocasa365,ervla_robocasa365_pi_causal_s4,TurnOnElectricKettle,32,48,0.66666667,/e/project1/m3/blank4/code/starVLA-upstream-merge/playground/Checkpoints/ervla_robocasa365_pi_causal_s4/checkpoints/steps_50000_pytorch_model.eval/robocasa_TurnOnElectricKettle_seed42_envs24_eps48_h500_act8_native_egl.json
starVLA-upstream-merge,robocasa365,ervla_robocasa365_pi_causal_s4,TurnOnMicrowave,16,48,0.33333333,/e/project1/m3/blank4/code/starVLA-upstream-merge/playground/Checkpoints/ervla_robocasa365_pi_causal_s4/checkpoints/steps_50000_pytorch_model.eval/robocasa_TurnOnMicrowave_seed42_envs24_eps48_h500_act8_native_egl.json
starVLA-upstream-merge,robocasa365,ervla_robocasa365_pi_causal_s4,OpenStandMixerHead,0,48,0.00000000,/e/project1/m3/blank4/code/starVLA-upstream-merge/playground/Checkpoints/ervla_robocasa365_pi_causal_s4/checkpoints/steps_50000_pytorch_model.eval/robocasa_OpenStandMixerHead_seed42_envs24_eps48_h500_act8_native_nostate.json
starVLA-upstream-merge,robocasa365,ervla_robocasa365_pi_causal_s4,PickPlaceCounterToStove,0,48,0.00000000,/e/project1/m3/blank4/code/starVLA-upstream-merge/playground/Checkpoints/ervla_robocasa365_pi_causal_s4/checkpoints/steps_50000_pytorch_model.eval/robocasa_PickPlaceCounterToStove_seed42_envs24_eps48_h500_act8_native_nostate.json
starVLA-upstream-merge,robocasa365,ervla_robocasa365_pi_causal_s4,TurnOnElectricKettle,0,48,0.00000000,/e/project1/m3/blank4/code/starVLA-upstream-merge/playground/Checkpoints/ervla_robocasa365_pi_causal_s4/checkpoints/steps_50000_pytorch_model.eval/robocasa_TurnOnElectricKettle_seed42_envs24_eps48_h500_act8_native_nostate.json
starVLA-upstream-merge,robocasa365,ervla_robocasa365_pi_causal_s4,CloseBlenderLid,2,48,0.04166667,/e/project1/m3/blank4/code/starVLA-upstream-merge/playground/Checkpoints/ervla_robocasa365_pi_causal_s4/checkpoints/steps_50000_pytorch_model.eval/robocasa_CloseBlenderLid_seed42_envs24_eps48_h500_act8_native_s4_50k.json
starVLA-upstream-merge,robocasa365,ervla_robocasa365_pi_causal_s4,CloseFridge,8,48,0.16666667,/e/project1/m3/blank4/code/starVLA-upstream-merge/playground/Checkpoints/ervla_robocasa365_pi_causal_s4/checkpoints/steps_50000_pytorch_model.eval/robocasa_CloseFridge_seed42_envs24_eps48_h500_act8_native_s4_50k.json
starVLA-upstream-merge,robocasa365,ervla_robocasa365_pi_causal_s4,CloseToasterOvenDoor,21,48,0.43750000,/e/project1/m3/blank4/code/starVLA-upstream-merge/playground/Checkpoints/ervla_robocasa365_pi_causal_s4/checkpoints/steps_50000_pytorch_model.eval/robocasa_CloseToasterOvenDoor_seed42_envs24_eps48_h500_act8_native_s4_50k.json
starVLA-upstream-merge,robocasa365,ervla_robocasa365_pi_causal_s4,CoffeeSetupMug,27,48,0.56250000,/e/project1/m3/blank4/code/starVLA-upstream-merge/playground/Checkpoints/ervla_robocasa365_pi_causal_s4/checkpoints/steps_50000_pytorch_model.eval/robocasa_CoffeeSetupMug_seed42_envs24_eps48_h500_act8_native_s4_50k.json
starVLA-upstream-merge,robocasa365,ervla_robocasa365_pi_causal_s4,NavigateKitchen,7,48,0.14583333,/e/project1/m3/blank4/code/starVLA-upstream-merge/playground/Checkpoints/ervla_robocasa365_pi_causal_s4/checkpoints/steps_50000_pytorch_model.eval/robocasa_NavigateKitchen_seed42_envs24_eps48_h500_act8_native_s4_50k.json
starVLA-upstream-merge,robocasa365,ervla_robocasa365_pi_causal_s4,OpenCabinet,1,48,0.02083333,/e/project1/m3/blank4/code/starVLA-upstream-merge/playground/Checkpoints/ervla_robocasa365_pi_causal_s4/checkpoints/steps_50000_pytorch_model.eval/robocasa_OpenCabinet_seed42_envs24_eps48_h500_act8_native_s4_50k.json
starVLA-upstream-merge,robocasa365,ervla_robocasa365_pi_causal_s4,OpenDrawer,8,48,0.16666667,/e/project1/m3/blank4/code/starVLA-upstream-merge/playground/Checkpoints/ervla_robocasa365_pi_causal_s4/checkpoints/steps_50000_pytorch_model.eval/robocasa_OpenDrawer_seed42_envs24_eps48_h500_act8_native_s4_50k.json
starVLA-upstream-merge,robocasa365,ervla_robocasa365_pi_causal_s4,OpenStandMixerHead,40,48,0.83333333,/e/project1/m3/blank4/code/starVLA-upstream-merge/playground/Checkpoints/ervla_robocasa365_pi_causal_s4/checkpoints/steps_50000_pytorch_model.eval/robocasa_OpenStandMixerHead_seed42_envs24_eps48_h500_act8_native_s4_50k.json
starVLA-upstream-merge,robocasa365,ervla_robocasa365_pi_causal_s4,PickPlaceCounterToCabinet,21,48,0.43750000,/e/project1/m3/blank4/code/starVLA-upstream-merge/playground/Checkpoints/ervla_robocasa365_pi_causal_s4/checkpoints/steps_50000_pytorch_model.eval/robocasa_PickPlaceCounterToCabinet_seed42_envs24_eps48_h500_act8_native_s4_50k.json
starVLA-upstream-merge,robocasa365,ervla_robocasa365_pi_causal_s4,PickPlaceCounterToStove,31,48,0.64583333,/e/project1/m3/blank4/code/starVLA-upstream-merge/playground/Checkpoints/ervla_robocasa365_pi_causal_s4/checkpoints/steps_50000_pytorch_model.eval/robocasa_PickPlaceCounterToStove_seed42_envs24_eps48_h500_act8_native_s4_50k.json
starVLA-upstream-merge,robocasa365,ervla_robocasa365_pi_causal_s4,PickPlaceDrawerToCounter,12,48,0.25000000,/e/project1/m3/blank4/code/starVLA-upstream-merge/playground/Checkpoints/ervla_robocasa365_pi_causal_s4/checkpoints/steps_50000_pytorch_model.eval/robocasa_PickPlaceDrawerToCounter_seed42_envs24_eps48_h500_act8_native_s4_50k.json
starVLA-upstream-merge,robocasa365,ervla_robocasa365_pi_causal_s4,PickPlaceToasterToCounter,8,48,0.16666667,/e/project1/m3/blank4/code/starVLA-upstream-merge/playground/Checkpoints/ervla_robocasa365_pi_causal_s4/checkpoints/steps_50000_pytorch_model.eval/robocasa_PickPlaceToasterToCounter_seed42_envs24_eps48_h500_act8_native_s4_50k.json
starVLA-upstream-merge,robocasa365,ervla_robocasa365_pi_causal_s4,SlideDishwasherRack,27,48,0.56250000,/e/project1/m3/blank4/code/starVLA-upstream-merge/playground/Checkpoints/ervla_robocasa365_pi_causal_s4/checkpoints/steps_50000_pytorch_model.eval/robocasa_SlideDishwasherRack_seed42_envs24_eps48_h500_act8_native_s4_50k.json
starVLA-upstream-merge,robocasa365,ervla_robocasa365_pi_causal_s4,TurnOffStove,16,48,0.33333333,/e/project1/m3/blank4/code/starVLA-upstream-merge/playground/Checkpoints/ervla_robocasa365_pi_causal_s4/checkpoints/steps_50000_pytorch_model.eval/robocasa_TurnOffStove_seed42_envs24_eps48_h500_act8_native_s4_50k.json
starVLA-upstream-merge,robocasa365,ervla_robocasa365_pi_causal_s4,TurnOnElectricKettle,29,48,0.60416667,/e/project1/m3/blank4/code/starVLA-upstream-merge/playground/Checkpoints/ervla_robocasa365_pi_causal_s4/checkpoints/steps_50000_pytorch_model.eval/robocasa_TurnOnElectricKettle_seed42_envs24_eps48_h500_act8_native_s4_50k.json
starVLA-upstream-merge,robocasa365,ervla_robocasa365_pi_causal_s4,TurnOnMicrowave,14,48,0.29166667,/e/project1/m3/blank4/code/starVLA-upstream-merge/playground/Checkpoints/ervla_robocasa365_pi_causal_s4/checkpoints/steps_50000_pytorch_model.eval/robocasa_TurnOnMicrowave_seed42_envs24_eps48_h500_act8_native_s4_50k.json
starVLA-upstream-merge,robocasa365,ervla_robocasa365_pi_causal_s4,TurnOnSinkFaucet,24,48,0.50000000,/e/project1/m3/blank4/code/starVLA-upstream-merge/playground/Checkpoints/ervla_robocasa365_pi_causal_s4/checkpoints/steps_50000_pytorch_model.eval/robocasa_TurnOnSinkFaucet_seed42_envs24_eps48_h500_act8_native_s4_50k.json
starVLA-upstream-merge,robocasa365,ervla_robocasa365_pi_causal_s4,OpenStandMixerHead,34,48,0.70833333,/e/project1/m3/blank4/code/starVLA-upstream-merge/playground/Checkpoints/ervla_robocasa365_pi_causal_s4/checkpoints/steps_50000_pytorch_model.eval/robocasa_OpenStandMixerHead_seed42_envs24_eps48_h500_act8_native_st_random.json
starVLA-upstream-merge,robocasa365,ervla_robocasa365_pi_causal_s4,PickPlaceCounterToStove,23,48,0.47916667,/e/project1/m3/blank4/code/starVLA-upstream-merge/playground/Checkpoints/ervla_robocasa365_pi_causal_s4/checkpoints/steps_50000_pytorch_model.eval/robocasa_PickPlaceCounterToStove_seed42_envs24_eps48_h500_act8_native_st_random.json
starVLA-upstream-merge,robocasa365,ervla_robocasa365_pi_causal_s4,TurnOnElectricKettle,19,48,0.39583333,/e/project1/m3/blank4/code/starVLA-upstream-merge/playground/Checkpoints/ervla_robocasa365_pi_causal_s4/checkpoints/steps_50000_pytorch_model.eval/robocasa_TurnOnElectricKettle_seed42_envs24_eps48_h500_act8_native_st_random.json
starVLA-upstream-merge,robocasa365,ervla_robocasa365_pi_causal_s4,OpenStandMixerHead,39,48,0.81250000,/e/project1/m3/blank4/code/starVLA-upstream-merge/playground/Checkpoints/ervla_robocasa365_pi_causal_s4/checkpoints/steps_50000_pytorch_model.eval/robocasa_OpenStandMixerHead_seed42_envs24_eps48_h500_act8_native_st_shuffle.json
starVLA-upstream-merge,robocasa365,ervla_robocasa365_pi_causal_s4,PickPlaceCounterToStove,30,48,0.62500000,/e/project1/m3/blank4/code/starVLA-upstream-merge/playground/Checkpoints/ervla_robocasa365_pi_causal_s4/checkpoints/steps_50000_pytorch_model.eval/robocasa_PickPlaceCounterToStove_seed42_envs24_eps48_h500_act8_native_st_shuffle.json
starVLA-upstream-merge,robocasa365,ervla_robocasa365_pi_causal_s4,TurnOnElectricKettle,25,48,0.52083333,/e/project1/m3/blank4/code/starVLA-upstream-merge/playground/Checkpoints/ervla_robocasa365_pi_causal_s4/checkpoints/steps_50000_pytorch_model.eval/robocasa_TurnOnElectricKettle_seed42_envs24_eps48_h500_act8_native_st_shuffle.json
starVLA-upstream-merge,robocasa365,ervla_robocasa365_pi_causal_s4,OpenStandMixerHead,14,48,0.29166667,/e/project1/m3/blank4/code/starVLA-upstream-merge/playground/Checkpoints/ervla_robocasa365_pi_causal_s4/checkpoints/steps_50000_pytorch_model.eval/robocasa_OpenStandMixerHead_seed42_envs24_eps48_h500_act8_native_st_zero.json
starVLA-upstream-merge,robocasa365,ervla_robocasa365_pi_causal_s4,PickPlaceCounterToStove,5,48,0.10416667,/e/project1/m3/blank4/code/starVLA-upstream-merge/playground/Checkpoints/ervla_robocasa365_pi_causal_s4/checkpoints/steps_50000_pytorch_model.eval/robocasa_PickPlaceCounterToStove_seed42_envs24_eps48_h500_act8_native_st_zero.json
starVLA-upstream-merge,robocasa365,ervla_robocasa365_pi_causal_s4,TurnOnElectricKettle,3,48,0.06250000,/e/project1/m3/blank4/code/starVLA-upstream-merge/playground/Checkpoints/ervla_robocasa365_pi_causal_s4/checkpoints/steps_50000_pytorch_model.eval/robocasa_TurnOnElectricKettle_seed42_envs24_eps48_h500_act8_native_st_zero.json
starVLA-upstream-merge,robocasa365,ervla_robocasa365_pi_causal_s42,OpenDrawer,7,10,0.70000000,/e/project1/m3/blank4/code/starVLA-upstream-merge/playground/Checkpoints/ervla_robocasa365_pi_causal_s42/checkpoints/steps_30000_pytorch_model.eval/robocasa_OpenDrawer.json
starVLA-upstream-merge,robocasa365,ervla_robocasa365_pi_causal_s42,TurnOnMicrowave,1,10,0.10000000,/e/project1/m3/blank4/code/starVLA-upstream-merge/playground/Checkpoints/ervla_robocasa365_pi_causal_s42/checkpoints/steps_30000_pytorch_model.eval/robocasa_TurnOnMicrowave.json
starVLA-upstream-merge,robocasa365,ervla_robocasa365_pi_causal_s42,PickPlaceDrawerToCounter,0,24,0.00000000,/e/project1/m3/blank4/code/starVLA-upstream-merge/playground/Checkpoints/ervla_robocasa365_pi_causal_s42/checkpoints/steps_30000_pytorch_model.eval/robocasa_PickPlaceDrawerToCounter_pnp.json
starVLA-upstream-merge,robocasa365,ervla_robocasa365_pi_causal_s42,PickPlaceToasterToCounter,11,24,0.45833333,/e/project1/m3/blank4/code/starVLA-upstream-merge/playground/Checkpoints/ervla_robocasa365_pi_causal_s42/checkpoints/steps_30000_pytorch_model.eval/robocasa_PickPlaceToasterToCounter_pnp.json
starVLA-upstream-merge,robocasa365,ervla_robocasa365_pi_causal_s42,OpenDrawer,8,16,0.50000000,/e/project1/m3/blank4/code/starVLA-upstream-merge/playground/Checkpoints/ervla_robocasa365_pi_causal_s42/checkpoints/steps_30000_pytorch_model.eval/robocasa_OpenDrawer_scale_n16_g0.json
starVLA-upstream-merge,robocasa365,ervla_robocasa365_pi_causal_s42,OpenDrawer,5,16,0.31250000,/e/project1/m3/blank4/code/starVLA-upstream-merge/playground/Checkpoints/ervla_robocasa365_pi_causal_s42/checkpoints/steps_30000_pytorch_model.eval/robocasa_OpenDrawer_scale_n16_g1.json
starVLA-upstream-merge,robocasa365,ervla_robocasa365_pi_causal_s42,OpenDrawer,5,16,0.31250000,/e/project1/m3/blank4/code/starVLA-upstream-merge/playground/Checkpoints/ervla_robocasa365_pi_causal_s42/checkpoints/steps_30000_pytorch_model.eval/robocasa_OpenDrawer_scale_n16_g2.json
starVLA-upstream-merge,robocasa365,ervla_robocasa365_pi_causal_s42,OpenDrawer,3,16,0.18750000,/e/project1/m3/blank4/code/starVLA-upstream-merge/playground/Checkpoints/ervla_robocasa365_pi_causal_s42/checkpoints/steps_30000_pytorch_model.eval/robocasa_OpenDrawer_scale_n16_g3.json
starVLA-upstream-merge,robocasa365,ervla_robocasa365_pi_causal_s42,OpenDrawer,10,24,0.41666667,/e/project1/m3/blank4/code/starVLA-upstream-merge/playground/Checkpoints/ervla_robocasa365_pi_causal_s42/checkpoints/steps_30000_pytorch_model.eval/robocasa_OpenDrawer_scale_n24_g0.json
starVLA-upstream-merge,robocasa365,ervla_robocasa365_pi_causal_s42,OpenDrawer,7,24,0.29166667,/e/project1/m3/blank4/code/starVLA-upstream-merge/playground/Checkpoints/ervla_robocasa365_pi_causal_s42/checkpoints/steps_30000_pytorch_model.eval/robocasa_OpenDrawer_scale_n24_g1.json
starVLA-upstream-merge,robocasa365,ervla_robocasa365_pi_causal_s42,OpenDrawer,7,24,0.29166667,/e/project1/m3/blank4/code/starVLA-upstream-merge/playground/Checkpoints/ervla_robocasa365_pi_causal_s42/checkpoints/steps_30000_pytorch_model.eval/robocasa_OpenDrawer_scale_n24_g2.json
starVLA-upstream-merge,robocasa365,ervla_robocasa365_pi_causal_s42,OpenDrawer,8,24,0.33333333,/e/project1/m3/blank4/code/starVLA-upstream-merge/playground/Checkpoints/ervla_robocasa365_pi_causal_s42/checkpoints/steps_30000_pytorch_model.eval/robocasa_OpenDrawer_scale_n24_g3.json
starVLA-upstream-merge,robocasa365,ervla_robocasa365_pi_causal_s42,OpenDrawer,10,32,0.31250000,/e/project1/m3/blank4/code/starVLA-upstream-merge/playground/Checkpoints/ervla_robocasa365_pi_causal_s42/checkpoints/steps_30000_pytorch_model.eval/robocasa_OpenDrawer_scale_n32_g1.json
starVLA-upstream-merge,robocasa365,ervla_robocasa365_pi_causal_s42,OpenDrawer,15,32,0.46875000,/e/project1/m3/blank4/code/starVLA-upstream-merge/playground/Checkpoints/ervla_robocasa365_pi_causal_s42/checkpoints/steps_30000_pytorch_model.eval/robocasa_OpenDrawer_scale_n32_g2.json
starVLA-upstream-merge,robocasa365,ervla_robocasa365_pi_causal_s42,OpenDrawer,10,32,0.31250000,/e/project1/m3/blank4/code/starVLA-upstream-merge/playground/Checkpoints/ervla_robocasa365_pi_causal_s42/checkpoints/steps_30000_pytorch_model.eval/robocasa_OpenDrawer_scale_n32_g3.json
starVLA-upstream-merge,robocasa365,ervla_robocasa365_pi_causal_s42,PickPlaceCounterToCabinet,7,24,0.29166667,/e/project1/m3/blank4/code/starVLA-upstream-merge/playground/Checkpoints/ervla_robocasa365_pi_causal_s42/checkpoints/steps_30000_pytorch_model.eval/robocasa_PickPlaceCounterToCabinet_seed42_envs12_eps24_h500_act8_native_pnp.json
starVLA-upstream-merge,robocasa365,ervla_robocasa365_pi_causal_s42,PickPlaceCounterToStove,14,24,0.58333333,/e/project1/m3/blank4/code/starVLA-upstream-merge/playground/Checkpoints/ervla_robocasa365_pi_causal_s42/checkpoints/steps_30000_pytorch_model.eval/robocasa_PickPlaceCounterToStove_seed42_envs12_eps24_h500_act8_native_pnp.json
starVLA-upstream-merge,robocasa365,ervla_robocasa365_pi_causal_s42,PickPlaceCounterToStove,10,24,0.41666667,/e/project1/m3/blank4/code/starVLA-upstream-merge/playground/Checkpoints/ervla_robocasa365_pi_causal_s42/checkpoints/steps_30000_pytorch_model.eval/robocasa_PickPlaceCounterToStove_seed42_envs12_eps24_h500_act8_native_steps10.json
starVLA-upstream-merge,robocasa365,ervla_robocasa365_pi_causal_s42,PickPlaceCounterToStove,12,24,0.50000000,/e/project1/m3/blank4/code/starVLA-upstream-merge/playground/Checkpoints/ervla_robocasa365_pi_causal_s42/checkpoints/steps_30000_pytorch_model.eval/robocasa_PickPlaceCounterToStove_seed42_envs12_eps24_h500_act8_native_steps4.json
starVLA-upstream-merge,robocasa365,ervla_robocasa365_pi_causal_s42,OpenDrawer,39,96,0.40625000,/e/project1/m3/blank4/code/starVLA-upstream-merge/playground/Checkpoints/ervla_robocasa365_pi_causal_s42/checkpoints/steps_30000_pytorch_model.eval/robocasa_OpenDrawer_seed42_envs24_eps96_h500_act8_native_scale_n24_g0.json
starVLA-upstream-merge,robocasa365,ervla_robocasa365_pi_causal_s42,OpenDrawer,39,96,0.40625000,/e/project1/m3/blank4/code/starVLA-upstream-merge/playground/Checkpoints/ervla_robocasa365_pi_causal_s42/checkpoints/steps_30000_pytorch_model.eval/robocasa_OpenDrawer_seed42_envs24_eps96_h500_act8_native_scale_n24_g2.json
starVLA-upstream-merge,robocasa365,ervla_robocasa365_pi_causal_s42,OpenDrawer,39,96,0.40625000,/e/project1/m3/blank4/code/starVLA-upstream-merge/playground/Checkpoints/ervla_robocasa365_pi_causal_s42/checkpoints/steps_30000_pytorch_model.eval/robocasa_OpenDrawer_seed42_envs24_eps96_h500_act8_native_scale_n24_g3.json
starVLA-upstream-merge,robocasa365,ervla_robocasa365_pi_causal_s42,PickPlaceCounterToStove,36,96,0.37500000,/e/project1/m3/blank4/code/starVLA-upstream-merge/playground/Checkpoints/ervla_robocasa365_pi_causal_s42/checkpoints/steps_30000_pytorch_model.eval/robocasa_PickPlaceCounterToStove_seed42_envs24_eps96_h500_act8_native_steps10.json
starVLA-upstream-merge,robocasa365,ervla_robocasa365_pi_causal_s42,PickPlaceCounterToStove,49,96,0.51041667,/e/project1/m3/blank4/code/starVLA-upstream-merge/playground/Checkpoints/ervla_robocasa365_pi_causal_s42/checkpoints/steps_30000_pytorch_model.eval/robocasa_PickPlaceCounterToStove_seed42_envs24_eps96_h500_act8_native_steps4.json
starVLA-upstream-merge,robocasa365,ervla_robocasa365_pi_causal_s42,OpenDrawer,4,16,0.25000000,/e/project1/m3/blank4/code/starVLA-upstream-merge/playground/Checkpoints/ervla_robocasa365_pi_causal_s42/checkpoints/steps_30000_pytorch_model.eval/robocasa_OpenDrawer_thru_e1.json
starVLA-upstream-merge,robocasa365,ervla_robocasa365_pi_causal_s42,OpenDrawer,6,16,0.37500000,/e/project1/m3/blank4/code/starVLA-upstream-merge/playground/Checkpoints/ervla_robocasa365_pi_causal_s42/checkpoints/steps_30000_pytorch_model.eval/robocasa_OpenDrawer_thru_e16.json
starVLA-upstream-merge,robocasa365,ervla_robocasa365_pi_causal_s42,OpenDrawer,6,16,0.37500000,/e/project1/m3/blank4/code/starVLA-upstream-merge/playground/Checkpoints/ervla_robocasa365_pi_causal_s42/checkpoints/steps_30000_pytorch_model.eval/robocasa_OpenDrawer_thru_e4.json
starVLA-upstream-merge,robocasa365,ervla_robocasa365_pi_causal_s42,OpenDrawer,4,16,0.25000000,/e/project1/m3/blank4/code/starVLA-upstream-merge/playground/Checkpoints/ervla_robocasa365_pi_causal_s42/checkpoints/steps_30000_pytorch_model.eval/robocasa_OpenDrawer_thru_e8.json
starVLA-upstream-merge,robocasa365,ervla_robocasa365_pi_causal_s42,CloseBlenderLid,0,48,0.00000000,/e/project1/m3/blank4/code/starVLA-upstream-merge/playground/Checkpoints/ervla_robocasa365_pi_causal_s42/checkpoints/steps_50000_pytorch_model.eval/robocasa_CloseBlenderLid_seed42_envs24_eps48_h500_act8_native_s42_50k.json
starVLA-upstream-merge,robocasa365,ervla_robocasa365_pi_causal_s42,CloseFridge,9,48,0.18750000,/e/project1/m3/blank4/code/starVLA-upstream-merge/playground/Checkpoints/ervla_robocasa365_pi_causal_s42/checkpoints/steps_50000_pytorch_model.eval/robocasa_CloseFridge_seed42_envs24_eps48_h500_act8_native_s42_50k.json
starVLA-upstream-merge,robocasa365,ervla_robocasa365_pi_causal_s42,CloseToasterOvenDoor,26,48,0.54166667,/e/project1/m3/blank4/code/starVLA-upstream-merge/playground/Checkpoints/ervla_robocasa365_pi_causal_s42/checkpoints/steps_50000_pytorch_model.eval/robocasa_CloseToasterOvenDoor_seed42_envs24_eps48_h500_act8_native_s42_50k.json
starVLA-upstream-merge,robocasa365,ervla_robocasa365_pi_causal_s42,CoffeeSetupMug,25,48,0.52083333,/e/project1/m3/blank4/code/starVLA-upstream-merge/playground/Checkpoints/ervla_robocasa365_pi_causal_s42/checkpoints/steps_50000_pytorch_model.eval/robocasa_CoffeeSetupMug_seed42_envs24_eps48_h500_act8_native_s42_50k.json
starVLA-upstream-merge,robocasa365,ervla_robocasa365_pi_causal_s42,NavigateKitchen,5,48,0.10416667,/e/project1/m3/blank4/code/starVLA-upstream-merge/playground/Checkpoints/ervla_robocasa365_pi_causal_s42/checkpoints/steps_50000_pytorch_model.eval/robocasa_NavigateKitchen_seed42_envs24_eps48_h500_act8_native_s42_50k.json
starVLA-upstream-merge,robocasa365,ervla_robocasa365_pi_causal_s42,OpenCabinet,4,48,0.08333333,/e/project1/m3/blank4/code/starVLA-upstream-merge/playground/Checkpoints/ervla_robocasa365_pi_causal_s42/checkpoints/steps_50000_pytorch_model.eval/robocasa_OpenCabinet_seed42_envs24_eps48_h500_act8_native_s42_50k.json
starVLA-upstream-merge,robocasa365,ervla_robocasa365_pi_causal_s42,OpenDrawer,18,48,0.37500000,/e/project1/m3/blank4/code/starVLA-upstream-merge/playground/Checkpoints/ervla_robocasa365_pi_causal_s42/checkpoints/steps_50000_pytorch_model.eval/robocasa_OpenDrawer_seed42_envs24_eps48_h500_act8_native_s42_50k.json
starVLA-upstream-merge,robocasa365,ervla_robocasa365_pi_causal_s42,OpenStandMixerHead,37,48,0.77083333,/e/project1/m3/blank4/code/starVLA-upstream-merge/playground/Checkpoints/ervla_robocasa365_pi_causal_s42/checkpoints/steps_50000_pytorch_model.eval/robocasa_OpenStandMixerHead_seed42_envs24_eps48_h500_act8_native_s42_50k.json
starVLA-upstream-merge,robocasa365,ervla_robocasa365_pi_causal_s42,PickPlaceCounterToCabinet,17,48,0.35416667,/e/project1/m3/blank4/code/starVLA-upstream-merge/playground/Checkpoints/ervla_robocasa365_pi_causal_s42/checkpoints/steps_50000_pytorch_model.eval/robocasa_PickPlaceCounterToCabinet_seed42_envs24_eps48_h500_act8_native_s42_50k.json
starVLA-upstream-merge,robocasa365,ervla_robocasa365_pi_causal_s42,PickPlaceCounterToStove,30,48,0.62500000,/e/project1/m3/blank4/code/starVLA-upstream-merge/playground/Checkpoints/ervla_robocasa365_pi_causal_s42/checkpoints/steps_50000_pytorch_model.eval/robocasa_PickPlaceCounterToStove_seed42_envs24_eps48_h500_act8_native_s42_50k.json
starVLA-upstream-merge,robocasa365,ervla_robocasa365_pi_causal_s42,PickPlaceDrawerToCounter,15,48,0.31250000,/e/project1/m3/blank4/code/starVLA-upstream-merge/playground/Checkpoints/ervla_robocasa365_pi_causal_s42/checkpoints/steps_50000_pytorch_model.eval/robocasa_PickPlaceDrawerToCounter_seed42_envs24_eps48_h500_act8_native_s42_50k.json
starVLA-upstream-merge,robocasa365,ervla_robocasa365_pi_causal_s42,PickPlaceToasterToCounter,2,48,0.04166667,/e/project1/m3/blank4/code/starVLA-upstream-merge/playground/Checkpoints/ervla_robocasa365_pi_causal_s42/checkpoints/steps_50000_pytorch_model.eval/robocasa_PickPlaceToasterToCounter_seed42_envs24_eps48_h500_act8_native_s42_50k.json
starVLA-upstream-merge,robocasa365,ervla_robocasa365_pi_causal_s42,SlideDishwasherRack,24,48,0.50000000,/e/project1/m3/blank4/code/starVLA-upstream-merge/playground/Checkpoints/ervla_robocasa365_pi_causal_s42/checkpoints/steps_50000_pytorch_model.eval/robocasa_SlideDishwasherRack_seed42_envs24_eps48_h500_act8_native_s42_50k.json
starVLA-upstream-merge,robocasa365,ervla_robocasa365_pi_causal_s42,TurnOffStove,14,48,0.29166667,/e/project1/m3/blank4/code/starVLA-upstream-merge/playground/Checkpoints/ervla_robocasa365_pi_causal_s42/checkpoints/steps_50000_pytorch_model.eval/robocasa_TurnOffStove_seed42_envs24_eps48_h500_act8_native_s42_50k.json
starVLA-upstream-merge,robocasa365,ervla_robocasa365_pi_causal_s42,TurnOnElectricKettle,27,48,0.56250000,/e/project1/m3/blank4/code/starVLA-upstream-merge/playground/Checkpoints/ervla_robocasa365_pi_causal_s42/checkpoints/steps_50000_pytorch_model.eval/robocasa_TurnOnElectricKettle_seed42_envs24_eps48_h500_act8_native_s42_50k.json
starVLA-upstream-merge,robocasa365,ervla_robocasa365_pi_causal_s42,TurnOnMicrowave,9,48,0.18750000,/e/project1/m3/blank4/code/starVLA-upstream-merge/playground/Checkpoints/ervla_robocasa365_pi_causal_s42/checkpoints/steps_50000_pytorch_model.eval/robocasa_TurnOnMicrowave_seed42_envs24_eps48_h500_act8_native_s42_50k.json
starVLA-upstream-merge,robocasa365,ervla_robocasa365_pi_causal_s42,TurnOnSinkFaucet,22,48,0.45833333,/e/project1/m3/blank4/code/starVLA-upstream-merge/playground/Checkpoints/ervla_robocasa365_pi_causal_s42/checkpoints/steps_50000_pytorch_model.eval/robocasa_TurnOnSinkFaucet_seed42_envs24_eps48_h500_act8_native_s42_50k.json
starVLA-upstream-merge,robocasa365,ervla_robocasa365_pi_v5_s4,OpenStandMixerHead,40,48,0.83333333,/e/project1/m3/blank4/code/starVLA-upstream-merge/playground/Checkpoints/ervla_robocasa365_pi_v5_s4/checkpoints/steps_50000_pytorch_model.eval/robocasa_OpenStandMixerHead_seed42_envs24_eps48_h500_act8_native_nostate.json
starVLA-upstream-merge,robocasa365,ervla_robocasa365_pi_v5_s4,PickPlaceCounterToStove,23,48,0.47916667,/e/project1/m3/blank4/code/starVLA-upstream-merge/playground/Checkpoints/ervla_robocasa365_pi_v5_s4/checkpoints/steps_50000_pytorch_model.eval/robocasa_PickPlaceCounterToStove_seed42_envs24_eps48_h500_act8_native_nostate.json
starVLA-upstream-merge,robocasa365,ervla_robocasa365_pi_v5_s4,TurnOnElectricKettle,22,48,0.45833333,/e/project1/m3/blank4/code/starVLA-upstream-merge/playground/Checkpoints/ervla_robocasa365_pi_v5_s4/checkpoints/steps_50000_pytorch_model.eval/robocasa_TurnOnElectricKettle_seed42_envs24_eps48_h500_act8_native_nostate.json
starVLA-upstream-merge,robocasa365,ervla_robocasa365_pi_v5_s4,CloseBlenderLid,3,48,0.06250000,/e/project1/m3/blank4/code/starVLA-upstream-merge/playground/Checkpoints/ervla_robocasa365_pi_v5_s4/checkpoints/steps_50000_pytorch_model.eval/robocasa_CloseBlenderLid_seed42_envs24_eps48_h500_act8_native_s4_50k.json
starVLA-upstream-merge,robocasa365,ervla_robocasa365_pi_v5_s4,CloseFridge,10,48,0.20833333,/e/project1/m3/blank4/code/starVLA-upstream-merge/playground/Checkpoints/ervla_robocasa365_pi_v5_s4/checkpoints/steps_50000_pytorch_model.eval/robocasa_CloseFridge_seed42_envs24_eps48_h500_act8_native_s4_50k.json
starVLA-upstream-merge,robocasa365,ervla_robocasa365_pi_v5_s4,CloseToasterOvenDoor,29,48,0.60416667,/e/project1/m3/blank4/code/starVLA-upstream-merge/playground/Checkpoints/ervla_robocasa365_pi_v5_s4/checkpoints/steps_50000_pytorch_model.eval/robocasa_CloseToasterOvenDoor_seed42_envs24_eps48_h500_act8_native_s4_50k.json
starVLA-upstream-merge,robocasa365,ervla_robocasa365_pi_v5_s4,CoffeeSetupMug,22,48,0.45833333,/e/project1/m3/blank4/code/starVLA-upstream-merge/playground/Checkpoints/ervla_robocasa365_pi_v5_s4/checkpoints/steps_50000_pytorch_model.eval/robocasa_CoffeeSetupMug_seed42_envs24_eps48_h500_act8_native_s4_50k.json
starVLA-upstream-merge,robocasa365,ervla_robocasa365_pi_v5_s4,NavigateKitchen,5,48,0.10416667,/e/project1/m3/blank4/code/starVLA-upstream-merge/playground/Checkpoints/ervla_robocasa365_pi_v5_s4/checkpoints/steps_50000_pytorch_model.eval/robocasa_NavigateKitchen_seed42_envs24_eps48_h500_act8_native_s4_50k.json
starVLA-upstream-merge,robocasa365,ervla_robocasa365_pi_v5_s4,OpenCabinet,3,48,0.06250000,/e/project1/m3/blank4/code/starVLA-upstream-merge/playground/Checkpoints/ervla_robocasa365_pi_v5_s4/checkpoints/steps_50000_pytorch_model.eval/robocasa_OpenCabinet_seed42_envs24_eps48_h500_act8_native_s4_50k.json
starVLA-upstream-merge,robocasa365,ervla_robocasa365_pi_v5_s4,OpenDrawer,20,48,0.41666667,/e/project1/m3/blank4/code/starVLA-upstream-merge/playground/Checkpoints/ervla_robocasa365_pi_v5_s4/checkpoints/steps_50000_pytorch_model.eval/robocasa_OpenDrawer_seed42_envs24_eps48_h500_act8_native_s4_50k.json
starVLA-upstream-merge,robocasa365,ervla_robocasa365_pi_v5_s4,OpenStandMixerHead,39,48,0.81250000,/e/project1/m3/blank4/code/starVLA-upstream-merge/playground/Checkpoints/ervla_robocasa365_pi_v5_s4/checkpoints/steps_50000_pytorch_model.eval/robocasa_OpenStandMixerHead_seed42_envs24_eps48_h500_act8_native_s4_50k.json
starVLA-upstream-merge,robocasa365,ervla_robocasa365_pi_v5_s4,PickPlaceCounterToCabinet,17,48,0.35416667,/e/project1/m3/blank4/code/starVLA-upstream-merge/playground/Checkpoints/ervla_robocasa365_pi_v5_s4/checkpoints/steps_50000_pytorch_model.eval/robocasa_PickPlaceCounterToCabinet_seed42_envs24_eps48_h500_act8_native_s4_50k.json
starVLA-upstream-merge,robocasa365,ervla_robocasa365_pi_v5_s4,PickPlaceCounterToStove,32,48,0.66666667,/e/project1/m3/blank4/code/starVLA-upstream-merge/playground/Checkpoints/ervla_robocasa365_pi_v5_s4/checkpoints/steps_50000_pytorch_model.eval/robocasa_PickPlaceCounterToStove_seed42_envs24_eps48_h500_act8_native_s4_50k.json
starVLA-upstream-merge,robocasa365,ervla_robocasa365_pi_v5_s4,PickPlaceDrawerToCounter,15,48,0.31250000,/e/project1/m3/blank4/code/starVLA-upstream-merge/playground/Checkpoints/ervla_robocasa365_pi_v5_s4/checkpoints/steps_50000_pytorch_model.eval/robocasa_PickPlaceDrawerToCounter_seed42_envs24_eps48_h500_act8_native_s4_50k.json
starVLA-upstream-merge,robocasa365,ervla_robocasa365_pi_v5_s4,PickPlaceToasterToCounter,4,48,0.08333333,/e/project1/m3/blank4/code/starVLA-upstream-merge/playground/Checkpoints/ervla_robocasa365_pi_v5_s4/checkpoints/steps_50000_pytorch_model.eval/robocasa_PickPlaceToasterToCounter_seed42_envs24_eps48_h500_act8_native_s4_50k.json
starVLA-upstream-merge,robocasa365,ervla_robocasa365_pi_v5_s4,SlideDishwasherRack,19,48,0.39583333,/e/project1/m3/blank4/code/starVLA-upstream-merge/playground/Checkpoints/ervla_robocasa365_pi_v5_s4/checkpoints/steps_50000_pytorch_model.eval/robocasa_SlideDishwasherRack_seed42_envs24_eps48_h500_act8_native_s4_50k.json
starVLA-upstream-merge,robocasa365,ervla_robocasa365_pi_v5_s4,TurnOffStove,15,48,0.31250000,/e/project1/m3/blank4/code/starVLA-upstream-merge/playground/Checkpoints/ervla_robocasa365_pi_v5_s4/checkpoints/steps_50000_pytorch_model.eval/robocasa_TurnOffStove_seed42_envs24_eps48_h500_act8_native_s4_50k.json
starVLA-upstream-merge,robocasa365,ervla_robocasa365_pi_v5_s4,TurnOnElectricKettle,34,48,0.70833333,/e/project1/m3/blank4/code/starVLA-upstream-merge/playground/Checkpoints/ervla_robocasa365_pi_v5_s4/checkpoints/steps_50000_pytorch_model.eval/robocasa_TurnOnElectricKettle_seed42_envs24_eps48_h500_act8_native_s4_50k.json
starVLA-upstream-merge,robocasa365,ervla_robocasa365_pi_v5_s4,TurnOnMicrowave,24,48,0.50000000,/e/project1/m3/blank4/code/starVLA-upstream-merge/playground/Checkpoints/ervla_robocasa365_pi_v5_s4/checkpoints/steps_50000_pytorch_model.eval/robocasa_TurnOnMicrowave_seed42_envs24_eps48_h500_act8_native_s4_50k.json
starVLA-upstream-merge,robocasa365,ervla_robocasa365_pi_v5_s4,TurnOnSinkFaucet,13,48,0.27083333,/e/project1/m3/blank4/code/starVLA-upstream-merge/playground/Checkpoints/ervla_robocasa365_pi_v5_s4/checkpoints/steps_50000_pytorch_model.eval/robocasa_TurnOnSinkFaucet_seed42_envs24_eps48_h500_act8_native_s4_50k.json
starVLA-upstream-merge,robocasa365,ervla_robocasa365_pi_v5_s4,OpenStandMixerHead,41,48,0.85416667,/e/project1/m3/blank4/code/starVLA-upstream-merge/playground/Checkpoints/ervla_robocasa365_pi_v5_s4/checkpoints/steps_50000_pytorch_model.eval/robocasa_OpenStandMixerHead_seed42_envs24_eps48_h500_act8_native_st_random.json
starVLA-upstream-merge,robocasa365,ervla_robocasa365_pi_v5_s4,PickPlaceCounterToStove,26,48,0.54166667,/e/project1/m3/blank4/code/starVLA-upstream-merge/playground/Checkpoints/ervla_robocasa365_pi_v5_s4/checkpoints/steps_50000_pytorch_model.eval/robocasa_PickPlaceCounterToStove_seed42_envs24_eps48_h500_act8_native_st_random.json
starVLA-upstream-merge,robocasa365,ervla_robocasa365_pi_v5_s4,TurnOnElectricKettle,23,48,0.47916667,/e/project1/m3/blank4/code/starVLA-upstream-merge/playground/Checkpoints/ervla_robocasa365_pi_v5_s4/checkpoints/steps_50000_pytorch_model.eval/robocasa_TurnOnElectricKettle_seed42_envs24_eps48_h500_act8_native_st_random.json
starVLA-upstream-merge,robocasa365,ervla_robocasa365_pi_v5_s4,OpenStandMixerHead,37,48,0.77083333,/e/project1/m3/blank4/code/starVLA-upstream-merge/playground/Checkpoints/ervla_robocasa365_pi_v5_s4/checkpoints/steps_50000_pytorch_model.eval/robocasa_OpenStandMixerHead_seed42_envs24_eps48_h500_act8_native_st_shuffle.json
starVLA-upstream-merge,robocasa365,ervla_robocasa365_pi_v5_s4,PickPlaceCounterToStove,27,48,0.56250000,/e/project1/m3/blank4/code/starVLA-upstream-merge/playground/Checkpoints/ervla_robocasa365_pi_v5_s4/checkpoints/steps_50000_pytorch_model.eval/robocasa_PickPlaceCounterToStove_seed42_envs24_eps48_h500_act8_native_st_shuffle.json
starVLA-upstream-merge,robocasa365,ervla_robocasa365_pi_v5_s4,TurnOnElectricKettle,23,48,0.47916667,/e/project1/m3/blank4/code/starVLA-upstream-merge/playground/Checkpoints/ervla_robocasa365_pi_v5_s4/checkpoints/steps_50000_pytorch_model.eval/robocasa_TurnOnElectricKettle_seed42_envs24_eps48_h500_act8_native_st_shuffle.json
starVLA-upstream-merge,robocasa365,ervla_robocasa365_pi_v5_s4,OpenStandMixerHead,33,48,0.68750000,/e/project1/m3/blank4/code/starVLA-upstream-merge/playground/Checkpoints/ervla_robocasa365_pi_v5_s4/checkpoints/steps_50000_pytorch_model.eval/robocasa_OpenStandMixerHead_seed42_envs24_eps48_h500_act8_native_st_zero.json
starVLA-upstream-merge,robocasa365,ervla_robocasa365_pi_v5_s4,PickPlaceCounterToStove,11,48,0.22916667,/e/project1/m3/blank4/code/starVLA-upstream-merge/playground/Checkpoints/ervla_robocasa365_pi_v5_s4/checkpoints/steps_50000_pytorch_model.eval/robocasa_PickPlaceCounterToStove_seed42_envs24_eps48_h500_act8_native_st_zero.json
starVLA-upstream-merge,robocasa365,ervla_robocasa365_pi_v5_s4,TurnOnElectricKettle,0,48,0.00000000,/e/project1/m3/blank4/code/starVLA-upstream-merge/playground/Checkpoints/ervla_robocasa365_pi_v5_s4/checkpoints/steps_50000_pytorch_model.eval/robocasa_TurnOnElectricKettle_seed42_envs24_eps48_h500_act8_native_st_zero.json
starVLA-upstream-merge,robocasa365,ervla_robocasa365_pi_v5_s42,OpenDrawer,6,10,0.60000000,/e/project1/m3/blank4/code/starVLA-upstream-merge/playground/Checkpoints/ervla_robocasa365_pi_v5_s42/checkpoints/steps_30000_pytorch_model.eval/robocasa_OpenDrawer.json
starVLA-upstream-merge,robocasa365,ervla_robocasa365_pi_v5_s42,TurnOnMicrowave,1,10,0.10000000,/e/project1/m3/blank4/code/starVLA-upstream-merge/playground/Checkpoints/ervla_robocasa365_pi_v5_s42/checkpoints/steps_30000_pytorch_model.eval/robocasa_TurnOnMicrowave.json
starVLA-upstream-merge,robocasa365,ervla_robocasa365_pi_v5_s42,PickPlaceDrawerToCounter,0,24,0.00000000,/e/project1/m3/blank4/code/starVLA-upstream-merge/playground/Checkpoints/ervla_robocasa365_pi_v5_s42/checkpoints/steps_30000_pytorch_model.eval/robocasa_PickPlaceDrawerToCounter_pnp.json
starVLA-upstream-merge,robocasa365,ervla_robocasa365_pi_v5_s42,PickPlaceToasterToCounter,7,24,0.29166667,/e/project1/m3/blank4/code/starVLA-upstream-merge/playground/Checkpoints/ervla_robocasa365_pi_v5_s42/checkpoints/steps_30000_pytorch_model.eval/robocasa_PickPlaceToasterToCounter_pnp.json
starVLA-upstream-merge,robocasa365,ervla_robocasa365_pi_v5_s42,PickPlaceCounterToCabinet,2,24,0.08333333,/e/project1/m3/blank4/code/starVLA-upstream-merge/playground/Checkpoints/ervla_robocasa365_pi_v5_s42/checkpoints/steps_30000_pytorch_model.eval/robocasa_PickPlaceCounterToCabinet_seed42_envs12_eps24_h500_act8_native_pnp.json
starVLA-upstream-merge,robocasa365,ervla_robocasa365_pi_v5_s42,PickPlaceCounterToStove,6,24,0.25000000,/e/project1/m3/blank4/code/starVLA-upstream-merge/playground/Checkpoints/ervla_robocasa365_pi_v5_s42/checkpoints/steps_30000_pytorch_model.eval/robocasa_PickPlaceCounterToStove_seed42_envs12_eps24_h500_act8_native_pnp.json
starVLA-upstream-merge,robocasa365,ervla_robocasa365_pi_v5_s42,PickPlaceCounterToStove,12,24,0.50000000,/e/project1/m3/blank4/code/starVLA-upstream-merge/playground/Checkpoints/ervla_robocasa365_pi_v5_s42/checkpoints/steps_30000_pytorch_model.eval/robocasa_PickPlaceCounterToStove_seed42_envs12_eps24_h500_act8_native_steps10.json
starVLA-upstream-merge,robocasa365,ervla_robocasa365_pi_v5_s42,PickPlaceCounterToStove,7,24,0.29166667,/e/project1/m3/blank4/code/starVLA-upstream-merge/playground/Checkpoints/ervla_robocasa365_pi_v5_s42/checkpoints/steps_30000_pytorch_model.eval/robocasa_PickPlaceCounterToStove_seed42_envs12_eps24_h500_act8_native_steps4.json
starVLA-upstream-merge,robocasa365,ervla_robocasa365_pi_v5_s42,PickPlaceCounterToStove,31,96,0.32291667,/e/project1/m3/blank4/code/starVLA-upstream-merge/playground/Checkpoints/ervla_robocasa365_pi_v5_s42/checkpoints/steps_30000_pytorch_model.eval/robocasa_PickPlaceCounterToStove_seed42_envs24_eps96_h500_act8_native_steps10.json
starVLA-upstream-merge,robocasa365,ervla_robocasa365_pi_v5_s42,PickPlaceCounterToStove,27,96,0.28125000,/e/project1/m3/blank4/code/starVLA-upstream-merge/playground/Checkpoints/ervla_robocasa365_pi_v5_s42/checkpoints/steps_30000_pytorch_model.eval/robocasa_PickPlaceCounterToStove_seed42_envs24_eps96_h500_act8_native_steps4.json
starVLA-upstream-merge,robocasa365,ervla_robocasa365_pi_v5_s42,CloseBlenderLid,1,48,0.02083333,/e/project1/m3/blank4/code/starVLA-upstream-merge/playground/Checkpoints/ervla_robocasa365_pi_v5_s42/checkpoints/steps_50000_pytorch_model.eval/robocasa_CloseBlenderLid_seed42_envs24_eps48_h500_act8_native_s42_50k.json
starVLA-upstream-merge,robocasa365,ervla_robocasa365_pi_v5_s42,CloseFridge,12,48,0.25000000,/e/project1/m3/blank4/code/starVLA-upstream-merge/playground/Checkpoints/ervla_robocasa365_pi_v5_s42/checkpoints/steps_50000_pytorch_model.eval/robocasa_CloseFridge_seed42_envs24_eps48_h500_act8_native_s42_50k.json
starVLA-upstream-merge,robocasa365,ervla_robocasa365_pi_v5_s42,CloseToasterOvenDoor,26,48,0.54166667,/e/project1/m3/blank4/code/starVLA-upstream-merge/playground/Checkpoints/ervla_robocasa365_pi_v5_s42/checkpoints/steps_50000_pytorch_model.eval/robocasa_CloseToasterOvenDoor_seed42_envs24_eps48_h500_act8_native_s42_50k.json
starVLA-upstream-merge,robocasa365,ervla_robocasa365_pi_v5_s42,CoffeeSetupMug,16,48,0.33333333,/e/project1/m3/blank4/code/starVLA-upstream-merge/playground/Checkpoints/ervla_robocasa365_pi_v5_s42/checkpoints/steps_50000_pytorch_model.eval/robocasa_CoffeeSetupMug_seed42_envs24_eps48_h500_act8_native_s42_50k.json
starVLA-upstream-merge,robocasa365,ervla_robocasa365_pi_v5_s42,NavigateKitchen,9,48,0.18750000,/e/project1/m3/blank4/code/starVLA-upstream-merge/playground/Checkpoints/ervla_robocasa365_pi_v5_s42/checkpoints/steps_50000_pytorch_model.eval/robocasa_NavigateKitchen_seed42_envs24_eps48_h500_act8_native_s42_50k.json
starVLA-upstream-merge,robocasa365,ervla_robocasa365_pi_v5_s42,OpenCabinet,9,48,0.18750000,/e/project1/m3/blank4/code/starVLA-upstream-merge/playground/Checkpoints/ervla_robocasa365_pi_v5_s42/checkpoints/steps_50000_pytorch_model.eval/robocasa_OpenCabinet_seed42_envs24_eps48_h500_act8_native_s42_50k.json
starVLA-upstream-merge,robocasa365,ervla_robocasa365_pi_v5_s42,OpenDrawer,17,48,0.35416667,/e/project1/m3/blank4/code/starVLA-upstream-merge/playground/Checkpoints/ervla_robocasa365_pi_v5_s42/checkpoints/steps_50000_pytorch_model.eval/robocasa_OpenDrawer_seed42_envs24_eps48_h500_act8_native_s42_50k.json
starVLA-upstream-merge,robocasa365,ervla_robocasa365_pi_v5_s42,OpenStandMixerHead,42,48,0.87500000,/e/project1/m3/blank4/code/starVLA-upstream-merge/playground/Checkpoints/ervla_robocasa365_pi_v5_s42/checkpoints/steps_50000_pytorch_model.eval/robocasa_OpenStandMixerHead_seed42_envs24_eps48_h500_act8_native_s42_50k.json
starVLA-upstream-merge,robocasa365,ervla_robocasa365_pi_v5_s42,PickPlaceCounterToCabinet,16,48,0.33333333,/e/project1/m3/blank4/code/starVLA-upstream-merge/playground/Checkpoints/ervla_robocasa365_pi_v5_s42/checkpoints/steps_50000_pytorch_model.eval/robocasa_PickPlaceCounterToCabinet_seed42_envs24_eps48_h500_act8_native_s42_50k.json
starVLA-upstream-merge,robocasa365,ervla_robocasa365_pi_v5_s42,PickPlaceCounterToStove,35,48,0.72916667,/e/project1/m3/blank4/code/starVLA-upstream-merge/playground/Checkpoints/ervla_robocasa365_pi_v5_s42/checkpoints/steps_50000_pytorch_model.eval/robocasa_PickPlaceCounterToStove_seed42_envs24_eps48_h500_act8_native_s42_50k.json
starVLA-upstream-merge,robocasa365,ervla_robocasa365_pi_v5_s42,PickPlaceDrawerToCounter,10,48,0.20833333,/e/project1/m3/blank4/code/starVLA-upstream-merge/playground/Checkpoints/ervla_robocasa365_pi_v5_s42/checkpoints/steps_50000_pytorch_model.eval/robocasa_PickPlaceDrawerToCounter_seed42_envs24_eps48_h500_act8_native_s42_50k.json
starVLA-upstream-merge,robocasa365,ervla_robocasa365_pi_v5_s42,PickPlaceToasterToCounter,7,48,0.14583333,/e/project1/m3/blank4/code/starVLA-upstream-merge/playground/Checkpoints/ervla_robocasa365_pi_v5_s42/checkpoints/steps_50000_pytorch_model.eval/robocasa_PickPlaceToasterToCounter_seed42_envs24_eps48_h500_act8_native_s42_50k.json
starVLA-upstream-merge,robocasa365,ervla_robocasa365_pi_v5_s42,SlideDishwasherRack,24,48,0.50000000,/e/project1/m3/blank4/code/starVLA-upstream-merge/playground/Checkpoints/ervla_robocasa365_pi_v5_s42/checkpoints/steps_50000_pytorch_model.eval/robocasa_SlideDishwasherRack_seed42_envs24_eps48_h500_act8_native_s42_50k.json
starVLA-upstream-merge,robocasa365,ervla_robocasa365_pi_v5_s42,TurnOffStove,18,48,0.37500000,/e/project1/m3/blank4/code/starVLA-upstream-merge/playground/Checkpoints/ervla_robocasa365_pi_v5_s42/checkpoints/steps_50000_pytorch_model.eval/robocasa_TurnOffStove_seed42_envs24_eps48_h500_act8_native_s42_50k.json
starVLA-upstream-merge,robocasa365,ervla_robocasa365_pi_v5_s42,TurnOnElectricKettle,32,48,0.66666667,/e/project1/m3/blank4/code/starVLA-upstream-merge/playground/Checkpoints/ervla_robocasa365_pi_v5_s42/checkpoints/steps_50000_pytorch_model.eval/robocasa_TurnOnElectricKettle_seed42_envs24_eps48_h500_act8_native_s42_50k.json
starVLA-upstream-merge,robocasa365,ervla_robocasa365_pi_v5_s42,TurnOnMicrowave,13,48,0.27083333,/e/project1/m3/blank4/code/starVLA-upstream-merge/playground/Checkpoints/ervla_robocasa365_pi_v5_s42/checkpoints/steps_50000_pytorch_model.eval/robocasa_TurnOnMicrowave_seed42_envs24_eps48_h500_act8_native_s42_50k.json
starVLA-upstream-merge,robocasa365,ervla_robocasa365_pi_v5_s42,TurnOnSinkFaucet,26,48,0.54166667,/e/project1/m3/blank4/code/starVLA-upstream-merge/playground/Checkpoints/ervla_robocasa365_pi_v5_s42/checkpoints/steps_50000_pytorch_model.eval/robocasa_TurnOnSinkFaucet_seed42_envs24_eps48_h500_act8_native_s42_50k.json
