tree,run,arm,seed,benchmark,result_dir,suite_or_task,tag,n_episodes,successes,success_rate,se,checkpoint_step,source_path,is_full_protocol
starVLA,ervla_pi_decoder_latent_v_mid8_18,other,42,decoder-latent-libero,decoder-latent-libero,libero_10,,100,95,0.95000000,0.02179449,,/e/project1/m3/blank4/code/starVLA/playground/Checkpoints/ervla_pi_decoder_latent_v_mid8_18/results/decoder-latent-libero/overall_results.json,False
starVLA,ervla_pi_decoder_latent_v_mid8_18,other,42,decoder-latent-libero,decoder-latent-libero,libero_goal,,100,97,0.97000000,0.01705872,,/e/project1/m3/blank4/code/starVLA/playground/Checkpoints/ervla_pi_decoder_latent_v_mid8_18/results/decoder-latent-libero/overall_results.json,False
starVLA,ervla_pi_decoder_latent_v_mid8_18,other,42,decoder-latent-libero,decoder-latent-libero,libero_object,,100,99,0.99000000,0.00994987,,/e/project1/m3/blank4/code/starVLA/playground/Checkpoints/ervla_pi_decoder_latent_v_mid8_18/results/decoder-latent-libero/overall_results.json,False
starVLA,ervla_pi_decoder_latent_v_mid8_18,other,42,decoder-latent-libero,decoder-latent-libero,libero_spatial,,100,98,0.98000000,0.01400000,,/e/project1/m3/blank4/code/starVLA/playground/Checkpoints/ervla_pi_decoder_latent_v_mid8_18/results/decoder-latent-libero/overall_results.json,False
starVLA,ervla_pi_decoder_latent_v_mid8_18,other,42,decoder-latent-plus-gpuids,decoder-latent-plus-gpuids,libero_10,,1000,663,0.66300000,0.01494761,,/e/project1/m3/blank4/code/starVLA/playground/Checkpoints/ervla_pi_decoder_latent_v_mid8_18/results/decoder-latent-plus-gpuids/overall_results.json,True
starVLA,ervla_pi_decoder_latent_v_mid8_18,other,42,decoder-latent-plus-gpuids,decoder-latent-plus-gpuids,libero_goal,,1000,684,0.68400000,0.01470184,,/e/project1/m3/blank4/code/starVLA/playground/Checkpoints/ervla_pi_decoder_latent_v_mid8_18/results/decoder-latent-plus-gpuids/overall_results.json,True
starVLA,ervla_pi_decoder_latent_v_mid8_18,other,42,decoder-latent-plus-gpuids,decoder-latent-plus-gpuids,libero_object,,1000,854,0.85400000,0.01116620,,/e/project1/m3/blank4/code/starVLA/playground/Checkpoints/ervla_pi_decoder_latent_v_mid8_18/results/decoder-latent-plus-gpuids/overall_results.json,True
starVLA,ervla_pi_decoder_latent_v_mid8_18,other,42,decoder-latent-plus-gpuids,decoder-latent-plus-gpuids,libero_spatial,,1000,800,0.80000000,0.01264911,,/e/project1/m3/blank4/code/starVLA/playground/Checkpoints/ervla_pi_decoder_latent_v_mid8_18/results/decoder-latent-plus-gpuids/overall_results.json,True
starVLA,ervla_pi_decoder_latent_v_mid8_18,other,42,decoder-latent-plus-gpuids,decoder-latent-plus-gpuids/libero_10,libero_10,,1000,663,0.66300000,0.01494761,,/e/project1/m3/blank4/code/starVLA/playground/Checkpoints/ervla_pi_decoder_latent_v_mid8_18/results/decoder-latent-plus-gpuids/libero_10/overall_results.json,False
starVLA,ervla_pi_decoder_latent_v_mid8_18,other,42,decoder-latent-plus-gpuids,decoder-latent-plus-gpuids/libero_goal,libero_goal,,1000,684,0.68400000,0.01470184,,/e/project1/m3/blank4/code/starVLA/playground/Checkpoints/ervla_pi_decoder_latent_v_mid8_18/results/decoder-latent-plus-gpuids/libero_goal/overall_results.json,False
starVLA,ervla_pi_decoder_latent_v_mid8_18,other,42,decoder-latent-plus-gpuids,decoder-latent-plus-gpuids/libero_object,libero_object,,1000,854,0.85400000,0.01116620,,/e/project1/m3/blank4/code/starVLA/playground/Checkpoints/ervla_pi_decoder_latent_v_mid8_18/results/decoder-latent-plus-gpuids/libero_object/overall_results.json,False
starVLA,ervla_pi_decoder_latent_v_mid8_18,other,42,decoder-latent-plus-gpuids,decoder-latent-plus-gpuids/libero_spatial,libero_spatial,,1000,800,0.80000000,0.01264911,,/e/project1/m3/blank4/code/starVLA/playground/Checkpoints/ervla_pi_decoder_latent_v_mid8_18/results/decoder-latent-plus-gpuids/libero_spatial/overall_results.json,False
starVLA,ervla_a_causal,causal,42,libero,libero,libero_10,,100,92,0.92000000,0.02712932,,/e/project1/m3/blank4/code/starVLA/playground/Checkpoints/ervla_a_causal/results/libero/overall_results.json,False
starVLA,ervla_a_causal,causal,42,libero,libero,libero_goal,,100,99,0.99000000,0.00994987,,/e/project1/m3/blank4/code/starVLA/playground/Checkpoints/ervla_a_causal/results/libero/overall_results.json,False
starVLA,ervla_a_causal,causal,42,libero,libero,libero_object,,100,100,1.00000000,0.00000000,,/e/project1/m3/blank4/code/starVLA/playground/Checkpoints/ervla_a_causal/results/libero/overall_results.json,False
starVLA,ervla_a_causal,causal,42,libero,libero,libero_spatial,,100,97,0.97000000,0.01705872,,/e/project1/m3/blank4/code/starVLA/playground/Checkpoints/ervla_a_causal/results/libero/overall_results.json,False
starVLA,ervla_b_bidir,encoder,42,libero,libero,libero_10,,100,93,0.93000000,0.02551470,,/e/project1/m3/blank4/code/starVLA/playground/Checkpoints/ervla_b_bidir/results/libero/overall_results.json,False
starVLA,ervla_b_bidir,encoder,42,libero,libero,libero_goal,,100,95,0.95000000,0.02179449,,/e/project1/m3/blank4/code/starVLA/playground/Checkpoints/ervla_b_bidir/results/libero/overall_results.json,False
starVLA,ervla_b_bidir,encoder,42,libero,libero,libero_object,,100,99,0.99000000,0.00994987,,/e/project1/m3/blank4/code/starVLA/playground/Checkpoints/ervla_b_bidir/results/libero/overall_results.json,False
starVLA,ervla_b_bidir,encoder,42,libero,libero,libero_spatial,,100,95,0.95000000,0.02179449,,/e/project1/m3/blank4/code/starVLA/playground/Checkpoints/ervla_b_bidir/results/libero/overall_results.json,False
starVLA,ervla_c_action_batchdrop,other,42,libero,libero,libero_10,,100,95,0.95000000,0.02179449,,/e/project1/m3/blank4/code/starVLA/playground/Checkpoints/ervla_c_action_batchdrop/results/libero/overall_results.json,False
starVLA,ervla_c_action_batchdrop,other,42,libero,libero,libero_goal,,100,97,0.97000000,0.01705872,,/e/project1/m3/blank4/code/starVLA/playground/Checkpoints/ervla_c_action_batchdrop/results/libero/overall_results.json,False
starVLA,ervla_c_action_batchdrop,other,42,libero,libero,libero_object,,100,100,1.00000000,0.00000000,,/e/project1/m3/blank4/code/starVLA/playground/Checkpoints/ervla_c_action_batchdrop/results/libero/overall_results.json,False
starVLA,ervla_c_action_batchdrop,other,42,libero,libero,libero_spatial,,100,100,1.00000000,0.00000000,,/e/project1/m3/blank4/code/starVLA/playground/Checkpoints/ervla_c_action_batchdrop/results/libero/overall_results.json,False
starVLA,ervla_crand_batchdrop,other,42,libero,libero,libero_10,,100,90,0.90000000,0.03000000,,/e/project1/m3/blank4/code/starVLA/playground/Checkpoints/ervla_crand_batchdrop/results/libero/overall_results.json,False
starVLA,ervla_crand_batchdrop,other,42,libero,libero,libero_goal,,100,97,0.97000000,0.01705872,,/e/project1/m3/blank4/code/starVLA/playground/Checkpoints/ervla_crand_batchdrop/results/libero/overall_results.json,False
starVLA,ervla_crand_batchdrop,other,42,libero,libero,libero_object,,100,100,1.00000000,0.00000000,,/e/project1/m3/blank4/code/starVLA/playground/Checkpoints/ervla_crand_batchdrop/results/libero/overall_results.json,False
starVLA,ervla_crand_batchdrop,other,42,libero,libero,libero_spatial,,100,95,0.95000000,0.02179449,,/e/project1/m3/blank4/code/starVLA/playground/Checkpoints/ervla_crand_batchdrop/results/libero/overall_results.json,False
starVLA,ervla_d_cam3d_8gpu,other,42,libero,libero,libero_10,,100,91,0.91000000,0.02861818,,/e/project1/m3/blank4/code/starVLA/playground/Checkpoints/ervla_d_cam3d_8gpu/results/libero/overall_results.json,False
starVLA,ervla_d_cam3d_8gpu,other,42,libero,libero,libero_goal,,100,97,0.97000000,0.01705872,,/e/project1/m3/blank4/code/starVLA/playground/Checkpoints/ervla_d_cam3d_8gpu/results/libero/overall_results.json,False
starVLA,ervla_d_cam3d_8gpu,other,42,libero,libero,libero_object,,100,98,0.98000000,0.01400000,,/e/project1/m3/blank4/code/starVLA/playground/Checkpoints/ervla_d_cam3d_8gpu/results/libero/overall_results.json,False
starVLA,ervla_d_cam3d_8gpu,other,42,libero,libero,libero_spatial,,100,97,0.97000000,0.01705872,,/e/project1/m3/blank4/code/starVLA/playground/Checkpoints/ervla_d_cam3d_8gpu/results/libero/overall_results.json,False
starVLA,ervla_d_cam3d_rand_8gpu,other,42,libero,libero,libero_10,,100,95,0.95000000,0.02179449,,/e/project1/m3/blank4/code/starVLA/playground/Checkpoints/ervla_d_cam3d_rand_8gpu/results/libero/overall_results.json,False
starVLA,ervla_d_cam3d_rand_8gpu,other,42,libero,libero,libero_goal,,100,96,0.96000000,0.01959592,,/e/project1/m3/blank4/code/starVLA/playground/Checkpoints/ervla_d_cam3d_rand_8gpu/results/libero/overall_results.json,False
starVLA,ervla_d_cam3d_rand_8gpu,other,42,libero,libero,libero_object,,100,100,1.00000000,0.00000000,,/e/project1/m3/blank4/code/starVLA/playground/Checkpoints/ervla_d_cam3d_rand_8gpu/results/libero/overall_results.json,False
starVLA,ervla_d_cam3d_rand_8gpu,other,42,libero,libero,libero_spatial,,100,98,0.98000000,0.01400000,,/e/project1/m3/blank4/code/starVLA/playground/Checkpoints/ervla_d_cam3d_rand_8gpu/results/libero/overall_results.json,False
starVLA,ervla_d_ground_batchdrop,other,42,libero,libero,libero_10,,100,92,0.92000000,0.02712932,,/e/project1/m3/blank4/code/starVLA/playground/Checkpoints/ervla_d_ground_batchdrop/results/libero/overall_results.json,False
starVLA,ervla_d_ground_batchdrop,other,42,libero,libero,libero_goal,,100,100,1.00000000,0.00000000,,/e/project1/m3/blank4/code/starVLA/playground/Checkpoints/ervla_d_ground_batchdrop/results/libero/overall_results.json,False
starVLA,ervla_d_ground_batchdrop,other,42,libero,libero,libero_object,,100,100,1.00000000,0.00000000,,/e/project1/m3/blank4/code/starVLA/playground/Checkpoints/ervla_d_ground_batchdrop/results/libero/overall_results.json,False
starVLA,ervla_d_ground_batchdrop,other,42,libero,libero,libero_spatial,,100,95,0.95000000,0.02179449,,/e/project1/m3/blank4/code/starVLA/playground/Checkpoints/ervla_d_ground_batchdrop/results/libero/overall_results.json,False
starVLA,ervla_d_ground_state_batchdrop,other,42,libero,libero,libero_10,,100,91,0.91000000,0.02861818,,/e/project1/m3/blank4/code/starVLA/playground/Checkpoints/ervla_d_ground_state_batchdrop/results/libero/overall_results.json,False
starVLA,ervla_d_ground_state_batchdrop,other,42,libero,libero,libero_goal,,100,98,0.98000000,0.01400000,,/e/project1/m3/blank4/code/starVLA/playground/Checkpoints/ervla_d_ground_state_batchdrop/results/libero/overall_results.json,False
starVLA,ervla_d_ground_state_batchdrop,other,42,libero,libero,libero_object,,100,100,1.00000000,0.00000000,,/e/project1/m3/blank4/code/starVLA/playground/Checkpoints/ervla_d_ground_state_batchdrop/results/libero/overall_results.json,False
starVLA,ervla_d_ground_state_batchdrop,other,42,libero,libero,libero_spatial,,100,99,0.99000000,0.00994987,,/e/project1/m3/blank4/code/starVLA/playground/Checkpoints/ervla_d_ground_state_batchdrop/results/libero/overall_results.json,False
starVLA,ervla_e_staged_batchdrop,other,42,libero,libero,libero_10,,100,94,0.94000000,0.02374868,,/e/project1/m3/blank4/code/starVLA/playground/Checkpoints/ervla_e_staged_batchdrop/results/libero/overall_results.json,False
starVLA,ervla_e_staged_batchdrop,other,42,libero,libero,libero_goal,,100,98,0.98000000,0.01400000,,/e/project1/m3/blank4/code/starVLA/playground/Checkpoints/ervla_e_staged_batchdrop/results/libero/overall_results.json,False
starVLA,ervla_e_staged_batchdrop,other,42,libero,libero,libero_object,,100,98,0.98000000,0.01400000,,/e/project1/m3/blank4/code/starVLA/playground/Checkpoints/ervla_e_staged_batchdrop/results/libero/overall_results.json,False
starVLA,ervla_e_staged_batchdrop,other,42,libero,libero,libero_spatial,,100,96,0.96000000,0.01959592,,/e/project1/m3/blank4/code/starVLA/playground/Checkpoints/ervla_e_staged_batchdrop/results/libero/overall_results.json,False
starVLA,ervla_f_decoder_frozen,other,42,libero,libero,libero_10,,100,94,0.94000000,0.02374868,,/e/project1/m3/blank4/code/starVLA/playground/Checkpoints/ervla_f_decoder_frozen/results/libero/overall_results.json,False
starVLA,ervla_f_decoder_frozen,other,42,libero,libero,libero_goal,,100,95,0.95000000,0.02179449,,/e/project1/m3/blank4/code/starVLA/playground/Checkpoints/ervla_f_decoder_frozen/results/libero/overall_results.json,False
starVLA,ervla_f_decoder_frozen,other,42,libero,libero,libero_object,,100,99,0.99000000,0.00994987,,/e/project1/m3/blank4/code/starVLA/playground/Checkpoints/ervla_f_decoder_frozen/results/libero/overall_results.json,False
starVLA,ervla_f_decoder_frozen,other,42,libero,libero,libero_spatial,,100,94,0.94000000,0.02374868,,/e/project1/m3/blank4/code/starVLA/playground/Checkpoints/ervla_f_decoder_frozen/results/libero/overall_results.json,False
starVLA,ervla_g_cam3d_cot05,CoT-trace,42,libero,libero,libero_10,,100,97,0.97000000,0.01705872,,/e/project1/m3/blank4/code/starVLA/playground/Checkpoints/ervla_g_cam3d_cot05/results/libero/overall_results.json,False
starVLA,ervla_g_cam3d_cot05,CoT-trace,42,libero,libero,libero_goal,,100,98,0.98000000,0.01400000,,/e/project1/m3/blank4/code/starVLA/playground/Checkpoints/ervla_g_cam3d_cot05/results/libero/overall_results.json,False
starVLA,ervla_g_cam3d_cot05,CoT-trace,42,libero,libero,libero_object,,100,100,1.00000000,0.00000000,,/e/project1/m3/blank4/code/starVLA/playground/Checkpoints/ervla_g_cam3d_cot05/results/libero/overall_results.json,False
starVLA,ervla_g_cam3d_cot05,CoT-trace,42,libero,libero,libero_spatial,,100,99,0.99000000,0.00994987,,/e/project1/m3/blank4/code/starVLA/playground/Checkpoints/ervla_g_cam3d_cot05/results/libero/overall_results.json,False
starVLA,ervla_g_cross_only,other,42,libero,libero,libero_10,,100,96,0.96000000,0.01959592,,/e/project1/m3/blank4/code/starVLA/playground/Checkpoints/ervla_g_cross_only/results/libero/overall_results.json,False
starVLA,ervla_g_cross_only,other,42,libero,libero,libero_goal,,100,97,0.97000000,0.01705872,,/e/project1/m3/blank4/code/starVLA/playground/Checkpoints/ervla_g_cross_only/results/libero/overall_results.json,False
starVLA,ervla_g_cross_only,other,42,libero,libero,libero_object,,100,96,0.96000000,0.01959592,,/e/project1/m3/blank4/code/starVLA/playground/Checkpoints/ervla_g_cross_only/results/libero/overall_results.json,False
starVLA,ervla_g_cross_only,other,42,libero,libero,libero_spatial,,100,98,0.98000000,0.01400000,,/e/project1/m3/blank4/code/starVLA/playground/Checkpoints/ervla_g_cross_only/results/libero/overall_results.json,False
starVLA,ervla_h_enc_choice_cam3d,other,42,libero,libero,libero_10,,100,91,0.91000000,0.02861818,,/e/project1/m3/blank4/code/starVLA/playground/Checkpoints/ervla_h_enc_choice_cam3d/results/libero/overall_results.json,False
starVLA,ervla_h_enc_choice_cam3d,other,42,libero,libero,libero_goal,,100,100,1.00000000,0.00000000,,/e/project1/m3/blank4/code/starVLA/playground/Checkpoints/ervla_h_enc_choice_cam3d/results/libero/overall_results.json,False
starVLA,ervla_h_enc_choice_cam3d,other,42,libero,libero,libero_object,,100,99,0.99000000,0.00994987,,/e/project1/m3/blank4/code/starVLA/playground/Checkpoints/ervla_h_enc_choice_cam3d/results/libero/overall_results.json,False
starVLA,ervla_h_enc_choice_cam3d,other,42,libero,libero,libero_spatial,,100,98,0.98000000,0.01400000,,/e/project1/m3/blank4/code/starVLA/playground/Checkpoints/ervla_h_enc_choice_cam3d/results/libero/overall_results.json,False
starVLA,ervla_i_dec_choice_cam3d,other,42,libero,libero,libero_10,,100,94,0.94000000,0.02374868,,/e/project1/m3/blank4/code/starVLA/playground/Checkpoints/ervla_i_dec_choice_cam3d/results/libero/overall_results.json,False
starVLA,ervla_i_dec_choice_cam3d,other,42,libero,libero,libero_goal,,100,100,1.00000000,0.00000000,,/e/project1/m3/blank4/code/starVLA/playground/Checkpoints/ervla_i_dec_choice_cam3d/results/libero/overall_results.json,False
starVLA,ervla_i_dec_choice_cam3d,other,42,libero,libero,libero_object,,100,99,0.99000000,0.00994987,,/e/project1/m3/blank4/code/starVLA/playground/Checkpoints/ervla_i_dec_choice_cam3d/results/libero/overall_results.json,False
starVLA,ervla_i_dec_choice_cam3d,other,42,libero,libero,libero_spatial,,100,98,0.98000000,0.01400000,,/e/project1/m3/blank4/code/starVLA/playground/Checkpoints/ervla_i_dec_choice_cam3d/results/libero/overall_results.json,False
starVLA,ervla_j_dec_choice_staged_cam3d,other,42,libero,libero,libero_10,,100,92,0.92000000,0.02712932,,/e/project1/m3/blank4/code/starVLA/playground/Checkpoints/ervla_j_dec_choice_staged_cam3d/results/libero/overall_results.json,False
starVLA,ervla_j_dec_choice_staged_cam3d,other,42,libero,libero,libero_goal,,100,97,0.97000000,0.01705872,,/e/project1/m3/blank4/code/starVLA/playground/Checkpoints/ervla_j_dec_choice_staged_cam3d/results/libero/overall_results.json,False
starVLA,ervla_j_dec_choice_staged_cam3d,other,42,libero,libero,libero_object,,100,100,1.00000000,0.00000000,,/e/project1/m3/blank4/code/starVLA/playground/Checkpoints/ervla_j_dec_choice_staged_cam3d/results/libero/overall_results.json,False
starVLA,ervla_j_dec_choice_staged_cam3d,other,42,libero,libero,libero_spatial,,100,97,0.97000000,0.01705872,,/e/project1/m3/blank4/code/starVLA/playground/Checkpoints/ervla_j_dec_choice_staged_cam3d/results/libero/overall_results.json,False
starVLA,ervla_k2_pi_cam3d_cot05_pifix_latent32,CoT-trace,42,libero,libero,libero_10,,100,90,0.90000000,0.03000000,,/e/project1/m3/blank4/code/starVLA/playground/Checkpoints/ervla_k2_pi_cam3d_cot05_pifix_latent32/results/libero/overall_results.json,False
starVLA,ervla_k2_pi_cam3d_cot05_pifix_latent32,CoT-trace,42,libero,libero,libero_goal,,100,97,0.97000000,0.01705872,,/e/project1/m3/blank4/code/starVLA/playground/Checkpoints/ervla_k2_pi_cam3d_cot05_pifix_latent32/results/libero/overall_results.json,False
starVLA,ervla_k2_pi_cam3d_cot05_pifix_latent32,CoT-trace,42,libero,libero,libero_object,,100,100,1.00000000,0.00000000,,/e/project1/m3/blank4/code/starVLA/playground/Checkpoints/ervla_k2_pi_cam3d_cot05_pifix_latent32/results/libero/overall_results.json,False
starVLA,ervla_k2_pi_cam3d_cot05_pifix_latent32,CoT-trace,42,libero,libero,libero_spatial,,100,97,0.97000000,0.01705872,,/e/project1/m3/blank4/code/starVLA/playground/Checkpoints/ervla_k2_pi_cam3d_cot05_pifix_latent32/results/libero/overall_results.json,False
starVLA,ervla_k2_pi_cam3d_cot05_pifix_nolatent,CoT-trace,42,libero,libero,libero_10,,100,98,0.98000000,0.01400000,,/e/project1/m3/blank4/code/starVLA/playground/Checkpoints/ervla_k2_pi_cam3d_cot05_pifix_nolatent/results/libero/overall_results.json,False
starVLA,ervla_k2_pi_cam3d_cot05_pifix_nolatent,CoT-trace,42,libero,libero,libero_goal,,100,98,0.98000000,0.01400000,,/e/project1/m3/blank4/code/starVLA/playground/Checkpoints/ervla_k2_pi_cam3d_cot05_pifix_nolatent/results/libero/overall_results.json,False
starVLA,ervla_k2_pi_cam3d_cot05_pifix_nolatent,CoT-trace,42,libero,libero,libero_object,,100,100,1.00000000,0.00000000,,/e/project1/m3/blank4/code/starVLA/playground/Checkpoints/ervla_k2_pi_cam3d_cot05_pifix_nolatent/results/libero/overall_results.json,False
starVLA,ervla_k2_pi_cam3d_cot05_pifix_nolatent,CoT-trace,42,libero,libero,libero_spatial,,100,98,0.98000000,0.01400000,,/e/project1/m3/blank4/code/starVLA/playground/Checkpoints/ervla_k2_pi_cam3d_cot05_pifix_nolatent/results/libero/overall_results.json,False
starVLA,ervla_k_pi_cam3d_cot05,CoT-trace,42,libero,libero,libero_10,,100,46,0.46000000,0.04983974,,/e/project1/m3/blank4/code/starVLA/playground/Checkpoints/ervla_k_pi_cam3d_cot05/results/libero/overall_results.json,False
starVLA,ervla_k_pi_cam3d_cot05,CoT-trace,42,libero,libero,libero_goal,,100,56,0.56000000,0.04963869,,/e/project1/m3/blank4/code/starVLA/playground/Checkpoints/ervla_k_pi_cam3d_cot05/results/libero/overall_results.json,False
starVLA,ervla_k_pi_cam3d_cot05,CoT-trace,42,libero,libero,libero_object,,100,70,0.70000000,0.04582576,,/e/project1/m3/blank4/code/starVLA/playground/Checkpoints/ervla_k_pi_cam3d_cot05/results/libero/overall_results.json,False
starVLA,ervla_k_pi_cam3d_cot05,CoT-trace,42,libero,libero,libero_spatial,,100,59,0.59000000,0.04918333,,/e/project1/m3/blank4/code/starVLA/playground/Checkpoints/ervla_k_pi_cam3d_cot05/results/libero/overall_results.json,False
starVLA,ervla_k_pi_cam3d_cot05_masked,CoT-trace,42,libero,libero,libero_10,,100,91,0.91000000,0.02861818,,/e/project1/m3/blank4/code/starVLA/playground/Checkpoints/ervla_k_pi_cam3d_cot05_masked/results/libero/overall_results.json,False
starVLA,ervla_k_pi_cam3d_cot05_masked,CoT-trace,42,libero,libero,libero_goal,,100,99,0.99000000,0.00994987,,/e/project1/m3/blank4/code/starVLA/playground/Checkpoints/ervla_k_pi_cam3d_cot05_masked/results/libero/overall_results.json,False
starVLA,ervla_k_pi_cam3d_cot05_masked,CoT-trace,42,libero,libero,libero_object,,100,99,0.99000000,0.00994987,,/e/project1/m3/blank4/code/starVLA/playground/Checkpoints/ervla_k_pi_cam3d_cot05_masked/results/libero/overall_results.json,False
starVLA,ervla_k_pi_cam3d_cot05_masked,CoT-trace,42,libero,libero,libero_spatial,,100,97,0.97000000,0.01705872,,/e/project1/m3/blank4/code/starVLA/playground/Checkpoints/ervla_k_pi_cam3d_cot05_masked/results/libero/overall_results.json,False
starVLA,ervla_k_pi_cam3d_cot05_masked_seed43,CoT-trace,43,libero,libero,libero_10,,100,98,0.98000000,0.01400000,,/e/project1/m3/blank4/code/starVLA/playground/Checkpoints/ervla_k_pi_cam3d_cot05_masked_seed43/results/libero/overall_results.json,False
starVLA,ervla_k_pi_cam3d_cot05_masked_seed43,CoT-trace,43,libero,libero,libero_goal,,100,99,0.99000000,0.00994987,,/e/project1/m3/blank4/code/starVLA/playground/Checkpoints/ervla_k_pi_cam3d_cot05_masked_seed43/results/libero/overall_results.json,False
starVLA,ervla_k_pi_cam3d_cot05_masked_seed43,CoT-trace,43,libero,libero,libero_object,,100,100,1.00000000,0.00000000,,/e/project1/m3/blank4/code/starVLA/playground/Checkpoints/ervla_k_pi_cam3d_cot05_masked_seed43/results/libero/overall_results.json,False
starVLA,ervla_k_pi_cam3d_cot05_masked_seed43,CoT-trace,43,libero,libero,libero_spatial,,100,100,1.00000000,0.00000000,,/e/project1/m3/blank4/code/starVLA/playground/Checkpoints/ervla_k_pi_cam3d_cot05_masked_seed43/results/libero/overall_results.json,False
starVLA,ervla_l_split14_gr00t_action,GR00T/other-backbone,42,libero,libero,libero_10,,100,90,0.90000000,0.03000000,,/e/project1/m3/blank4/code/starVLA/playground/Checkpoints/ervla_l_split14_gr00t_action/results/libero/overall_results.json,False
starVLA,ervla_l_split14_gr00t_action,GR00T/other-backbone,42,libero,libero,libero_goal,,100,100,1.00000000,0.00000000,,/e/project1/m3/blank4/code/starVLA/playground/Checkpoints/ervla_l_split14_gr00t_action/results/libero/overall_results.json,False
starVLA,ervla_l_split14_gr00t_action,GR00T/other-backbone,42,libero,libero,libero_object,,100,98,0.98000000,0.01400000,,/e/project1/m3/blank4/code/starVLA/playground/Checkpoints/ervla_l_split14_gr00t_action/results/libero/overall_results.json,False
starVLA,ervla_l_split14_gr00t_action,GR00T/other-backbone,42,libero,libero,libero_spatial,,100,95,0.95000000,0.02179449,,/e/project1/m3/blank4/code/starVLA/playground/Checkpoints/ervla_l_split14_gr00t_action/results/libero/overall_results.json,False
starVLA,ervla_m_overlap18_gr00t_action,GR00T/other-backbone,42,libero,libero,libero_10,,100,94,0.94000000,0.02374868,,/e/project1/m3/blank4/code/starVLA/playground/Checkpoints/ervla_m_overlap18_gr00t_action/results/libero/overall_results.json,False
starVLA,ervla_m_overlap18_gr00t_action,GR00T/other-backbone,42,libero,libero,libero_goal,,100,99,0.99000000,0.00994987,,/e/project1/m3/blank4/code/starVLA/playground/Checkpoints/ervla_m_overlap18_gr00t_action/results/libero/overall_results.json,False
starVLA,ervla_m_overlap18_gr00t_action,GR00T/other-backbone,42,libero,libero,libero_object,,100,100,1.00000000,0.00000000,,/e/project1/m3/blank4/code/starVLA/playground/Checkpoints/ervla_m_overlap18_gr00t_action/results/libero/overall_results.json,False
starVLA,ervla_m_overlap18_gr00t_action,GR00T/other-backbone,42,libero,libero,libero_spatial,,100,99,0.99000000,0.00994987,,/e/project1/m3/blank4/code/starVLA/playground/Checkpoints/ervla_m_overlap18_gr00t_action/results/libero/overall_results.json,False
starVLA,ervla_mlm_pi_encoder_cam3d,encoder/mlm,42,libero,libero,libero_10,,100,97,0.97000000,0.01705872,,/e/project1/m3/blank4/code/starVLA/playground/Checkpoints/ervla_mlm_pi_encoder_cam3d/results/libero/overall_results.json,False
starVLA,ervla_mlm_pi_encoder_cam3d,encoder/mlm,42,libero,libero,libero_goal,,100,96,0.96000000,0.01959592,,/e/project1/m3/blank4/code/starVLA/playground/Checkpoints/ervla_mlm_pi_encoder_cam3d/results/libero/overall_results.json,False
starVLA,ervla_mlm_pi_encoder_cam3d,encoder/mlm,42,libero,libero,libero_object,,100,100,1.00000000,0.00000000,,/e/project1/m3/blank4/code/starVLA/playground/Checkpoints/ervla_mlm_pi_encoder_cam3d/results/libero/overall_results.json,False
starVLA,ervla_mlm_pi_encoder_cam3d,encoder/mlm,42,libero,libero,libero_spatial,,100,95,0.95000000,0.02179449,,/e/project1/m3/blank4/code/starVLA/playground/Checkpoints/ervla_mlm_pi_encoder_cam3d/results/libero/overall_results.json,False
starVLA,ervla_mlm_pi_encoder_cam3d_rand,encoder/mlm,42,libero,libero,libero_10,,100,94,0.94000000,0.02374868,,/e/project1/m3/blank4/code/starVLA/playground/Checkpoints/ervla_mlm_pi_encoder_cam3d_rand/results/libero/overall_results.json,False
starVLA,ervla_mlm_pi_encoder_cam3d_rand,encoder/mlm,42,libero,libero,libero_goal,,100,96,0.96000000,0.01959592,,/e/project1/m3/blank4/code/starVLA/playground/Checkpoints/ervla_mlm_pi_encoder_cam3d_rand/results/libero/overall_results.json,False
starVLA,ervla_mlm_pi_encoder_cam3d_rand,encoder/mlm,42,libero,libero,libero_object,,100,100,1.00000000,0.00000000,,/e/project1/m3/blank4/code/starVLA/playground/Checkpoints/ervla_mlm_pi_encoder_cam3d_rand/results/libero/overall_results.json,False
starVLA,ervla_mlm_pi_encoder_cam3d_rand,encoder/mlm,42,libero,libero,libero_spatial,,100,97,0.97000000,0.01705872,,/e/project1/m3/blank4/code/starVLA/playground/Checkpoints/ervla_mlm_pi_encoder_cam3d_rand/results/libero/overall_results.json,False
starVLA,ervla_mlm_pi_encoder_cam3d_slotdrop15_nolabeldrop_noditdrop,encoder/mlm,42,libero,libero,libero_10,,100,91,0.91000000,0.02861818,,/e/project1/m3/blank4/code/starVLA/playground/Checkpoints/ervla_mlm_pi_encoder_cam3d_slotdrop15_nolabeldrop_noditdrop/results/libero/overall_results.json,False
starVLA,ervla_mlm_pi_encoder_cam3d_slotdrop15_nolabeldrop_noditdrop,encoder/mlm,42,libero,libero,libero_goal,,100,97,0.97000000,0.01705872,,/e/project1/m3/blank4/code/starVLA/playground/Checkpoints/ervla_mlm_pi_encoder_cam3d_slotdrop15_nolabeldrop_noditdrop/results/libero/overall_results.json,False
starVLA,ervla_mlm_pi_encoder_cam3d_slotdrop15_nolabeldrop_noditdrop,encoder/mlm,42,libero,libero,libero_object,,100,100,1.00000000,0.00000000,,/e/project1/m3/blank4/code/starVLA/playground/Checkpoints/ervla_mlm_pi_encoder_cam3d_slotdrop15_nolabeldrop_noditdrop/results/libero/overall_results.json,False
starVLA,ervla_mlm_pi_encoder_cam3d_slotdrop15_nolabeldrop_noditdrop,encoder/mlm,42,libero,libero,libero_spatial,,100,97,0.97000000,0.01705872,,/e/project1/m3/blank4/code/starVLA/playground/Checkpoints/ervla_mlm_pi_encoder_cam3d_slotdrop15_nolabeldrop_noditdrop/results/libero/overall_results.json,False
starVLA,ervla_mlm_pi_encoder_control,encoder/mlm,42,libero,libero,libero_10,,100,92,0.92000000,0.02712932,,/e/project1/m3/blank4/code/starVLA/playground/Checkpoints/ervla_mlm_pi_encoder_control/results/libero/overall_results.json,False
starVLA,ervla_mlm_pi_encoder_control,encoder/mlm,42,libero,libero,libero_goal,,100,98,0.98000000,0.01400000,,/e/project1/m3/blank4/code/starVLA/playground/Checkpoints/ervla_mlm_pi_encoder_control/results/libero/overall_results.json,False
starVLA,ervla_mlm_pi_encoder_control,encoder/mlm,42,libero,libero,libero_object,,100,99,0.99000000,0.00994987,,/e/project1/m3/blank4/code/starVLA/playground/Checkpoints/ervla_mlm_pi_encoder_control/results/libero/overall_results.json,False
starVLA,ervla_mlm_pi_encoder_control,encoder/mlm,42,libero,libero,libero_spatial,,100,99,0.99000000,0.00994987,,/e/project1/m3/blank4/code/starVLA/playground/Checkpoints/ervla_mlm_pi_encoder_control/results/libero/overall_results.json,False
starVLA,ervla_n_overlap18_structaux_cot,CoT-trace,42,libero,libero,libero_10,,100,95,0.95000000,0.02179449,,/e/project1/m3/blank4/code/starVLA/playground/Checkpoints/ervla_n_overlap18_structaux_cot/results/libero/overall_results.json,False
starVLA,ervla_n_overlap18_structaux_cot,CoT-trace,42,libero,libero,libero_goal,,100,98,0.98000000,0.01400000,,/e/project1/m3/blank4/code/starVLA/playground/Checkpoints/ervla_n_overlap18_structaux_cot/results/libero/overall_results.json,False
starVLA,ervla_n_overlap18_structaux_cot,CoT-trace,42,libero,libero,libero_object,,100,98,0.98000000,0.01400000,,/e/project1/m3/blank4/code/starVLA/playground/Checkpoints/ervla_n_overlap18_structaux_cot/results/libero/overall_results.json,False
starVLA,ervla_n_overlap18_structaux_cot,CoT-trace,42,libero,libero,libero_spatial,,100,95,0.95000000,0.02179449,,/e/project1/m3/blank4/code/starVLA/playground/Checkpoints/ervla_n_overlap18_structaux_cot/results/libero/overall_results.json,False
starVLA,ervla_o_split14_pi_cot,CoT-trace,42,libero,libero,libero_10,,100,67,0.67000000,0.04702127,,/e/project1/m3/blank4/code/starVLA/playground/Checkpoints/ervla_o_split14_pi_cot/results/libero/overall_results.json,False
starVLA,ervla_o_split14_pi_cot,CoT-trace,42,libero,libero,libero_goal,,100,47,0.47000000,0.04990992,,/e/project1/m3/blank4/code/starVLA/playground/Checkpoints/ervla_o_split14_pi_cot/results/libero/overall_results.json,False
starVLA,ervla_o_split14_pi_cot,CoT-trace,42,libero,libero,libero_object,,100,72,0.72000000,0.04489989,,/e/project1/m3/blank4/code/starVLA/playground/Checkpoints/ervla_o_split14_pi_cot/results/libero/overall_results.json,False
starVLA,ervla_o_split14_pi_cot,CoT-trace,42,libero,libero,libero_spatial,,100,88,0.88000000,0.03249615,,/e/project1/m3/blank4/code/starVLA/playground/Checkpoints/ervla_o_split14_pi_cot/results/libero/overall_results.json,False
starVLA,ervla_o_split14_pi_cot_masked,CoT-trace,42,libero,libero,libero_10,,100,92,0.92000000,0.02712932,,/e/project1/m3/blank4/code/starVLA/playground/Checkpoints/ervla_o_split14_pi_cot_masked/results/libero/overall_results.json,False
starVLA,ervla_o_split14_pi_cot_masked,CoT-trace,42,libero,libero,libero_goal,,100,97,0.97000000,0.01705872,,/e/project1/m3/blank4/code/starVLA/playground/Checkpoints/ervla_o_split14_pi_cot_masked/results/libero/overall_results.json,False
starVLA,ervla_o_split14_pi_cot_masked,CoT-trace,42,libero,libero,libero_object,,100,97,0.97000000,0.01705872,,/e/project1/m3/blank4/code/starVLA/playground/Checkpoints/ervla_o_split14_pi_cot_masked/results/libero/overall_results.json,False
starVLA,ervla_o_split14_pi_cot_masked,CoT-trace,42,libero,libero,libero_spatial,,100,96,0.96000000,0.01959592,,/e/project1/m3/blank4/code/starVLA/playground/Checkpoints/ervla_o_split14_pi_cot_masked/results/libero/overall_results.json,False
starVLA,ervla_p_causal_pi_masked,causal,42,libero,libero,libero_10,,100,92,0.92000000,0.02712932,,/e/project1/m3/blank4/code/starVLA/playground/Checkpoints/ervla_p_causal_pi_masked/results/libero/overall_results.json,False
starVLA,ervla_p_causal_pi_masked,causal,42,libero,libero,libero_goal,,100,99,0.99000000,0.00994987,,/e/project1/m3/blank4/code/starVLA/playground/Checkpoints/ervla_p_causal_pi_masked/results/libero/overall_results.json,False
starVLA,ervla_p_causal_pi_masked,causal,42,libero,libero,libero_object,,100,99,0.99000000,0.00994987,,/e/project1/m3/blank4/code/starVLA/playground/Checkpoints/ervla_p_causal_pi_masked/results/libero/overall_results.json,False
starVLA,ervla_p_causal_pi_masked,causal,42,libero,libero,libero_spatial,,100,97,0.97000000,0.01705872,,/e/project1/m3/blank4/code/starVLA/playground/Checkpoints/ervla_p_causal_pi_masked/results/libero/overall_results.json,False
starVLA,ervla_pi_bidir_actiononly_pifix_nolatent_nodrop_2gpu_s42,encoder,42,libero,libero,libero_10,,100,90,0.90000000,0.03000000,,/e/project1/m3/blank4/code/starVLA/playground/Checkpoints/ervla_pi_bidir_actiononly_pifix_nolatent_nodrop_2gpu_s42/results/libero/overall_results.json,False
starVLA,ervla_pi_bidir_actiononly_pifix_nolatent_nodrop_2gpu_s42,encoder,42,libero,libero,libero_goal,,100,98,0.98000000,0.01400000,,/e/project1/m3/blank4/code/starVLA/playground/Checkpoints/ervla_pi_bidir_actiononly_pifix_nolatent_nodrop_2gpu_s42/results/libero/overall_results.json,False
starVLA,ervla_pi_bidir_actiononly_pifix_nolatent_nodrop_2gpu_s42,encoder,42,libero,libero,libero_object,,100,100,1.00000000,0.00000000,,/e/project1/m3/blank4/code/starVLA/playground/Checkpoints/ervla_pi_bidir_actiononly_pifix_nolatent_nodrop_2gpu_s42/results/libero/overall_results.json,False
starVLA,ervla_pi_bidir_actiononly_pifix_nolatent_nodrop_2gpu_s42,encoder,42,libero,libero,libero_spatial,,100,99,0.99000000,0.00994987,,/e/project1/m3/blank4/code/starVLA/playground/Checkpoints/ervla_pi_bidir_actiononly_pifix_nolatent_nodrop_2gpu_s42/results/libero/overall_results.json,False
starVLA,ervla_pi_bidir_actiononly_pifix_nolatent_nodrop_2gpu_s43,encoder,43,libero,libero,libero_10,,100,97,0.97000000,0.01705872,,/e/project1/m3/blank4/code/starVLA/playground/Checkpoints/ervla_pi_bidir_actiononly_pifix_nolatent_nodrop_2gpu_s43/results/libero/overall_results.json,False
starVLA,ervla_pi_bidir_actiononly_pifix_nolatent_nodrop_2gpu_s43,encoder,43,libero,libero,libero_goal,,100,98,0.98000000,0.01400000,,/e/project1/m3/blank4/code/starVLA/playground/Checkpoints/ervla_pi_bidir_actiononly_pifix_nolatent_nodrop_2gpu_s43/results/libero/overall_results.json,False
starVLA,ervla_pi_bidir_actiononly_pifix_nolatent_nodrop_2gpu_s43,encoder,43,libero,libero,libero_object,,100,100,1.00000000,0.00000000,,/e/project1/m3/blank4/code/starVLA/playground/Checkpoints/ervla_pi_bidir_actiononly_pifix_nolatent_nodrop_2gpu_s43/results/libero/overall_results.json,False
starVLA,ervla_pi_bidir_actiononly_pifix_nolatent_nodrop_2gpu_s43,encoder,43,libero,libero,libero_spatial,,100,95,0.95000000,0.02179449,,/e/project1/m3/blank4/code/starVLA/playground/Checkpoints/ervla_pi_bidir_actiononly_pifix_nolatent_nodrop_2gpu_s43/results/libero/overall_results.json,False
starVLA,ervla_pi_bidir_actiononly_pifix_nolatent_nodrop_2gpu_s44,encoder,44,libero,libero,libero_10,,100,93,0.93000000,0.02551470,,/e/project1/m3/blank4/code/starVLA/playground/Checkpoints/ervla_pi_bidir_actiononly_pifix_nolatent_nodrop_2gpu_s44/results/libero/overall_results.json,False
starVLA,ervla_pi_bidir_actiononly_pifix_nolatent_nodrop_2gpu_s44,encoder,44,libero,libero,libero_goal,,100,99,0.99000000,0.00994987,,/e/project1/m3/blank4/code/starVLA/playground/Checkpoints/ervla_pi_bidir_actiononly_pifix_nolatent_nodrop_2gpu_s44/results/libero/overall_results.json,False
starVLA,ervla_pi_bidir_actiononly_pifix_nolatent_nodrop_2gpu_s44,encoder,44,libero,libero,libero_object,,100,100,1.00000000,0.00000000,,/e/project1/m3/blank4/code/starVLA/playground/Checkpoints/ervla_pi_bidir_actiononly_pifix_nolatent_nodrop_2gpu_s44/results/libero/overall_results.json,False
starVLA,ervla_pi_bidir_actiononly_pifix_nolatent_nodrop_2gpu_s44,encoder,44,libero,libero,libero_spatial,,100,97,0.97000000,0.01705872,,/e/project1/m3/blank4/code/starVLA/playground/Checkpoints/ervla_pi_bidir_actiononly_pifix_nolatent_nodrop_2gpu_s44/results/libero/overall_results.json,False
starVLA,ervla_pi_causal_actiononly_pifix_nolatent_nodrop_2gpu_s42,causal,42,libero,libero,libero_10,,100,88,0.88000000,0.03249615,,/e/project1/m3/blank4/code/starVLA/playground/Checkpoints/ervla_pi_causal_actiononly_pifix_nolatent_nodrop_2gpu_s42/results/libero/overall_results.json,False
starVLA,ervla_pi_causal_actiononly_pifix_nolatent_nodrop_2gpu_s42,causal,42,libero,libero,libero_goal,,100,96,0.96000000,0.01959592,,/e/project1/m3/blank4/code/starVLA/playground/Checkpoints/ervla_pi_causal_actiononly_pifix_nolatent_nodrop_2gpu_s42/results/libero/overall_results.json,False
starVLA,ervla_pi_causal_actiononly_pifix_nolatent_nodrop_2gpu_s42,causal,42,libero,libero,libero_object,,100,100,1.00000000,0.00000000,,/e/project1/m3/blank4/code/starVLA/playground/Checkpoints/ervla_pi_causal_actiononly_pifix_nolatent_nodrop_2gpu_s42/results/libero/overall_results.json,False
starVLA,ervla_pi_causal_actiononly_pifix_nolatent_nodrop_2gpu_s42,causal,42,libero,libero,libero_spatial,,100,97,0.97000000,0.01705872,,/e/project1/m3/blank4/code/starVLA/playground/Checkpoints/ervla_pi_causal_actiononly_pifix_nolatent_nodrop_2gpu_s42/results/libero/overall_results.json,False
starVLA,ervla_pi_causal_actiononly_pifix_nolatent_nodrop_2gpu_s43,causal,43,libero,libero,libero_10,,100,89,0.89000000,0.03128898,,/e/project1/m3/blank4/code/starVLA/playground/Checkpoints/ervla_pi_causal_actiononly_pifix_nolatent_nodrop_2gpu_s43/results/libero/overall_results.json,False
starVLA,ervla_pi_causal_actiononly_pifix_nolatent_nodrop_2gpu_s43,causal,43,libero,libero,libero_goal,,100,97,0.97000000,0.01705872,,/e/project1/m3/blank4/code/starVLA/playground/Checkpoints/ervla_pi_causal_actiononly_pifix_nolatent_nodrop_2gpu_s43/results/libero/overall_results.json,False
starVLA,ervla_pi_causal_actiononly_pifix_nolatent_nodrop_2gpu_s43,causal,43,libero,libero,libero_object,,100,99,0.99000000,0.00994987,,/e/project1/m3/blank4/code/starVLA/playground/Checkpoints/ervla_pi_causal_actiononly_pifix_nolatent_nodrop_2gpu_s43/results/libero/overall_results.json,False
starVLA,ervla_pi_causal_actiononly_pifix_nolatent_nodrop_2gpu_s43,causal,43,libero,libero,libero_spatial,,100,99,0.99000000,0.00994987,,/e/project1/m3/blank4/code/starVLA/playground/Checkpoints/ervla_pi_causal_actiononly_pifix_nolatent_nodrop_2gpu_s43/results/libero/overall_results.json,False
starVLA,ervla_pi_causal_actiononly_pifix_nolatent_nodrop_2gpu_s44,causal,44,libero,libero,libero_10,,100,96,0.96000000,0.01959592,,/e/project1/m3/blank4/code/starVLA/playground/Checkpoints/ervla_pi_causal_actiononly_pifix_nolatent_nodrop_2gpu_s44/results/libero/overall_results.json,False
starVLA,ervla_pi_causal_actiononly_pifix_nolatent_nodrop_2gpu_s44,causal,44,libero,libero,libero_goal,,100,99,0.99000000,0.00994987,,/e/project1/m3/blank4/code/starVLA/playground/Checkpoints/ervla_pi_causal_actiononly_pifix_nolatent_nodrop_2gpu_s44/results/libero/overall_results.json,False
starVLA,ervla_pi_causal_actiononly_pifix_nolatent_nodrop_2gpu_s44,causal,44,libero,libero,libero_object,,100,100,1.00000000,0.00000000,,/e/project1/m3/blank4/code/starVLA/playground/Checkpoints/ervla_pi_causal_actiononly_pifix_nolatent_nodrop_2gpu_s44/results/libero/overall_results.json,False
starVLA,ervla_pi_causal_actiononly_pifix_nolatent_nodrop_2gpu_s44,causal,44,libero,libero,libero_spatial,,100,99,0.99000000,0.00994987,,/e/project1/m3/blank4/code/starVLA/playground/Checkpoints/ervla_pi_causal_actiononly_pifix_nolatent_nodrop_2gpu_s44/results/libero/overall_results.json,False
starVLA,ervla_q_pi_split14_base_cot,CoT-trace,42,libero,libero,libero_10,,100,92,0.92000000,0.02712932,,/e/project1/m3/blank4/code/starVLA/playground/Checkpoints/ervla_q_pi_split14_base_cot/results/libero/overall_results.json,False
starVLA,ervla_q_pi_split14_base_cot,CoT-trace,42,libero,libero,libero_goal,,100,97,0.97000000,0.01705872,,/e/project1/m3/blank4/code/starVLA/playground/Checkpoints/ervla_q_pi_split14_base_cot/results/libero/overall_results.json,False
starVLA,ervla_q_pi_split14_base_cot,CoT-trace,42,libero,libero,libero_object,,100,99,0.99000000,0.00994987,,/e/project1/m3/blank4/code/starVLA/playground/Checkpoints/ervla_q_pi_split14_base_cot/results/libero/overall_results.json,False
starVLA,ervla_q_pi_split14_base_cot,CoT-trace,42,libero,libero,libero_spatial,,100,100,1.00000000,0.00000000,,/e/project1/m3/blank4/code/starVLA/playground/Checkpoints/ervla_q_pi_split14_base_cot/results/libero/overall_results.json,False
starVLA,ervla_r_pi_split18_base_cot,CoT-trace,42,libero,libero,libero_10,,100,89,0.89000000,0.03128898,,/e/project1/m3/blank4/code/starVLA/playground/Checkpoints/ervla_r_pi_split18_base_cot/results/libero/overall_results.json,False
starVLA,ervla_r_pi_split18_base_cot,CoT-trace,42,libero,libero,libero_goal,,100,99,0.99000000,0.00994987,,/e/project1/m3/blank4/code/starVLA/playground/Checkpoints/ervla_r_pi_split18_base_cot/results/libero/overall_results.json,False
starVLA,ervla_r_pi_split18_base_cot,CoT-trace,42,libero,libero,libero_object,,100,100,1.00000000,0.00000000,,/e/project1/m3/blank4/code/starVLA/playground/Checkpoints/ervla_r_pi_split18_base_cot/results/libero/overall_results.json,False
starVLA,ervla_r_pi_split18_base_cot,CoT-trace,42,libero,libero,libero_spatial,,100,99,0.99000000,0.00994987,,/e/project1/m3/blank4/code/starVLA/playground/Checkpoints/ervla_r_pi_split18_base_cot/results/libero/overall_results.json,False
starVLA,ervla_s_pi_overlap18_base_cot,CoT-trace,42,libero,libero,libero_10,,100,93,0.93000000,0.02551470,,/e/project1/m3/blank4/code/starVLA/playground/Checkpoints/ervla_s_pi_overlap18_base_cot/results/libero/overall_results.json,False
starVLA,ervla_s_pi_overlap18_base_cot,CoT-trace,42,libero,libero,libero_goal,,100,99,0.99000000,0.00994987,,/e/project1/m3/blank4/code/starVLA/playground/Checkpoints/ervla_s_pi_overlap18_base_cot/results/libero/overall_results.json,False
starVLA,ervla_s_pi_overlap18_base_cot,CoT-trace,42,libero,libero,libero_object,,100,100,1.00000000,0.00000000,,/e/project1/m3/blank4/code/starVLA/playground/Checkpoints/ervla_s_pi_overlap18_base_cot/results/libero/overall_results.json,False
starVLA,ervla_s_pi_overlap18_base_cot,CoT-trace,42,libero,libero,libero_spatial,,100,99,0.99000000,0.00994987,,/e/project1/m3/blank4/code/starVLA/playground/Checkpoints/ervla_s_pi_overlap18_base_cot/results/libero/overall_results.json,False
starVLA,ervla_t_pi_overlap18_structaux_cot,CoT-trace,42,libero,libero,libero_10,,100,90,0.90000000,0.03000000,,/e/project1/m3/blank4/code/starVLA/playground/Checkpoints/ervla_t_pi_overlap18_structaux_cot/results/libero/overall_results.json,False
starVLA,ervla_t_pi_overlap18_structaux_cot,CoT-trace,42,libero,libero,libero_goal,,100,100,1.00000000,0.00000000,,/e/project1/m3/blank4/code/starVLA/playground/Checkpoints/ervla_t_pi_overlap18_structaux_cot/results/libero/overall_results.json,False
starVLA,ervla_t_pi_overlap18_structaux_cot,CoT-trace,42,libero,libero,libero_object,,100,100,1.00000000,0.00000000,,/e/project1/m3/blank4/code/starVLA/playground/Checkpoints/ervla_t_pi_overlap18_structaux_cot/results/libero/overall_results.json,False
starVLA,ervla_t_pi_overlap18_structaux_cot,CoT-trace,42,libero,libero,libero_spatial,,100,100,1.00000000,0.00000000,,/e/project1/m3/blank4/code/starVLA/playground/Checkpoints/ervla_t_pi_overlap18_structaux_cot/results/libero/overall_results.json,False
starVLA,ervla_u_pi_layerwise_decoder_cot,CoT-trace,42,libero,libero,libero_10,,100,94,0.94000000,0.02374868,,/e/project1/m3/blank4/code/starVLA/playground/Checkpoints/ervla_u_pi_layerwise_decoder_cot/results/libero/overall_results.json,False
starVLA,ervla_u_pi_layerwise_decoder_cot,CoT-trace,42,libero,libero,libero_goal,,100,100,1.00000000,0.00000000,,/e/project1/m3/blank4/code/starVLA/playground/Checkpoints/ervla_u_pi_layerwise_decoder_cot/results/libero/overall_results.json,False
starVLA,ervla_u_pi_layerwise_decoder_cot,CoT-trace,42,libero,libero,libero_object,,100,100,1.00000000,0.00000000,,/e/project1/m3/blank4/code/starVLA/playground/Checkpoints/ervla_u_pi_layerwise_decoder_cot/results/libero/overall_results.json,False
starVLA,ervla_u_pi_layerwise_decoder_cot,CoT-trace,42,libero,libero,libero_spatial,,100,98,0.98000000,0.01400000,,/e/project1/m3/blank4/code/starVLA/playground/Checkpoints/ervla_u_pi_layerwise_decoder_cot/results/libero/overall_results.json,False
starVLA,ervla_v5_gr00t_actiononly_s42,GR00T/other-backbone,42,libero,libero,libero_10,,100,85,0.85000000,0.03570714,,/e/project1/m3/blank4/code/starVLA/playground/Checkpoints/ervla_v5_gr00t_actiononly_s42/results/libero/overall_results.json,False
starVLA,ervla_v5_gr00t_actiononly_s42,GR00T/other-backbone,42,libero,libero,libero_goal,,100,99,0.99000000,0.00994987,,/e/project1/m3/blank4/code/starVLA/playground/Checkpoints/ervla_v5_gr00t_actiononly_s42/results/libero/overall_results.json,False
starVLA,ervla_v5_gr00t_actiononly_s42,GR00T/other-backbone,42,libero,libero,libero_object,,100,99,0.99000000,0.00994987,,/e/project1/m3/blank4/code/starVLA/playground/Checkpoints/ervla_v5_gr00t_actiononly_s42/results/libero/overall_results.json,False
starVLA,ervla_v5_gr00t_actiononly_s42,GR00T/other-backbone,42,libero,libero,libero_spatial,,100,97,0.97000000,0.01705872,,/e/project1/m3/blank4/code/starVLA/playground/Checkpoints/ervla_v5_gr00t_actiononly_s42/results/libero/overall_results.json,False
starVLA,ervla_v5_gr00t_actiononly_s43,GR00T/other-backbone,43,libero,libero,libero_10,,100,92,0.92000000,0.02712932,,/e/project1/m3/blank4/code/starVLA/playground/Checkpoints/ervla_v5_gr00t_actiononly_s43/results/libero/overall_results.json,False
starVLA,ervla_v5_gr00t_actiononly_s43,GR00T/other-backbone,43,libero,libero,libero_goal,,100,99,0.99000000,0.00994987,,/e/project1/m3/blank4/code/starVLA/playground/Checkpoints/ervla_v5_gr00t_actiononly_s43/results/libero/overall_results.json,False
starVLA,ervla_v5_gr00t_actiononly_s43,GR00T/other-backbone,43,libero,libero,libero_object,,100,100,1.00000000,0.00000000,,/e/project1/m3/blank4/code/starVLA/playground/Checkpoints/ervla_v5_gr00t_actiononly_s43/results/libero/overall_results.json,False
starVLA,ervla_v5_gr00t_actiononly_s43,GR00T/other-backbone,43,libero,libero,libero_spatial,,100,96,0.96000000,0.01959592,,/e/project1/m3/blank4/code/starVLA/playground/Checkpoints/ervla_v5_gr00t_actiononly_s43/results/libero/overall_results.json,False
starVLA,ervla_v5_pi_actiononly_pifix_aug_s42,encoder,42,libero,libero,libero_10,,100,94,0.94000000,0.02374868,,/e/project1/m3/blank4/code/starVLA/playground/Checkpoints/ervla_v5_pi_actiononly_pifix_aug_s42/results/libero/overall_results.json,False
starVLA,ervla_v5_pi_actiononly_pifix_aug_s42,encoder,42,libero,libero,libero_goal,,100,100,1.00000000,0.00000000,,/e/project1/m3/blank4/code/starVLA/playground/Checkpoints/ervla_v5_pi_actiononly_pifix_aug_s42/results/libero/overall_results.json,False
starVLA,ervla_v5_pi_actiononly_pifix_aug_s42,encoder,42,libero,libero,libero_object,,100,100,1.00000000,0.00000000,,/e/project1/m3/blank4/code/starVLA/playground/Checkpoints/ervla_v5_pi_actiononly_pifix_aug_s42/results/libero/overall_results.json,False
starVLA,ervla_v5_pi_actiononly_pifix_aug_s42,encoder,42,libero,libero,libero_spatial,,100,97,0.97000000,0.01705872,,/e/project1/m3/blank4/code/starVLA/playground/Checkpoints/ervla_v5_pi_actiononly_pifix_aug_s42/results/libero/overall_results.json,False
starVLA,ervla_v5_pi_actiononly_pifix_s43,encoder,43,libero,libero,libero_10,,100,90,0.90000000,0.03000000,,/e/project1/m3/blank4/code/starVLA/playground/Checkpoints/ervla_v5_pi_actiononly_pifix_s43/results/libero/overall_results.json,False
starVLA,ervla_v5_pi_actiononly_pifix_s43,encoder,43,libero,libero,libero_goal,,100,99,0.99000000,0.00994987,,/e/project1/m3/blank4/code/starVLA/playground/Checkpoints/ervla_v5_pi_actiononly_pifix_s43/results/libero/overall_results.json,False
starVLA,ervla_v5_pi_actiononly_pifix_s43,encoder,43,libero,libero,libero_object,,100,98,0.98000000,0.01400000,,/e/project1/m3/blank4/code/starVLA/playground/Checkpoints/ervla_v5_pi_actiononly_pifix_s43/results/libero/overall_results.json,False
starVLA,ervla_v5_pi_actiononly_pifix_s43,encoder,43,libero,libero,libero_spatial,,100,99,0.99000000,0.00994987,,/e/project1/m3/blank4/code/starVLA/playground/Checkpoints/ervla_v5_pi_actiononly_pifix_s43/results/libero/overall_results.json,False
starVLA,ervla_v5aux_pi_actiononly_pifix_s42,other,42,libero,libero,libero_10,,100,91,0.91000000,0.02861818,,/e/project1/m3/blank4/code/starVLA/playground/Checkpoints/ervla_v5aux_pi_actiononly_pifix_s42/results/libero/overall_results.json,False
starVLA,ervla_v5aux_pi_actiononly_pifix_s42,other,42,libero,libero,libero_goal,,100,95,0.95000000,0.02179449,,/e/project1/m3/blank4/code/starVLA/playground/Checkpoints/ervla_v5aux_pi_actiononly_pifix_s42/results/libero/overall_results.json,False
starVLA,ervla_v5aux_pi_actiononly_pifix_s42,other,42,libero,libero,libero_object,,100,100,1.00000000,0.00000000,,/e/project1/m3/blank4/code/starVLA/playground/Checkpoints/ervla_v5aux_pi_actiononly_pifix_s42/results/libero/overall_results.json,False
starVLA,ervla_v5aux_pi_actiononly_pifix_s42,other,42,libero,libero,libero_spatial,,100,99,0.99000000,0.00994987,,/e/project1/m3/blank4/code/starVLA/playground/Checkpoints/ervla_v5aux_pi_actiononly_pifix_s42/results/libero/overall_results.json,False
starVLA,ervla_v5aux_pi_actiononly_pifix_s43,other,43,libero,libero,libero_10,,100,95,0.95000000,0.02179449,,/e/project1/m3/blank4/code/starVLA/playground/Checkpoints/ervla_v5aux_pi_actiononly_pifix_s43/results/libero/overall_results.json,False
starVLA,ervla_v5aux_pi_actiononly_pifix_s43,other,43,libero,libero,libero_goal,,100,100,1.00000000,0.00000000,,/e/project1/m3/blank4/code/starVLA/playground/Checkpoints/ervla_v5aux_pi_actiononly_pifix_s43/results/libero/overall_results.json,False
starVLA,ervla_v5aux_pi_actiononly_pifix_s43,other,43,libero,libero,libero_object,,100,100,1.00000000,0.00000000,,/e/project1/m3/blank4/code/starVLA/playground/Checkpoints/ervla_v5aux_pi_actiononly_pifix_s43/results/libero/overall_results.json,False
starVLA,ervla_v5aux_pi_actiononly_pifix_s43,other,43,libero,libero,libero_spatial,,100,98,0.98000000,0.01400000,,/e/project1/m3/blank4/code/starVLA/playground/Checkpoints/ervla_v5aux_pi_actiononly_pifix_s43/results/libero/overall_results.json,False
starVLA,ervla_v_pi_decoder_staged_cot,CoT-trace,42,libero,libero,libero_10,,100,92,0.92000000,0.02712932,,/e/project1/m3/blank4/code/starVLA/playground/Checkpoints/ervla_v_pi_decoder_staged_cot/results/libero/overall_results.json,False
starVLA,ervla_v_pi_decoder_staged_cot,CoT-trace,42,libero,libero,libero_goal,,100,98,0.98000000,0.01400000,,/e/project1/m3/blank4/code/starVLA/playground/Checkpoints/ervla_v_pi_decoder_staged_cot/results/libero/overall_results.json,False
starVLA,ervla_v_pi_decoder_staged_cot,CoT-trace,42,libero,libero,libero_object,,100,97,0.97000000,0.01705872,,/e/project1/m3/blank4/code/starVLA/playground/Checkpoints/ervla_v_pi_decoder_staged_cot/results/libero/overall_results.json,False
starVLA,ervla_v_pi_decoder_staged_cot,CoT-trace,42,libero,libero,libero_spatial,,100,98,0.98000000,0.01400000,,/e/project1/m3/blank4/code/starVLA/playground/Checkpoints/ervla_v_pi_decoder_staged_cot/results/libero/overall_results.json,False
starVLA,ervla_w2_pi_encoder_actiononly_pifix_latent32,encoder,42,libero,libero,libero_10,,100,86,0.86000000,0.03469870,,/e/project1/m3/blank4/code/starVLA/playground/Checkpoints/ervla_w2_pi_encoder_actiononly_pifix_latent32/results/libero/overall_results.json,False
starVLA,ervla_w2_pi_encoder_actiononly_pifix_latent32,encoder,42,libero,libero,libero_goal,,100,95,0.95000000,0.02179449,,/e/project1/m3/blank4/code/starVLA/playground/Checkpoints/ervla_w2_pi_encoder_actiononly_pifix_latent32/results/libero/overall_results.json,False
starVLA,ervla_w2_pi_encoder_actiononly_pifix_latent32,encoder,42,libero,libero,libero_object,,100,99,0.99000000,0.00994987,,/e/project1/m3/blank4/code/starVLA/playground/Checkpoints/ervla_w2_pi_encoder_actiononly_pifix_latent32/results/libero/overall_results.json,False
starVLA,ervla_w2_pi_encoder_actiononly_pifix_latent32,encoder,42,libero,libero,libero_spatial,,100,98,0.98000000,0.01400000,,/e/project1/m3/blank4/code/starVLA/playground/Checkpoints/ervla_w2_pi_encoder_actiononly_pifix_latent32/results/libero/overall_results.json,False
starVLA,ervla_w2_pi_encoder_actiononly_pifix_nolatent,encoder,42,libero,libero,libero_10,,100,94,0.94000000,0.02374868,,/e/project1/m3/blank4/code/starVLA/playground/Checkpoints/ervla_w2_pi_encoder_actiononly_pifix_nolatent/results/libero/overall_results.json,False
starVLA,ervla_w2_pi_encoder_actiononly_pifix_nolatent,encoder,42,libero,libero,libero_goal,,100,98,0.98000000,0.01400000,,/e/project1/m3/blank4/code/starVLA/playground/Checkpoints/ervla_w2_pi_encoder_actiononly_pifix_nolatent/results/libero/overall_results.json,False
starVLA,ervla_w2_pi_encoder_actiononly_pifix_nolatent,encoder,42,libero,libero,libero_object,,100,98,0.98000000,0.01400000,,/e/project1/m3/blank4/code/starVLA/playground/Checkpoints/ervla_w2_pi_encoder_actiononly_pifix_nolatent/results/libero/overall_results.json,False
starVLA,ervla_w2_pi_encoder_actiononly_pifix_nolatent,encoder,42,libero,libero,libero_spatial,,100,94,0.94000000,0.02374868,,/e/project1/m3/blank4/code/starVLA/playground/Checkpoints/ervla_w2_pi_encoder_actiononly_pifix_nolatent/results/libero/overall_results.json,False
starVLA,ervla_w_pi_encoder_actiononly,encoder,42,libero,libero,libero_10,,100,94,0.94000000,0.02374868,,/e/project1/m3/blank4/code/starVLA/playground/Checkpoints/ervla_w_pi_encoder_actiononly/results/libero/overall_results.json,False
starVLA,ervla_w_pi_encoder_actiononly,encoder,42,libero,libero,libero_goal,,100,99,0.99000000,0.00994987,,/e/project1/m3/blank4/code/starVLA/playground/Checkpoints/ervla_w_pi_encoder_actiononly/results/libero/overall_results.json,False
starVLA,ervla_w_pi_encoder_actiononly,encoder,42,libero,libero,libero_object,,100,100,1.00000000,0.00000000,,/e/project1/m3/blank4/code/starVLA/playground/Checkpoints/ervla_w_pi_encoder_actiononly/results/libero/overall_results.json,False
starVLA,ervla_w_pi_encoder_actiononly,encoder,42,libero,libero,libero_spatial,,100,98,0.98000000,0.01400000,,/e/project1/m3/blank4/code/starVLA/playground/Checkpoints/ervla_w_pi_encoder_actiononly/results/libero/overall_results.json,False
starVLA,ervla_x_pi_encoder_actiononly_freeze8,encoder,42,libero,libero,libero_10,,100,97,0.97000000,0.01705872,,/e/project1/m3/blank4/code/starVLA/playground/Checkpoints/ervla_x_pi_encoder_actiononly_freeze8/results/libero/overall_results.json,False
starVLA,ervla_x_pi_encoder_actiononly_freeze8,encoder,42,libero,libero,libero_goal,,100,99,0.99000000,0.00994987,,/e/project1/m3/blank4/code/starVLA/playground/Checkpoints/ervla_x_pi_encoder_actiononly_freeze8/results/libero/overall_results.json,False
starVLA,ervla_x_pi_encoder_actiononly_freeze8,encoder,42,libero,libero,libero_object,,100,100,1.00000000,0.00000000,,/e/project1/m3/blank4/code/starVLA/playground/Checkpoints/ervla_x_pi_encoder_actiononly_freeze8/results/libero/overall_results.json,False
starVLA,ervla_x_pi_encoder_actiononly_freeze8,encoder,42,libero,libero,libero_spatial,,100,99,0.99000000,0.00994987,,/e/project1/m3/blank4/code/starVLA/playground/Checkpoints/ervla_x_pi_encoder_actiononly_freeze8/results/libero/overall_results.json,False
starVLA,ervla_y2_pi_k_structaux15_cot,CoT-trace,42,libero,libero,libero_10,,100,92,0.92000000,0.02712932,,/e/project1/m3/blank4/code/starVLA/playground/Checkpoints/ervla_y2_pi_k_structaux15_cot/results/libero/overall_results.json,False
starVLA,ervla_y2_pi_k_structaux15_cot,CoT-trace,42,libero,libero,libero_goal,,100,100,1.00000000,0.00000000,,/e/project1/m3/blank4/code/starVLA/playground/Checkpoints/ervla_y2_pi_k_structaux15_cot/results/libero/overall_results.json,False
starVLA,ervla_y2_pi_k_structaux15_cot,CoT-trace,42,libero,libero,libero_object,,100,100,1.00000000,0.00000000,,/e/project1/m3/blank4/code/starVLA/playground/Checkpoints/ervla_y2_pi_k_structaux15_cot/results/libero/overall_results.json,False
starVLA,ervla_y2_pi_k_structaux15_cot,CoT-trace,42,libero,libero,libero_spatial,,100,98,0.98000000,0.01400000,,/e/project1/m3/blank4/code/starVLA/playground/Checkpoints/ervla_y2_pi_k_structaux15_cot/results/libero/overall_results.json,False
starVLA,ervla_z1_pi_w32_anchor,other,42,libero,libero,libero_10,,100,91,0.91000000,0.02861818,,/e/project1/m3/blank4/code/starVLA/playground/Checkpoints/ervla_z1_pi_w32_anchor/results/libero/overall_results.json,False
starVLA,ervla_z1_pi_w32_anchor,other,42,libero,libero,libero_goal,,100,97,0.97000000,0.01705872,,/e/project1/m3/blank4/code/starVLA/playground/Checkpoints/ervla_z1_pi_w32_anchor/results/libero/overall_results.json,False
starVLA,ervla_z1_pi_w32_anchor,other,42,libero,libero,libero_object,,100,98,0.98000000,0.01400000,,/e/project1/m3/blank4/code/starVLA/playground/Checkpoints/ervla_z1_pi_w32_anchor/results/libero/overall_results.json,False
starVLA,ervla_z1_pi_w32_anchor,other,42,libero,libero,libero_spatial,,100,98,0.98000000,0.01400000,,/e/project1/m3/blank4/code/starVLA/playground/Checkpoints/ervla_z1_pi_w32_anchor/results/libero/overall_results.json,False
starVLA,ervla_z2_pi_w32_tied_dynamics,other,42,libero,libero,libero_10,,100,94,0.94000000,0.02374868,,/e/project1/m3/blank4/code/starVLA/playground/Checkpoints/ervla_z2_pi_w32_tied_dynamics/results/libero/overall_results.json,False
starVLA,ervla_z2_pi_w32_tied_dynamics,other,42,libero,libero,libero_goal,,100,97,0.97000000,0.01705872,,/e/project1/m3/blank4/code/starVLA/playground/Checkpoints/ervla_z2_pi_w32_tied_dynamics/results/libero/overall_results.json,False
starVLA,ervla_z2_pi_w32_tied_dynamics,other,42,libero,libero,libero_object,,100,100,1.00000000,0.00000000,,/e/project1/m3/blank4/code/starVLA/playground/Checkpoints/ervla_z2_pi_w32_tied_dynamics/results/libero/overall_results.json,False
starVLA,ervla_z2_pi_w32_tied_dynamics,other,42,libero,libero,libero_spatial,,100,98,0.98000000,0.01400000,,/e/project1/m3/blank4/code/starVLA/playground/Checkpoints/ervla_z2_pi_w32_tied_dynamics/results/libero/overall_results.json,False
starVLA,ervla_zbase_pi_sharedz_control,encoder/shared-z-off-control,42,libero,libero,libero_10,,100,90,0.90000000,0.03000000,,/e/project1/m3/blank4/code/starVLA/playground/Checkpoints/ervla_zbase_pi_sharedz_control/results/libero/overall_results.json,False
starVLA,ervla_zbase_pi_sharedz_control,encoder/shared-z-off-control,42,libero,libero,libero_goal,,100,100,1.00000000,0.00000000,,/e/project1/m3/blank4/code/starVLA/playground/Checkpoints/ervla_zbase_pi_sharedz_control/results/libero/overall_results.json,False
starVLA,ervla_zbase_pi_sharedz_control,encoder/shared-z-off-control,42,libero,libero,libero_object,,100,99,0.99000000,0.00994987,,/e/project1/m3/blank4/code/starVLA/playground/Checkpoints/ervla_zbase_pi_sharedz_control/results/libero/overall_results.json,False
starVLA,ervla_zbase_pi_sharedz_control,encoder/shared-z-off-control,42,libero,libero,libero_spatial,,100,94,0.94000000,0.02374868,,/e/project1/m3/blank4/code/starVLA/playground/Checkpoints/ervla_zbase_pi_sharedz_control/results/libero/overall_results.json,False
starVLA,ervla_znodrop_pi_sharedz_ground_temporal,shared-z/zonly,42,libero,libero,libero_10,,100,92,0.92000000,0.02712932,,/e/project1/m3/blank4/code/starVLA/playground/Checkpoints/ervla_znodrop_pi_sharedz_ground_temporal/results/libero/overall_results.json,False
starVLA,ervla_znodrop_pi_sharedz_ground_temporal,shared-z/zonly,42,libero,libero,libero_goal,,100,97,0.97000000,0.01705872,,/e/project1/m3/blank4/code/starVLA/playground/Checkpoints/ervla_znodrop_pi_sharedz_ground_temporal/results/libero/overall_results.json,False
starVLA,ervla_znodrop_pi_sharedz_ground_temporal,shared-z/zonly,42,libero,libero,libero_object,,100,99,0.99000000,0.00994987,,/e/project1/m3/blank4/code/starVLA/playground/Checkpoints/ervla_znodrop_pi_sharedz_ground_temporal/results/libero/overall_results.json,False
starVLA,ervla_znodrop_pi_sharedz_ground_temporal,shared-z/zonly,42,libero,libero,libero_spatial,,100,98,0.98000000,0.01400000,,/e/project1/m3/blank4/code/starVLA/playground/Checkpoints/ervla_znodrop_pi_sharedz_ground_temporal/results/libero/overall_results.json,False
starVLA,ervla_zonly_pi_sharedz_ground_temporal,shared-z/zonly,42,libero,libero,libero_10,,100,93,0.93000000,0.02551470,,/e/project1/m3/blank4/code/starVLA/playground/Checkpoints/ervla_zonly_pi_sharedz_ground_temporal/results/libero/overall_results.json,False
starVLA,ervla_zonly_pi_sharedz_ground_temporal,shared-z/zonly,42,libero,libero,libero_goal,,100,98,0.98000000,0.01400000,,/e/project1/m3/blank4/code/starVLA/playground/Checkpoints/ervla_zonly_pi_sharedz_ground_temporal/results/libero/overall_results.json,False
starVLA,ervla_zonly_pi_sharedz_ground_temporal,shared-z/zonly,42,libero,libero,libero_object,,100,100,1.00000000,0.00000000,,/e/project1/m3/blank4/code/starVLA/playground/Checkpoints/ervla_zonly_pi_sharedz_ground_temporal/results/libero/overall_results.json,False
starVLA,ervla_zonly_pi_sharedz_ground_temporal,shared-z/zonly,42,libero,libero,libero_spatial,,100,95,0.95000000,0.02179449,,/e/project1/m3/blank4/code/starVLA/playground/Checkpoints/ervla_zonly_pi_sharedz_ground_temporal/results/libero/overall_results.json,False
starVLA,ervla_zshuf_pi_sharedz_ground_temporal,shared-z/zonly,42,libero,libero,libero_10,,100,93,0.93000000,0.02551470,,/e/project1/m3/blank4/code/starVLA/playground/Checkpoints/ervla_zshuf_pi_sharedz_ground_temporal/results/libero/overall_results.json,False
starVLA,ervla_zshuf_pi_sharedz_ground_temporal,shared-z/zonly,42,libero,libero,libero_goal,,100,98,0.98000000,0.01400000,,/e/project1/m3/blank4/code/starVLA/playground/Checkpoints/ervla_zshuf_pi_sharedz_ground_temporal/results/libero/overall_results.json,False
starVLA,ervla_zshuf_pi_sharedz_ground_temporal,shared-z/zonly,42,libero,libero,libero_object,,100,100,1.00000000,0.00000000,,/e/project1/m3/blank4/code/starVLA/playground/Checkpoints/ervla_zshuf_pi_sharedz_ground_temporal/results/libero/overall_results.json,False
starVLA,ervla_zshuf_pi_sharedz_ground_temporal,shared-z/zonly,42,libero,libero,libero_spatial,,100,97,0.97000000,0.01705872,,/e/project1/m3/blank4/code/starVLA/playground/Checkpoints/ervla_zshuf_pi_sharedz_ground_temporal/results/libero/overall_results.json,False
starVLA,ervla_zsup_pi_sharedz_ground_temporal,shared-z/zsup,42,libero,libero,libero_10,,100,95,0.95000000,0.02179449,,/e/project1/m3/blank4/code/starVLA/playground/Checkpoints/ervla_zsup_pi_sharedz_ground_temporal/results/libero/overall_results.json,False
starVLA,ervla_zsup_pi_sharedz_ground_temporal,shared-z/zsup,42,libero,libero,libero_goal,,100,97,0.97000000,0.01705872,,/e/project1/m3/blank4/code/starVLA/playground/Checkpoints/ervla_zsup_pi_sharedz_ground_temporal/results/libero/overall_results.json,False
starVLA,ervla_zsup_pi_sharedz_ground_temporal,shared-z/zsup,42,libero,libero,libero_object,,100,100,1.00000000,0.00000000,,/e/project1/m3/blank4/code/starVLA/playground/Checkpoints/ervla_zsup_pi_sharedz_ground_temporal/results/libero/overall_results.json,False
starVLA,ervla_zsup_pi_sharedz_ground_temporal,shared-z/zsup,42,libero,libero,libero_spatial,,100,97,0.97000000,0.01705872,,/e/project1/m3/blank4/code/starVLA/playground/Checkpoints/ervla_zsup_pi_sharedz_ground_temporal/results/libero/overall_results.json,False
starVLA,ervla_zsupdec_pi_sharedz_ground_temporal,shared-z/zsup,42,libero,libero,libero_10,,100,98,0.98000000,0.01400000,,/e/project1/m3/blank4/code/starVLA/playground/Checkpoints/ervla_zsupdec_pi_sharedz_ground_temporal/results/libero/overall_results.json,False
starVLA,ervla_zsupdec_pi_sharedz_ground_temporal,shared-z/zsup,42,libero,libero,libero_goal,,100,99,0.99000000,0.00994987,,/e/project1/m3/blank4/code/starVLA/playground/Checkpoints/ervla_zsupdec_pi_sharedz_ground_temporal/results/libero/overall_results.json,False
starVLA,ervla_zsupdec_pi_sharedz_ground_temporal,shared-z/zsup,42,libero,libero,libero_object,,100,100,1.00000000,0.00000000,,/e/project1/m3/blank4/code/starVLA/playground/Checkpoints/ervla_zsupdec_pi_sharedz_ground_temporal/results/libero/overall_results.json,False
starVLA,ervla_zsupdec_pi_sharedz_ground_temporal,shared-z/zsup,42,libero,libero,libero_spatial,,100,98,0.98000000,0.01400000,,/e/project1/m3/blank4/code/starVLA/playground/Checkpoints/ervla_zsupdec_pi_sharedz_ground_temporal/results/libero/overall_results.json,False
starVLA,ervla_zunsup_pi_sharedz_dist,shared-z/zonly,42,libero,libero,libero_10,,100,94,0.94000000,0.02374868,,/e/project1/m3/blank4/code/starVLA/playground/Checkpoints/ervla_zunsup_pi_sharedz_dist/results/libero/overall_results.json,False
starVLA,ervla_zunsup_pi_sharedz_dist,shared-z/zonly,42,libero,libero,libero_goal,,100,98,0.98000000,0.01400000,,/e/project1/m3/blank4/code/starVLA/playground/Checkpoints/ervla_zunsup_pi_sharedz_dist/results/libero/overall_results.json,False
starVLA,ervla_zunsup_pi_sharedz_dist,shared-z/zonly,42,libero,libero,libero_object,,100,100,1.00000000,0.00000000,,/e/project1/m3/blank4/code/starVLA/playground/Checkpoints/ervla_zunsup_pi_sharedz_dist/results/libero/overall_results.json,False
starVLA,ervla_zunsup_pi_sharedz_dist,shared-z/zonly,42,libero,libero,libero_spatial,,100,96,0.96000000,0.01959592,,/e/project1/m3/blank4/code/starVLA/playground/Checkpoints/ervla_zunsup_pi_sharedz_dist/results/libero/overall_results.json,False
starVLA,libero_encdec_arm_base,encoder,42,libero,libero,libero_10,,100,5,0.05000000,0.02179449,,/e/project1/m3/blank4/code/starVLA/playground/Checkpoints/libero_encdec_arm_base/results/libero/overall_results.json,False
starVLA,libero_encdec_arm_base,encoder,42,libero,libero,libero_goal,,100,38,0.38000000,0.04853864,,/e/project1/m3/blank4/code/starVLA/playground/Checkpoints/libero_encdec_arm_base/results/libero/overall_results.json,False
starVLA,libero_encdec_arm_base,encoder,42,libero,libero,libero_object,,100,36,0.36000000,0.04800000,,/e/project1/m3/blank4/code/starVLA/playground/Checkpoints/libero_encdec_arm_base/results/libero/overall_results.json,False
starVLA,libero_encdec_arm_base,encoder,42,libero,libero,libero_spatial,,150,36,0.24000000,0.03487119,,/e/project1/m3/blank4/code/starVLA/playground/Checkpoints/libero_encdec_arm_base/results/libero/overall_results.json,False
starVLA,libero_encdec_arm_blind,encoder,42,libero,libero,libero_10,,100,0,0.00000000,0.00000000,,/e/project1/m3/blank4/code/starVLA/playground/Checkpoints/libero_encdec_arm_blind/results/libero/overall_results.json,False
starVLA,libero_encdec_arm_blind,encoder,42,libero,libero,libero_goal,,100,0,0.00000000,0.00000000,,/e/project1/m3/blank4/code/starVLA/playground/Checkpoints/libero_encdec_arm_blind/results/libero/overall_results.json,False
starVLA,libero_encdec_arm_blind,encoder,42,libero,libero,libero_object,,100,0,0.00000000,0.00000000,,/e/project1/m3/blank4/code/starVLA/playground/Checkpoints/libero_encdec_arm_blind/results/libero/overall_results.json,False
starVLA,libero_encdec_arm_blind,encoder,42,libero,libero,libero_spatial,,100,0,0.00000000,0.00000000,,/e/project1/m3/blank4/code/starVLA/playground/Checkpoints/libero_encdec_arm_blind/results/libero/overall_results.json,False
starVLA,libero_encdec_arm_causal_maskft_all4,encoder,42,libero,libero,libero_10,,100,1,0.01000000,0.00994987,,/e/project1/m3/blank4/code/starVLA/playground/Checkpoints/libero_encdec_arm_causal_maskft_all4/results/libero/overall_results.json,False
starVLA,libero_encdec_arm_causal_maskft_all4,encoder,42,libero,libero,libero_goal,,100,35,0.35000000,0.04769696,,/e/project1/m3/blank4/code/starVLA/playground/Checkpoints/libero_encdec_arm_causal_maskft_all4/results/libero/overall_results.json,False
starVLA,libero_encdec_arm_causal_maskft_all4,encoder,42,libero,libero,libero_object,,100,40,0.40000000,0.04898979,,/e/project1/m3/blank4/code/starVLA/playground/Checkpoints/libero_encdec_arm_causal_maskft_all4/results/libero/overall_results.json,False
starVLA,libero_encdec_arm_causal_maskft_all4,encoder,42,libero,libero,libero_spatial,,100,14,0.14000000,0.03469870,,/e/project1/m3/blank4/code/starVLA/playground/Checkpoints/libero_encdec_arm_causal_maskft_all4/results/libero/overall_results.json,False
starVLA,libero_encdec_arm_encdec,encoder,42,libero,libero,libero_10,,100,4,0.04000000,0.01959592,,/e/project1/m3/blank4/code/starVLA/playground/Checkpoints/libero_encdec_arm_encdec/results/libero/overall_results.json,False
starVLA,libero_encdec_arm_encdec,encoder,42,libero,libero,libero_goal,,100,30,0.30000000,0.04582576,,/e/project1/m3/blank4/code/starVLA/playground/Checkpoints/libero_encdec_arm_encdec/results/libero/overall_results.json,False
starVLA,libero_encdec_arm_encdec,encoder,42,libero,libero,libero_object,,100,35,0.35000000,0.04769696,,/e/project1/m3/blank4/code/starVLA/playground/Checkpoints/libero_encdec_arm_encdec/results/libero/overall_results.json,False
starVLA,libero_encdec_arm_encdec,encoder,42,libero,libero,libero_spatial,,100,16,0.16000000,0.03666061,,/e/project1/m3/blank4/code/starVLA/playground/Checkpoints/libero_encdec_arm_encdec/results/libero/overall_results.json,False
starVLA,libero_encdec_arm_futuremask_all4,encoder,42,libero,libero,libero_10,,100,3,0.03000000,0.01705872,,/e/project1/m3/blank4/code/starVLA/playground/Checkpoints/libero_encdec_arm_futuremask_all4/results/libero/overall_results.json,False
starVLA,libero_encdec_arm_futuremask_all4,encoder,42,libero,libero,libero_goal,,100,45,0.45000000,0.04974937,,/e/project1/m3/blank4/code/starVLA/playground/Checkpoints/libero_encdec_arm_futuremask_all4/results/libero/overall_results.json,False
starVLA,libero_encdec_arm_futuremask_all4,encoder,42,libero,libero,libero_object,,100,52,0.52000000,0.04995998,,/e/project1/m3/blank4/code/starVLA/playground/Checkpoints/libero_encdec_arm_futuremask_all4/results/libero/overall_results.json,False
starVLA,libero_encdec_arm_futuremask_all4,encoder,42,libero,libero,libero_spatial,,100,21,0.21000000,0.04073082,,/e/project1/m3/blank4/code/starVLA/playground/Checkpoints/libero_encdec_arm_futuremask_all4/results/libero/overall_results.json,False
starVLA,libero_encdec_arm_maskft,encoder,42,libero,libero,libero_10,,100,4,0.04000000,0.01959592,,/e/project1/m3/blank4/code/starVLA/playground/Checkpoints/libero_encdec_arm_maskft/results/libero/overall_results.json,False
starVLA,libero_encdec_arm_maskft,encoder,42,libero,libero,libero_goal,,100,49,0.49000000,0.04999000,,/e/project1/m3/blank4/code/starVLA/playground/Checkpoints/libero_encdec_arm_maskft/results/libero/overall_results.json,False
starVLA,libero_encdec_arm_maskft,encoder,42,libero,libero,libero_object,,100,51,0.51000000,0.04999000,,/e/project1/m3/blank4/code/starVLA/playground/Checkpoints/libero_encdec_arm_maskft/results/libero/overall_results.json,False
starVLA,libero_encdec_arm_maskft,encoder,42,libero,libero,libero_spatial,,100,43,0.43000000,0.04950758,,/e/project1/m3/blank4/code/starVLA/playground/Checkpoints/libero_encdec_arm_maskft/results/libero/overall_results.json,False
starVLA,libero_encdec_arm_maskft_all4,encoder,42,libero,libero,libero_10,,100,0,0.00000000,0.00000000,,/e/project1/m3/blank4/code/starVLA/playground/Checkpoints/libero_encdec_arm_maskft_all4/results/libero/overall_results.json,False
starVLA,libero_encdec_arm_maskft_all4,encoder,42,libero,libero,libero_goal,,100,36,0.36000000,0.04800000,,/e/project1/m3/blank4/code/starVLA/playground/Checkpoints/libero_encdec_arm_maskft_all4/results/libero/overall_results.json,False
starVLA,libero_encdec_arm_maskft_all4,encoder,42,libero,libero,libero_object,,100,44,0.44000000,0.04963869,,/e/project1/m3/blank4/code/starVLA/playground/Checkpoints/libero_encdec_arm_maskft_all4/results/libero/overall_results.json,False
starVLA,libero_encdec_arm_maskft_all4,encoder,42,libero,libero,libero_spatial,,100,29,0.29000000,0.04537621,,/e/project1/m3/blank4/code/starVLA/playground/Checkpoints/libero_encdec_arm_maskft_all4/results/libero/overall_results.json,False
starVLA,libero_encdec_arm_maskft_all4_matched,encoder,42,libero,libero,libero_10,,100,0,0.00000000,0.00000000,,/e/project1/m3/blank4/code/starVLA/playground/Checkpoints/libero_encdec_arm_maskft_all4_matched/results/libero/overall_results.json,False
starVLA,libero_encdec_arm_maskft_all4_matched,encoder,42,libero,libero,libero_goal,,100,37,0.37000000,0.04828043,,/e/project1/m3/blank4/code/starVLA/playground/Checkpoints/libero_encdec_arm_maskft_all4_matched/results/libero/overall_results.json,False
starVLA,libero_encdec_arm_maskft_all4_matched,encoder,42,libero,libero,libero_object,,100,31,0.31000000,0.04624932,,/e/project1/m3/blank4/code/starVLA/playground/Checkpoints/libero_encdec_arm_maskft_all4_matched/results/libero/overall_results.json,False
starVLA,libero_encdec_arm_maskft_all4_matched,encoder,42,libero,libero,libero_spatial,,100,26,0.26000000,0.04386342,,/e/project1/m3/blank4/code/starVLA/playground/Checkpoints/libero_encdec_arm_maskft_all4_matched/results/libero/overall_results.json,False
starVLA,libero_encdec_arm_maskft_noswap,encoder,42,libero,libero,libero_10,,100,0,0.00000000,0.00000000,,/e/project1/m3/blank4/code/starVLA/playground/Checkpoints/libero_encdec_arm_maskft_noswap/results/libero/overall_results.json,False
starVLA,libero_encdec_arm_maskft_noswap,encoder,42,libero,libero,libero_goal,,100,46,0.46000000,0.04983974,,/e/project1/m3/blank4/code/starVLA/playground/Checkpoints/libero_encdec_arm_maskft_noswap/results/libero/overall_results.json,False
starVLA,libero_encdec_arm_maskft_noswap,encoder,42,libero,libero,libero_object,,100,54,0.54000000,0.04983974,,/e/project1/m3/blank4/code/starVLA/playground/Checkpoints/libero_encdec_arm_maskft_noswap/results/libero/overall_results.json,False
starVLA,libero_encdec_arm_maskft_noswap,encoder,42,libero,libero,libero_spatial,,100,35,0.35000000,0.04769696,,/e/project1/m3/blank4/code/starVLA/playground/Checkpoints/libero_encdec_arm_maskft_noswap/results/libero/overall_results.json,False
starVLA,libero_encdec_arm_maskft_spatial7k,encoder,42,libero,libero,libero_10,,72,0,0.00000000,0.00000000,,/e/project1/m3/blank4/code/starVLA/playground/Checkpoints/libero_encdec_arm_maskft_spatial7k/results/libero/overall_results.json,False
starVLA,libero_encdec_arm_maskft_spatial7k,encoder,42,libero,libero,libero_goal,,72,28,0.38888889,0.05745219,,/e/project1/m3/blank4/code/starVLA/playground/Checkpoints/libero_encdec_arm_maskft_spatial7k/results/libero/overall_results.json,False
starVLA,libero_encdec_arm_maskft_spatial7k,encoder,42,libero,libero,libero_object,,72,42,0.58333333,0.05810139,,/e/project1/m3/blank4/code/starVLA/playground/Checkpoints/libero_encdec_arm_maskft_spatial7k/results/libero/overall_results.json,False
starVLA,libero_encdec_arm_maskft_spatial7k,encoder,42,libero,libero,libero_spatial,,72,26,0.36111111,0.05660657,,/e/project1/m3/blank4/code/starVLA/playground/Checkpoints/libero_encdec_arm_maskft_spatial7k/results/libero/overall_results.json,False
starVLA,libero_encdec_arm_object10,encoder,42,libero,libero,libero_10,,100,0,0.00000000,0.00000000,,/e/project1/m3/blank4/code/starVLA/playground/Checkpoints/libero_encdec_arm_object10/results/libero/overall_results.json,False
starVLA,libero_encdec_arm_object10,encoder,42,libero,libero,libero_goal,,100,12,0.12000000,0.03249615,,/e/project1/m3/blank4/code/starVLA/playground/Checkpoints/libero_encdec_arm_object10/results/libero/overall_results.json,False
starVLA,libero_encdec_arm_object10,encoder,42,libero,libero,libero_object,,100,8,0.08000000,0.02712932,,/e/project1/m3/blank4/code/starVLA/playground/Checkpoints/libero_encdec_arm_object10/results/libero/overall_results.json,False
starVLA,libero_encdec_arm_object10,encoder,42,libero,libero,libero_spatial,,100,4,0.04000000,0.01959592,,/e/project1/m3/blank4/code/starVLA/playground/Checkpoints/libero_encdec_arm_object10/results/libero/overall_results.json,False
starVLA,libero_gr00t_arm_base,GR00T/other-backbone,42,libero,libero,libero_10,,100,57,0.57000000,0.04950758,,/e/project1/m3/blank4/code/starVLA/playground/Checkpoints/libero_gr00t_arm_base/results/libero/overall_results.json,False
starVLA,libero_gr00t_arm_base,GR00T/other-backbone,42,libero,libero,libero_goal,,100,79,0.79000000,0.04073082,,/e/project1/m3/blank4/code/starVLA/playground/Checkpoints/libero_gr00t_arm_base/results/libero/overall_results.json,False
starVLA,libero_gr00t_arm_base,GR00T/other-backbone,42,libero,libero,libero_object,,100,97,0.97000000,0.01705872,,/e/project1/m3/blank4/code/starVLA/playground/Checkpoints/libero_gr00t_arm_base/results/libero/overall_results.json,False
starVLA,libero_gr00t_arm_base,GR00T/other-backbone,42,libero,libero,libero_spatial,,100,84,0.84000000,0.03666061,,/e/project1/m3/blank4/code/starVLA/playground/Checkpoints/libero_gr00t_arm_base/results/libero/overall_results.json,False
starVLA,libero_gr00t_arm_base_s1,GR00T/other-backbone,43,libero,libero,libero_10,,100,55,0.55000000,0.04974937,,/e/project1/m3/blank4/code/starVLA/playground/Checkpoints/libero_gr00t_arm_base_s1/results/libero/overall_results.json,False
starVLA,libero_gr00t_arm_base_s1,GR00T/other-backbone,43,libero,libero,libero_goal,,100,84,0.84000000,0.03666061,,/e/project1/m3/blank4/code/starVLA/playground/Checkpoints/libero_gr00t_arm_base_s1/results/libero/overall_results.json,False
starVLA,libero_gr00t_arm_base_s1,GR00T/other-backbone,43,libero,libero,libero_object,,100,92,0.92000000,0.02712932,,/e/project1/m3/blank4/code/starVLA/playground/Checkpoints/libero_gr00t_arm_base_s1/results/libero/overall_results.json,False
starVLA,libero_gr00t_arm_base_s1,GR00T/other-backbone,43,libero,libero,libero_spatial,,100,89,0.89000000,0.03128898,,/e/project1/m3/blank4/code/starVLA/playground/Checkpoints/libero_gr00t_arm_base_s1/results/libero/overall_results.json,False
starVLA,libero_gr00t_arm_base_s2,GR00T/other-backbone,44,libero,libero,libero_10,,100,57,0.57000000,0.04950758,,/e/project1/m3/blank4/code/starVLA/playground/Checkpoints/libero_gr00t_arm_base_s2/results/libero/overall_results.json,False
starVLA,libero_gr00t_arm_base_s2,GR00T/other-backbone,44,libero,libero,libero_goal,,100,77,0.77000000,0.04208325,,/e/project1/m3/blank4/code/starVLA/playground/Checkpoints/libero_gr00t_arm_base_s2/results/libero/overall_results.json,False
starVLA,libero_gr00t_arm_base_s2,GR00T/other-backbone,44,libero,libero,libero_object,,100,85,0.85000000,0.03570714,,/e/project1/m3/blank4/code/starVLA/playground/Checkpoints/libero_gr00t_arm_base_s2/results/libero/overall_results.json,False
starVLA,libero_gr00t_arm_base_s2,GR00T/other-backbone,44,libero,libero,libero_spatial,,100,84,0.84000000,0.03666061,,/e/project1/m3/blank4/code/starVLA/playground/Checkpoints/libero_gr00t_arm_base_s2/results/libero/overall_results.json,False
starVLA,libero_gr00t_arm_bothcam,GR00T/other-backbone,42,libero,libero,libero_10,,100,79,0.79000000,0.04073082,,/e/project1/m3/blank4/code/starVLA/playground/Checkpoints/libero_gr00t_arm_bothcam/results/libero/overall_results.json,False
starVLA,libero_gr00t_arm_bothcam,GR00T/other-backbone,42,libero,libero,libero_goal,,100,90,0.90000000,0.03000000,,/e/project1/m3/blank4/code/starVLA/playground/Checkpoints/libero_gr00t_arm_bothcam/results/libero/overall_results.json,False
starVLA,libero_gr00t_arm_bothcam,GR00T/other-backbone,42,libero,libero,libero_object,,100,100,1.00000000,0.00000000,,/e/project1/m3/blank4/code/starVLA/playground/Checkpoints/libero_gr00t_arm_bothcam/results/libero/overall_results.json,False
starVLA,libero_gr00t_arm_bothcam,GR00T/other-backbone,42,libero,libero,libero_spatial,,100,91,0.91000000,0.02861818,,/e/project1/m3/blank4/code/starVLA/playground/Checkpoints/libero_gr00t_arm_bothcam/results/libero/overall_results.json,False
starVLA,libero_gr00t_arm_causal_maskft,causal,42,libero,libero,libero_10,,100,41,0.41000000,0.04918333,,/e/project1/m3/blank4/code/starVLA/playground/Checkpoints/libero_gr00t_arm_causal_maskft/results/libero/overall_results.json,False
starVLA,libero_gr00t_arm_causal_maskft,causal,42,libero,libero,libero_goal,,100,77,0.77000000,0.04208325,,/e/project1/m3/blank4/code/starVLA/playground/Checkpoints/libero_gr00t_arm_causal_maskft/results/libero/overall_results.json,False
starVLA,libero_gr00t_arm_causal_maskft,causal,42,libero,libero,libero_object,,100,91,0.91000000,0.02861818,,/e/project1/m3/blank4/code/starVLA/playground/Checkpoints/libero_gr00t_arm_causal_maskft/results/libero/overall_results.json,False
starVLA,libero_gr00t_arm_causal_maskft,causal,42,libero,libero,libero_spatial,,100,72,0.72000000,0.04489989,,/e/project1/m3/blank4/code/starVLA/playground/Checkpoints/libero_gr00t_arm_causal_maskft/results/libero/overall_results.json,False
starVLA,libero_gr00t_arm_crand,GR00T/other-backbone,42,libero,libero,libero_10,,100,81,0.81000000,0.03923009,,/e/project1/m3/blank4/code/starVLA/playground/Checkpoints/libero_gr00t_arm_crand/results/libero/overall_results.json,False
starVLA,libero_gr00t_arm_crand,GR00T/other-backbone,42,libero,libero,libero_goal,,100,90,0.90000000,0.03000000,,/e/project1/m3/blank4/code/starVLA/playground/Checkpoints/libero_gr00t_arm_crand/results/libero/overall_results.json,False
starVLA,libero_gr00t_arm_crand,GR00T/other-backbone,42,libero,libero,libero_object,,100,96,0.96000000,0.01959592,,/e/project1/m3/blank4/code/starVLA/playground/Checkpoints/libero_gr00t_arm_crand/results/libero/overall_results.json,False
starVLA,libero_gr00t_arm_crand,GR00T/other-backbone,42,libero,libero,libero_spatial,,100,92,0.92000000,0.02712932,,/e/project1/m3/blank4/code/starVLA/playground/Checkpoints/libero_gr00t_arm_crand/results/libero/overall_results.json,False
starVLA,libero_gr00t_arm_crand_bare,GR00T/other-backbone,42,libero,libero,libero_10,,72,52,0.72222222,0.05278590,,/e/project1/m3/blank4/code/starVLA/playground/Checkpoints/libero_gr00t_arm_crand_bare/results/libero/overall_results.json,False
starVLA,libero_gr00t_arm_crand_bare,GR00T/other-backbone,42,libero,libero,libero_goal,,72,60,0.83333333,0.04392052,,/e/project1/m3/blank4/code/starVLA/playground/Checkpoints/libero_gr00t_arm_crand_bare/results/libero/overall_results.json,False
starVLA,libero_gr00t_arm_crand_bare,GR00T/other-backbone,42,libero,libero,libero_object,,72,71,0.98611111,0.01379210,,/e/project1/m3/blank4/code/starVLA/playground/Checkpoints/libero_gr00t_arm_crand_bare/results/libero/overall_results.json,False
starVLA,libero_gr00t_arm_crand_bare,GR00T/other-backbone,42,libero,libero,libero_spatial,,72,68,0.94444444,0.02699515,,/e/project1/m3/blank4/code/starVLA/playground/Checkpoints/libero_gr00t_arm_crand_bare/results/libero/overall_results.json,False
starVLA,libero_gr00t_arm_creal,GR00T/other-backbone,42,libero,libero,libero_10,,100,78,0.78000000,0.04142463,,/e/project1/m3/blank4/code/starVLA/playground/Checkpoints/libero_gr00t_arm_creal/results/libero/overall_results.json,False
starVLA,libero_gr00t_arm_creal,GR00T/other-backbone,42,libero,libero,libero_goal,,100,85,0.85000000,0.03570714,,/e/project1/m3/blank4/code/starVLA/playground/Checkpoints/libero_gr00t_arm_creal/results/libero/overall_results.json,False
starVLA,libero_gr00t_arm_creal,GR00T/other-backbone,42,libero,libero,libero_object,,100,96,0.96000000,0.01959592,,/e/project1/m3/blank4/code/starVLA/playground/Checkpoints/libero_gr00t_arm_creal/results/libero/overall_results.json,False
starVLA,libero_gr00t_arm_creal,GR00T/other-backbone,42,libero,libero,libero_spatial,,100,92,0.92000000,0.02712932,,/e/project1/m3/blank4/code/starVLA/playground/Checkpoints/libero_gr00t_arm_creal/results/libero/overall_results.json,False
starVLA,libero_gr00t_arm_creal_bare,GR00T/other-backbone,42,libero,libero,libero_10,,100,75,0.75000000,0.04330127,,/e/project1/m3/blank4/code/starVLA/playground/Checkpoints/libero_gr00t_arm_creal_bare/results/libero/overall_results.json,False
starVLA,libero_gr00t_arm_creal_bare,GR00T/other-backbone,42,libero,libero,libero_goal,,100,90,0.90000000,0.03000000,,/e/project1/m3/blank4/code/starVLA/playground/Checkpoints/libero_gr00t_arm_creal_bare/results/libero/overall_results.json,False
starVLA,libero_gr00t_arm_creal_bare,GR00T/other-backbone,42,libero,libero,libero_object,,100,98,0.98000000,0.01400000,,/e/project1/m3/blank4/code/starVLA/playground/Checkpoints/libero_gr00t_arm_creal_bare/results/libero/overall_results.json,False
starVLA,libero_gr00t_arm_creal_bare,GR00T/other-backbone,42,libero,libero,libero_spatial,,100,84,0.84000000,0.03666061,,/e/project1/m3/blank4/code/starVLA/playground/Checkpoints/libero_gr00t_arm_creal_bare/results/libero/overall_results.json,False
starVLA,libero_gr00t_arm_maskft,GR00T/other-backbone,42,libero,libero,libero_10,,100,82,0.82000000,0.03841875,,/e/project1/m3/blank4/code/starVLA/playground/Checkpoints/libero_gr00t_arm_maskft/results/libero/overall_results.json,False
starVLA,libero_gr00t_arm_maskft,GR00T/other-backbone,42,libero,libero,libero_goal,,100,88,0.88000000,0.03249615,,/e/project1/m3/blank4/code/starVLA/playground/Checkpoints/libero_gr00t_arm_maskft/results/libero/overall_results.json,False
starVLA,libero_gr00t_arm_maskft,GR00T/other-backbone,42,libero,libero,libero_object,,100,98,0.98000000,0.01400000,,/e/project1/m3/blank4/code/starVLA/playground/Checkpoints/libero_gr00t_arm_maskft/results/libero/overall_results.json,False
starVLA,libero_gr00t_arm_maskft,GR00T/other-backbone,42,libero,libero,libero_spatial,,100,96,0.96000000,0.01959592,,/e/project1/m3/blank4/code/starVLA/playground/Checkpoints/libero_gr00t_arm_maskft/results/libero/overall_results.json,False
starVLA,libero_gr00t_arm_maskft_all4,GR00T/other-backbone,42,libero,libero,libero_10,,100,81,0.81000000,0.03923009,,/e/project1/m3/blank4/code/starVLA/playground/Checkpoints/libero_gr00t_arm_maskft_all4/results/libero/overall_results.json,False
starVLA,libero_gr00t_arm_maskft_all4,GR00T/other-backbone,42,libero,libero,libero_goal,,100,86,0.86000000,0.03469870,,/e/project1/m3/blank4/code/starVLA/playground/Checkpoints/libero_gr00t_arm_maskft_all4/results/libero/overall_results.json,False
starVLA,libero_gr00t_arm_maskft_all4,GR00T/other-backbone,42,libero,libero,libero_object,,100,100,1.00000000,0.00000000,,/e/project1/m3/blank4/code/starVLA/playground/Checkpoints/libero_gr00t_arm_maskft_all4/results/libero/overall_results.json,False
starVLA,libero_gr00t_arm_maskft_all4,GR00T/other-backbone,42,libero,libero,libero_spatial,,100,90,0.90000000,0.03000000,,/e/project1/m3/blank4/code/starVLA/playground/Checkpoints/libero_gr00t_arm_maskft_all4/results/libero/overall_results.json,False
starVLA,libero_gr00t_arm_maskft_bare,GR00T/other-backbone,42,libero,libero,libero_10,,100,78,0.78000000,0.04142463,,/e/project1/m3/blank4/code/starVLA/playground/Checkpoints/libero_gr00t_arm_maskft_bare/results/libero/overall_results.json,False
starVLA,libero_gr00t_arm_maskft_bare,GR00T/other-backbone,42,libero,libero,libero_goal,,100,83,0.83000000,0.03756328,,/e/project1/m3/blank4/code/starVLA/playground/Checkpoints/libero_gr00t_arm_maskft_bare/results/libero/overall_results.json,False
starVLA,libero_gr00t_arm_maskft_bare,GR00T/other-backbone,42,libero,libero,libero_object,,100,97,0.97000000,0.01705872,,/e/project1/m3/blank4/code/starVLA/playground/Checkpoints/libero_gr00t_arm_maskft_bare/results/libero/overall_results.json,False
starVLA,libero_gr00t_arm_maskft_bare,GR00T/other-backbone,42,libero,libero,libero_spatial,,100,94,0.94000000,0.02374868,,/e/project1/m3/blank4/code/starVLA/playground/Checkpoints/libero_gr00t_arm_maskft_bare/results/libero/overall_results.json,False
starVLA,libero_gr00t_arm_maskft_ft,GR00T/other-backbone,42,libero,libero,libero_10,,100,90,0.90000000,0.03000000,,/e/project1/m3/blank4/code/starVLA/playground/Checkpoints/libero_gr00t_arm_maskft_ft/results/libero/overall_results.json,False
starVLA,libero_gr00t_arm_maskft_ft,GR00T/other-backbone,42,libero,libero,libero_goal,,100,97,0.97000000,0.01705872,,/e/project1/m3/blank4/code/starVLA/playground/Checkpoints/libero_gr00t_arm_maskft_ft/results/libero/overall_results.json,False
starVLA,libero_gr00t_arm_maskft_ft,GR00T/other-backbone,42,libero,libero,libero_object,,100,99,0.99000000,0.00994987,,/e/project1/m3/blank4/code/starVLA/playground/Checkpoints/libero_gr00t_arm_maskft_ft/results/libero/overall_results.json,False
starVLA,libero_gr00t_arm_maskft_ft,GR00T/other-backbone,42,libero,libero,libero_spatial,,100,99,0.99000000,0.00994987,,/e/project1/m3/blank4/code/starVLA/playground/Checkpoints/libero_gr00t_arm_maskft_ft/results/libero/overall_results.json,False
starVLA,libero_gr00t_arm_maskft_s1,GR00T/other-backbone,43,libero,libero,libero_10,,100,71,0.71000000,0.04537621,,/e/project1/m3/blank4/code/starVLA/playground/Checkpoints/libero_gr00t_arm_maskft_s1/results/libero/overall_results.json,False
starVLA,libero_gr00t_arm_maskft_s1,GR00T/other-backbone,43,libero,libero,libero_goal,,100,91,0.91000000,0.02861818,,/e/project1/m3/blank4/code/starVLA/playground/Checkpoints/libero_gr00t_arm_maskft_s1/results/libero/overall_results.json,False
starVLA,libero_gr00t_arm_maskft_s1,GR00T/other-backbone,43,libero,libero,libero_object,,100,98,0.98000000,0.01400000,,/e/project1/m3/blank4/code/starVLA/playground/Checkpoints/libero_gr00t_arm_maskft_s1/results/libero/overall_results.json,False
starVLA,libero_gr00t_arm_maskft_s1,GR00T/other-backbone,43,libero,libero,libero_spatial,,100,92,0.92000000,0.02712932,,/e/project1/m3/blank4/code/starVLA/playground/Checkpoints/libero_gr00t_arm_maskft_s1/results/libero/overall_results.json,False
starVLA,libero_gr00t_arm_maskft_s2,GR00T/other-backbone,44,libero,libero,libero_10,,100,80,0.80000000,0.04000000,,/e/project1/m3/blank4/code/starVLA/playground/Checkpoints/libero_gr00t_arm_maskft_s2/results/libero/overall_results.json,False
starVLA,libero_gr00t_arm_maskft_s2,GR00T/other-backbone,44,libero,libero,libero_goal,,100,90,0.90000000,0.03000000,,/e/project1/m3/blank4/code/starVLA/playground/Checkpoints/libero_gr00t_arm_maskft_s2/results/libero/overall_results.json,False
starVLA,libero_gr00t_arm_maskft_s2,GR00T/other-backbone,44,libero,libero,libero_object,,100,98,0.98000000,0.01400000,,/e/project1/m3/blank4/code/starVLA/playground/Checkpoints/libero_gr00t_arm_maskft_s2/results/libero/overall_results.json,False
starVLA,libero_gr00t_arm_maskft_s2,GR00T/other-backbone,44,libero,libero,libero_spatial,,100,94,0.94000000,0.02374868,,/e/project1/m3/blank4/code/starVLA/playground/Checkpoints/libero_gr00t_arm_maskft_s2/results/libero/overall_results.json,False
starVLA,libero_gr00t_arm_object10,GR00T/other-backbone,42,libero,libero,libero_10,,100,78,0.78000000,0.04142463,,/e/project1/m3/blank4/code/starVLA/playground/Checkpoints/libero_gr00t_arm_object10/results/libero/overall_results.json,False
starVLA,libero_gr00t_arm_object10,GR00T/other-backbone,42,libero,libero,libero_goal,,100,91,0.91000000,0.02861818,,/e/project1/m3/blank4/code/starVLA/playground/Checkpoints/libero_gr00t_arm_object10/results/libero/overall_results.json,False
starVLA,libero_gr00t_arm_object10,GR00T/other-backbone,42,libero,libero,libero_object,,100,97,0.97000000,0.01705872,,/e/project1/m3/blank4/code/starVLA/playground/Checkpoints/libero_gr00t_arm_object10/results/libero/overall_results.json,False
starVLA,libero_gr00t_arm_object10,GR00T/other-backbone,42,libero,libero,libero_spatial,,100,93,0.93000000,0.02551470,,/e/project1/m3/blank4/code/starVLA/playground/Checkpoints/libero_gr00t_arm_object10/results/libero/overall_results.json,False
starVLA,libero_gr00t_arm_plain,GR00T/other-backbone,42,libero,libero,libero_10,,72,55,0.76388889,0.05005034,,/e/project1/m3/blank4/code/starVLA/playground/Checkpoints/libero_gr00t_arm_plain/results/libero/overall_results.json,False
starVLA,libero_gr00t_arm_plain,GR00T/other-backbone,42,libero,libero,libero_goal,,72,68,0.94444444,0.02699515,,/e/project1/m3/blank4/code/starVLA/playground/Checkpoints/libero_gr00t_arm_plain/results/libero/overall_results.json,False
starVLA,libero_gr00t_arm_plain,GR00T/other-backbone,42,libero,libero,libero_object,,72,70,0.97222222,0.01936713,,/e/project1/m3/blank4/code/starVLA/playground/Checkpoints/libero_gr00t_arm_plain/results/libero/overall_results.json,False
starVLA,libero_gr00t_arm_plain,GR00T/other-backbone,42,libero,libero,libero_spatial,,72,63,0.87500000,0.03897560,,/e/project1/m3/blank4/code/starVLA/playground/Checkpoints/libero_gr00t_arm_plain/results/libero/overall_results.json,False
starVLA,libero_gr00t_arm_plain_bare,GR00T/other-backbone,42,libero,libero,libero_10,,100,80,0.80000000,0.04000000,,/e/project1/m3/blank4/code/starVLA/playground/Checkpoints/libero_gr00t_arm_plain_bare/results/libero/overall_results.json,False
starVLA,libero_gr00t_arm_plain_bare,GR00T/other-backbone,42,libero,libero,libero_goal,,100,91,0.91000000,0.02861818,,/e/project1/m3/blank4/code/starVLA/playground/Checkpoints/libero_gr00t_arm_plain_bare/results/libero/overall_results.json,False
starVLA,libero_gr00t_arm_plain_bare,GR00T/other-backbone,42,libero,libero,libero_object,,100,100,1.00000000,0.00000000,,/e/project1/m3/blank4/code/starVLA/playground/Checkpoints/libero_gr00t_arm_plain_bare/results/libero/overall_results.json,False
starVLA,libero_gr00t_arm_plain_bare,GR00T/other-backbone,42,libero,libero,libero_spatial,,100,92,0.92000000,0.02712932,,/e/project1/m3/blank4/code/starVLA/playground/Checkpoints/libero_gr00t_arm_plain_bare/results/libero/overall_results.json,False
starVLA,libero_gr00t_arm_plain_ft,GR00T/other-backbone,42,libero,libero,libero_10,,100,91,0.91000000,0.02861818,,/e/project1/m3/blank4/code/starVLA/playground/Checkpoints/libero_gr00t_arm_plain_ft/results/libero/overall_results.json,False
starVLA,libero_gr00t_arm_plain_ft,GR00T/other-backbone,42,libero,libero,libero_goal,,100,99,0.99000000,0.00994987,,/e/project1/m3/blank4/code/starVLA/playground/Checkpoints/libero_gr00t_arm_plain_ft/results/libero/overall_results.json,False
starVLA,libero_gr00t_arm_plain_ft,GR00T/other-backbone,42,libero,libero,libero_object,,100,100,1.00000000,0.00000000,,/e/project1/m3/blank4/code/starVLA/playground/Checkpoints/libero_gr00t_arm_plain_ft/results/libero/overall_results.json,False
starVLA,libero_gr00t_arm_plain_ft,GR00T/other-backbone,42,libero,libero,libero_spatial,,100,100,1.00000000,0.00000000,,/e/project1/m3/blank4/code/starVLA/playground/Checkpoints/libero_gr00t_arm_plain_ft/results/libero/overall_results.json,False
starVLA,libero_gr00t_arm_vitft,GR00T/other-backbone,42,libero,libero,libero_10,,100,81,0.81000000,0.03923009,,/e/project1/m3/blank4/code/starVLA/playground/Checkpoints/libero_gr00t_arm_vitft/results/libero/overall_results.json,False
starVLA,libero_gr00t_arm_vitft,GR00T/other-backbone,42,libero,libero,libero_goal,,100,89,0.89000000,0.03128898,,/e/project1/m3/blank4/code/starVLA/playground/Checkpoints/libero_gr00t_arm_vitft/results/libero/overall_results.json,False
starVLA,libero_gr00t_arm_vitft,GR00T/other-backbone,42,libero,libero,libero_object,,100,98,0.98000000,0.01400000,,/e/project1/m3/blank4/code/starVLA/playground/Checkpoints/libero_gr00t_arm_vitft/results/libero/overall_results.json,False
starVLA,libero_gr00t_arm_vitft,GR00T/other-backbone,42,libero,libero,libero_spatial,,100,94,0.94000000,0.02374868,,/e/project1/m3/blank4/code/starVLA/playground/Checkpoints/libero_gr00t_arm_vitft/results/libero/overall_results.json,False
starVLA,libero_pi_arm_maskft,other,42,libero,libero,libero_10,,100,77,0.77000000,0.04208325,,/e/project1/m3/blank4/code/starVLA/playground/Checkpoints/libero_pi_arm_maskft/results/libero/overall_results.json,False
starVLA,libero_pi_arm_maskft,other,42,libero,libero,libero_goal,,100,87,0.87000000,0.03363034,,/e/project1/m3/blank4/code/starVLA/playground/Checkpoints/libero_pi_arm_maskft/results/libero/overall_results.json,False
starVLA,libero_pi_arm_maskft,other,42,libero,libero,libero_object,,100,98,0.98000000,0.01400000,,/e/project1/m3/blank4/code/starVLA/playground/Checkpoints/libero_pi_arm_maskft/results/libero/overall_results.json,False
starVLA,libero_pi_arm_maskft,other,42,libero,libero,libero_spatial,,100,96,0.96000000,0.01959592,,/e/project1/m3/blank4/code/starVLA/playground/Checkpoints/libero_pi_arm_maskft/results/libero/overall_results.json,False
starVLA,libero_qwen08b_base,other,42,libero,libero,libero_10,,200,189,0.94500000,0.01612064,,/e/project1/m3/blank4/code/starVLA/playground/Checkpoints/libero_qwen08b_base/results/libero/overall_results.json,False
starVLA,libero_qwen08b_base,other,42,libero,libero,libero_goal,,200,199,0.99500000,0.00498748,,/e/project1/m3/blank4/code/starVLA/playground/Checkpoints/libero_qwen08b_base/results/libero/overall_results.json,False
starVLA,libero_qwen08b_base,other,42,libero,libero,libero_object,,200,200,1.00000000,0.00000000,,/e/project1/m3/blank4/code/starVLA/playground/Checkpoints/libero_qwen08b_base/results/libero/overall_results.json,False
starVLA,libero_qwen08b_base,other,42,libero,libero,libero_spatial,,200,196,0.98000000,0.00989949,,/e/project1/m3/blank4/code/starVLA/playground/Checkpoints/libero_qwen08b_base/results/libero/overall_results.json,False
starVLA,libero_qwen08b_base_16chunk,other,42,libero,libero,libero_10,,200,178,0.89000000,0.02212465,,/e/project1/m3/blank4/code/starVLA/playground/Checkpoints/libero_qwen08b_base_16chunk/results/libero/overall_results.json,False
starVLA,libero_qwen08b_base_16chunk,other,42,libero,libero,libero_goal,,200,198,0.99000000,0.00703562,,/e/project1/m3/blank4/code/starVLA/playground/Checkpoints/libero_qwen08b_base_16chunk/results/libero/overall_results.json,False
starVLA,libero_qwen08b_base_16chunk,other,42,libero,libero,libero_object,,200,200,1.00000000,0.00000000,,/e/project1/m3/blank4/code/starVLA/playground/Checkpoints/libero_qwen08b_base_16chunk/results/libero/overall_results.json,False
starVLA,libero_qwen08b_base_16chunk,other,42,libero,libero,libero_spatial,,202,191,0.94554455,0.01596563,,/e/project1/m3/blank4/code/starVLA/playground/Checkpoints/libero_qwen08b_base_16chunk/results/libero/overall_results.json,False
starVLA,libero_qwen08b_gr00t_cot_trace_ours,CoT-trace,42,libero,libero,libero_10,,170,142,0.83529412,0.02844787,,/e/project1/m3/blank4/code/starVLA/playground/Checkpoints/libero_qwen08b_gr00t_cot_trace_ours/results/libero/overall_results.json,False
starVLA,libero_qwen08b_gr00t_cot_trace_ours,CoT-trace,42,libero,libero,libero_goal,,170,156,0.91764706,0.02108400,,/e/project1/m3/blank4/code/starVLA/playground/Checkpoints/libero_qwen08b_gr00t_cot_trace_ours/results/libero/overall_results.json,False
starVLA,libero_qwen08b_gr00t_cot_trace_ours,CoT-trace,42,libero,libero,libero_object,,170,164,0.96470588,0.01415221,,/e/project1/m3/blank4/code/starVLA/playground/Checkpoints/libero_qwen08b_gr00t_cot_trace_ours/results/libero/overall_results.json,False
starVLA,libero_qwen08b_gr00t_cot_trace_ours,CoT-trace,42,libero,libero,libero_spatial,,170,152,0.89411765,0.02359851,,/e/project1/m3/blank4/code/starVLA/playground/Checkpoints/libero_qwen08b_gr00t_cot_trace_ours/results/libero/overall_results.json,False
starVLA,libero_qwen08b_oft_cot_trace_det,CoT-trace,42,libero,libero,libero_10,,200,176,0.88000000,0.02297825,,/e/project1/m3/blank4/code/starVLA/playground/Checkpoints/libero_qwen08b_oft_cot_trace_det/results/libero/overall_results.json,False
starVLA,libero_qwen08b_oft_cot_trace_det,CoT-trace,42,libero,libero,libero_goal,,200,193,0.96500000,0.01299519,,/e/project1/m3/blank4/code/starVLA/playground/Checkpoints/libero_qwen08b_oft_cot_trace_det/results/libero/overall_results.json,False
starVLA,libero_qwen08b_oft_cot_trace_det,CoT-trace,42,libero,libero,libero_object,,487,474,0.97330595,0.00730411,,/e/project1/m3/blank4/code/starVLA/playground/Checkpoints/libero_qwen08b_oft_cot_trace_det/results/libero/overall_results.json,False
starVLA,libero_qwen08b_oft_cot_trace_det,CoT-trace,42,libero,libero,libero_spatial,,882,740,0.83900227,0.01237534,,/e/project1/m3/blank4/code/starVLA/playground/Checkpoints/libero_qwen08b_oft_cot_trace_det/results/libero/overall_results.json,False
starVLA,libero_qwen08b_oft_cot_trace_ours,CoT-trace,42,libero,libero,libero_object,,200,181,0.90500000,0.02073343,,/e/project1/m3/blank4/code/starVLA/playground/Checkpoints/libero_qwen08b_oft_cot_trace_ours/results/libero/overall_results.json,False
starVLA,libero_qwen08b_oft_cot_trace_ours_ft,CoT-trace,42,libero,libero,libero_10,,200,157,0.78500000,0.02904953,,/e/project1/m3/blank4/code/starVLA/playground/Checkpoints/libero_qwen08b_oft_cot_trace_ours_ft/results/libero/overall_results.json,False
starVLA,libero_qwen08b_oft_cot_trace_ours_ft,CoT-trace,42,libero,libero,libero_goal,,200,180,0.90000000,0.02121320,,/e/project1/m3/blank4/code/starVLA/playground/Checkpoints/libero_qwen08b_oft_cot_trace_ours_ft/results/libero/overall_results.json,False
starVLA,libero_qwen08b_oft_cot_trace_ours_ft,CoT-trace,42,libero,libero,libero_object,,350,327,0.93428571,0.01324450,,/e/project1/m3/blank4/code/starVLA/playground/Checkpoints/libero_qwen08b_oft_cot_trace_ours_ft/results/libero/overall_results.json,False
starVLA,libero_qwen08b_oft_cot_trace_ours_ft,CoT-trace,42,libero,libero,libero_spatial,,351,326,0.92877493,0.01372834,,/e/project1/m3/blank4/code/starVLA/playground/Checkpoints/libero_qwen08b_oft_cot_trace_ours_ft/results/libero/overall_results.json,False
starVLA,libero_qwen08b_oldmix,other,42,libero,libero,libero_10,,300,189,0.63000000,0.02787472,,/e/project1/m3/blank4/code/starVLA/playground/Checkpoints/libero_qwen08b_oldmix/results/libero/overall_results.json,False
starVLA,libero_qwen08b_warmup1k,other,42,libero,libero,libero_10,,500,259,0.51800000,0.02234619,,/e/project1/m3/blank4/code/starVLA/playground/Checkpoints/libero_qwen08b_warmup1k/results/libero/overall_results.json,False
starVLA,ervla_k_pi_cam3d_cot05,CoT-trace,42,libero-maskfix,libero-maskfix,libero_10,,100,31,0.31000000,0.04624932,,/e/project1/m3/blank4/code/starVLA/playground/Checkpoints/ervla_k_pi_cam3d_cot05/results/libero-maskfix/overall_results.json,False
starVLA,ervla_k_pi_cam3d_cot05,CoT-trace,42,libero-maskfix,libero-maskfix,libero_goal,,100,26,0.26000000,0.04386342,,/e/project1/m3/blank4/code/starVLA/playground/Checkpoints/ervla_k_pi_cam3d_cot05/results/libero-maskfix/overall_results.json,False
starVLA,ervla_k_pi_cam3d_cot05,CoT-trace,42,libero-maskfix,libero-maskfix,libero_object,,100,44,0.44000000,0.04963869,,/e/project1/m3/blank4/code/starVLA/playground/Checkpoints/ervla_k_pi_cam3d_cot05/results/libero-maskfix/overall_results.json,False
starVLA,ervla_k_pi_cam3d_cot05,CoT-trace,42,libero-maskfix,libero-maskfix,libero_spatial,,100,41,0.41000000,0.04918333,,/e/project1/m3/blank4/code/starVLA/playground/Checkpoints/ervla_k_pi_cam3d_cot05/results/libero-maskfix/overall_results.json,False
starVLA,libero_qwen08b_base_16chunk,other,42,libero-object-ood-source-target-4cm,libero-object-ood-source-target-4cm,libero_object,,200,133,0.66500000,0.03337477,,/e/project1/m3/blank4/code/starVLA/playground/Checkpoints/libero_qwen08b_base_16chunk/results/libero-object-ood-source-target-4cm/overall_results.json,False
starVLA,libero_qwen08b_oft_cot_trace_det,CoT-trace,42,libero-object-ood-source-target-4cm,libero-object-ood-source-target-4cm,libero_object,,200,110,0.55000000,0.03517812,,/e/project1/m3/blank4/code/starVLA/playground/Checkpoints/libero_qwen08b_oft_cot_trace_det/results/libero-object-ood-source-target-4cm/overall_results.json,False
starVLA,libero_qwen08b_oft_cot_trace_ours_ft,CoT-trace,42,libero-object-ood-source-target-4cm,libero-object-ood-source-target-4cm,libero_object,,200,112,0.56000000,0.03509986,,/e/project1/m3/blank4/code/starVLA/playground/Checkpoints/libero_qwen08b_oft_cot_trace_ours_ft/results/libero-object-ood-source-target-4cm/overall_results.json,False
starVLA,ablate_cotw1_corrupt,CoT-trace,,libero-plus,libero-plus,libero_10,,256,163,0.63671875,0.03005906,,/e/project1/m3/blank4/code/starVLA/playground/Checkpoints/ablate_cotw1_corrupt/results/libero-plus/overall_results.json,False
starVLA,ablate_cotw1_corrupt,CoT-trace,,libero-plus,libero-plus,libero_goal,,287,192,0.66898955,0.02777727,,/e/project1/m3/blank4/code/starVLA/playground/Checkpoints/ablate_cotw1_corrupt/results/libero-plus/overall_results.json,False
starVLA,ablate_cotw1_corrupt,CoT-trace,,libero-plus,libero-plus,libero_object,,256,215,0.83984375,0.02292193,,/e/project1/m3/blank4/code/starVLA/playground/Checkpoints/ablate_cotw1_corrupt/results/libero-plus/overall_results.json,False
starVLA,ablate_cotw1_corrupt,CoT-trace,,libero-plus,libero-plus,libero_spatial,,354,303,0.85593220,0.01866386,,/e/project1/m3/blank4/code/starVLA/playground/Checkpoints/ablate_cotw1_corrupt/results/libero-plus/overall_results.json,False
starVLA,ablate_cotw1_corrupt,CoT-trace,,libero-plus,libero-plus/libero_10,libero_10,,256,163,0.63671875,0.03005906,,/e/project1/m3/blank4/code/starVLA/playground/Checkpoints/ablate_cotw1_corrupt/results/libero-plus/libero_10/overall_results.json,False
starVLA,ablate_cotw1_corrupt,CoT-trace,,libero-plus,libero-plus/libero_goal,libero_goal,,287,192,0.66898955,0.02777727,,/e/project1/m3/blank4/code/starVLA/playground/Checkpoints/ablate_cotw1_corrupt/results/libero-plus/libero_goal/overall_results.json,False
starVLA,ablate_cotw1_corrupt,CoT-trace,,libero-plus,libero-plus/libero_object,libero_object,,256,215,0.83984375,0.02292193,,/e/project1/m3/blank4/code/starVLA/playground/Checkpoints/ablate_cotw1_corrupt/results/libero-plus/libero_object/overall_results.json,False
starVLA,ablate_cotw1_corrupt,CoT-trace,,libero-plus,libero-plus/libero_spatial,libero_spatial,,354,303,0.85593220,0.01866386,,/e/project1/m3/blank4/code/starVLA/playground/Checkpoints/ablate_cotw1_corrupt/results/libero-plus/libero_spatial/overall_results.json,False
starVLA,ablate_cotw1_nocot,CoT-trace,,libero-plus,libero-plus,libero_10,,256,171,0.66796875,0.02943388,,/e/project1/m3/blank4/code/starVLA/playground/Checkpoints/ablate_cotw1_nocot/results/libero-plus/overall_results.json,False
starVLA,ablate_cotw1_nocot,CoT-trace,,libero-plus,libero-plus,libero_goal,,287,193,0.67247387,0.02770255,,/e/project1/m3/blank4/code/starVLA/playground/Checkpoints/ablate_cotw1_nocot/results/libero-plus/overall_results.json,False
starVLA,ablate_cotw1_nocot,CoT-trace,,libero-plus,libero-plus,libero_object,,256,218,0.85156250,0.02222082,,/e/project1/m3/blank4/code/starVLA/playground/Checkpoints/ablate_cotw1_nocot/results/libero-plus/overall_results.json,False
starVLA,ablate_cotw1_nocot,CoT-trace,,libero-plus,libero-plus,libero_spatial,,354,293,0.82768362,0.02007215,,/e/project1/m3/blank4/code/starVLA/playground/Checkpoints/ablate_cotw1_nocot/results/libero-plus/overall_results.json,False
starVLA,ablate_cotw1_nocot,CoT-trace,,libero-plus,libero-plus/libero_10,libero_10,,256,171,0.66796875,0.02943388,,/e/project1/m3/blank4/code/starVLA/playground/Checkpoints/ablate_cotw1_nocot/results/libero-plus/libero_10/overall_results.json,False
starVLA,ablate_cotw1_nocot,CoT-trace,,libero-plus,libero-plus/libero_goal,libero_goal,,287,193,0.67247387,0.02770255,,/e/project1/m3/blank4/code/starVLA/playground/Checkpoints/ablate_cotw1_nocot/results/libero-plus/libero_goal/overall_results.json,False
starVLA,ablate_cotw1_nocot,CoT-trace,,libero-plus,libero-plus/libero_object,libero_object,,256,218,0.85156250,0.02222082,,/e/project1/m3/blank4/code/starVLA/playground/Checkpoints/ablate_cotw1_nocot/results/libero-plus/libero_object/overall_results.json,False
starVLA,ablate_cotw1_nocot,CoT-trace,,libero-plus,libero-plus/libero_spatial,libero_spatial,,354,293,0.82768362,0.02007215,,/e/project1/m3/blank4/code/starVLA/playground/Checkpoints/ablate_cotw1_nocot/results/libero-plus/libero_spatial/overall_results.json,False
starVLA,ervla_a_causal,causal,42,libero-plus,libero-plus,libero_10,,64,34,0.53125000,0.06237781,,/e/project1/m3/blank4/code/starVLA/playground/Checkpoints/ervla_a_causal/results/libero-plus/overall_results.json,False
starVLA,ervla_a_causal,causal,42,libero-plus,libero-plus,libero_goal,,64,50,0.78125000,0.05167483,,/e/project1/m3/blank4/code/starVLA/playground/Checkpoints/ervla_a_causal/results/libero-plus/overall_results.json,False
starVLA,ervla_a_causal,causal,42,libero-plus,libero-plus,libero_object,,64,50,0.78125000,0.05167483,,/e/project1/m3/blank4/code/starVLA/playground/Checkpoints/ervla_a_causal/results/libero-plus/overall_results.json,False
starVLA,ervla_a_causal,causal,42,libero-plus,libero-plus,libero_spatial,,64,43,0.67187500,0.05869133,,/e/project1/m3/blank4/code/starVLA/playground/Checkpoints/ervla_a_causal/results/libero-plus/overall_results.json,False
starVLA,ervla_a_causal,causal,42,libero-plus,libero-plus/libero_10,libero_10,,64,34,0.53125000,0.06237781,,/e/project1/m3/blank4/code/starVLA/playground/Checkpoints/ervla_a_causal/results/libero-plus/libero_10/overall_results.json,False
starVLA,ervla_a_causal,causal,42,libero-plus,libero-plus/libero_goal,libero_goal,,64,50,0.78125000,0.05167483,,/e/project1/m3/blank4/code/starVLA/playground/Checkpoints/ervla_a_causal/results/libero-plus/libero_goal/overall_results.json,False
starVLA,ervla_a_causal,causal,42,libero-plus,libero-plus/libero_object,libero_object,,64,50,0.78125000,0.05167483,,/e/project1/m3/blank4/code/starVLA/playground/Checkpoints/ervla_a_causal/results/libero-plus/libero_object/overall_results.json,False
starVLA,ervla_a_causal,causal,42,libero-plus,libero-plus/libero_spatial,libero_spatial,,64,43,0.67187500,0.05869133,,/e/project1/m3/blank4/code/starVLA/playground/Checkpoints/ervla_a_causal/results/libero-plus/libero_spatial/overall_results.json,False
starVLA,ervla_b_bidir,encoder,42,libero-plus,libero-plus,libero_10,,64,38,0.59375000,0.06139154,,/e/project1/m3/blank4/code/starVLA/playground/Checkpoints/ervla_b_bidir/results/libero-plus/overall_results.json,False
starVLA,ervla_b_bidir,encoder,42,libero-plus,libero-plus,libero_goal,,64,48,0.75000000,0.05412659,,/e/project1/m3/blank4/code/starVLA/playground/Checkpoints/ervla_b_bidir/results/libero-plus/overall_results.json,False
starVLA,ervla_b_bidir,encoder,42,libero-plus,libero-plus,libero_object,,64,53,0.82812500,0.04715897,,/e/project1/m3/blank4/code/starVLA/playground/Checkpoints/ervla_b_bidir/results/libero-plus/overall_results.json,False
starVLA,ervla_b_bidir,encoder,42,libero-plus,libero-plus,libero_spatial,,64,44,0.68750000,0.05793905,,/e/project1/m3/blank4/code/starVLA/playground/Checkpoints/ervla_b_bidir/results/libero-plus/overall_results.json,False
starVLA,ervla_b_bidir,encoder,42,libero-plus,libero-plus/libero_10,libero_10,,64,38,0.59375000,0.06139154,,/e/project1/m3/blank4/code/starVLA/playground/Checkpoints/ervla_b_bidir/results/libero-plus/libero_10/overall_results.json,False
starVLA,ervla_b_bidir,encoder,42,libero-plus,libero-plus/libero_goal,libero_goal,,64,48,0.75000000,0.05412659,,/e/project1/m3/blank4/code/starVLA/playground/Checkpoints/ervla_b_bidir/results/libero-plus/libero_goal/overall_results.json,False
starVLA,ervla_b_bidir,encoder,42,libero-plus,libero-plus/libero_object,libero_object,,64,53,0.82812500,0.04715897,,/e/project1/m3/blank4/code/starVLA/playground/Checkpoints/ervla_b_bidir/results/libero-plus/libero_object/overall_results.json,False
starVLA,ervla_b_bidir,encoder,42,libero-plus,libero-plus/libero_spatial,libero_spatial,,64,44,0.68750000,0.05793905,,/e/project1/m3/blank4/code/starVLA/playground/Checkpoints/ervla_b_bidir/results/libero-plus/libero_spatial/overall_results.json,False
starVLA,ervla_c_action_batchdrop,other,42,libero-plus,libero-plus,libero_10,,64,41,0.64062500,0.05997716,,/e/project1/m3/blank4/code/starVLA/playground/Checkpoints/ervla_c_action_batchdrop/results/libero-plus/overall_results.json,False
starVLA,ervla_c_action_batchdrop,other,42,libero-plus,libero-plus,libero_goal,,64,44,0.68750000,0.05793905,,/e/project1/m3/blank4/code/starVLA/playground/Checkpoints/ervla_c_action_batchdrop/results/libero-plus/overall_results.json,False
starVLA,ervla_c_action_batchdrop,other,42,libero-plus,libero-plus,libero_object,,64,48,0.75000000,0.05412659,,/e/project1/m3/blank4/code/starVLA/playground/Checkpoints/ervla_c_action_batchdrop/results/libero-plus/overall_results.json,False
starVLA,ervla_c_action_batchdrop,other,42,libero-plus,libero-plus,libero_spatial,,64,49,0.76562500,0.05295094,,/e/project1/m3/blank4/code/starVLA/playground/Checkpoints/ervla_c_action_batchdrop/results/libero-plus/overall_results.json,False
starVLA,ervla_c_action_batchdrop,other,42,libero-plus,libero-plus/libero_10,libero_10,,64,41,0.64062500,0.05997716,,/e/project1/m3/blank4/code/starVLA/playground/Checkpoints/ervla_c_action_batchdrop/results/libero-plus/libero_10/overall_results.json,False
starVLA,ervla_c_action_batchdrop,other,42,libero-plus,libero-plus/libero_goal,libero_goal,,64,44,0.68750000,0.05793905,,/e/project1/m3/blank4/code/starVLA/playground/Checkpoints/ervla_c_action_batchdrop/results/libero-plus/libero_goal/overall_results.json,False
starVLA,ervla_c_action_batchdrop,other,42,libero-plus,libero-plus/libero_object,libero_object,,64,48,0.75000000,0.05412659,,/e/project1/m3/blank4/code/starVLA/playground/Checkpoints/ervla_c_action_batchdrop/results/libero-plus/libero_object/overall_results.json,False
starVLA,ervla_c_action_batchdrop,other,42,libero-plus,libero-plus/libero_spatial,libero_spatial,,64,49,0.76562500,0.05295094,,/e/project1/m3/blank4/code/starVLA/playground/Checkpoints/ervla_c_action_batchdrop/results/libero-plus/libero_spatial/overall_results.json,False
starVLA,ervla_causal_gr00t_fullmem_noz_b64_s42,causal,42,libero-plus,libero-plus/libero_10,libero_10,,1000,583,0.58300000,0.01559202,,/e/project1/m3/blank4/code/starVLA/playground/Checkpoints/ervla_causal_gr00t_fullmem_noz_b64_s42/results/libero-plus/libero_10/overall_results.json,False
starVLA,ervla_causal_gr00t_fullmem_noz_b64_s43,causal,43,libero-plus,libero-plus,libero_10,,1000,523,0.52300000,0.01579465,,/e/project1/m3/blank4/code/starVLA/playground/Checkpoints/ervla_causal_gr00t_fullmem_noz_b64_s43/results/libero-plus/overall_results.json,True
starVLA,ervla_causal_gr00t_fullmem_noz_b64_s43,causal,43,libero-plus,libero-plus,libero_goal,,1000,473,0.47300000,0.01578832,,/e/project1/m3/blank4/code/starVLA/playground/Checkpoints/ervla_causal_gr00t_fullmem_noz_b64_s43/results/libero-plus/overall_results.json,True
starVLA,ervla_causal_gr00t_fullmem_noz_b64_s43,causal,43,libero-plus,libero-plus,libero_object,,1000,713,0.71300000,0.01430493,,/e/project1/m3/blank4/code/starVLA/playground/Checkpoints/ervla_causal_gr00t_fullmem_noz_b64_s43/results/libero-plus/overall_results.json,True
starVLA,ervla_causal_gr00t_fullmem_noz_b64_s43,causal,43,libero-plus,libero-plus,libero_spatial,,1000,706,0.70600000,0.01440708,,/e/project1/m3/blank4/code/starVLA/playground/Checkpoints/ervla_causal_gr00t_fullmem_noz_b64_s43/results/libero-plus/overall_results.json,True
starVLA,ervla_causal_gr00t_fullmem_noz_b64_s43,causal,43,libero-plus,libero-plus/libero_10,libero_10,,1000,523,0.52300000,0.01579465,,/e/project1/m3/blank4/code/starVLA/playground/Checkpoints/ervla_causal_gr00t_fullmem_noz_b64_s43/results/libero-plus/libero_10/overall_results.json,False
starVLA,ervla_causal_gr00t_fullmem_noz_b64_s43,causal,43,libero-plus,libero-plus/libero_goal,libero_goal,,1000,473,0.47300000,0.01578832,,/e/project1/m3/blank4/code/starVLA/playground/Checkpoints/ervla_causal_gr00t_fullmem_noz_b64_s43/results/libero-plus/libero_goal/overall_results.json,False
starVLA,ervla_causal_gr00t_fullmem_noz_b64_s43,causal,43,libero-plus,libero-plus/libero_object,libero_object,,1000,713,0.71300000,0.01430493,,/e/project1/m3/blank4/code/starVLA/playground/Checkpoints/ervla_causal_gr00t_fullmem_noz_b64_s43/results/libero-plus/libero_object/overall_results.json,False
starVLA,ervla_causal_gr00t_fullmem_noz_b64_s43,causal,43,libero-plus,libero-plus/libero_spatial,libero_spatial,,1000,706,0.70600000,0.01440708,,/e/project1/m3/blank4/code/starVLA/playground/Checkpoints/ervla_causal_gr00t_fullmem_noz_b64_s43/results/libero-plus/libero_spatial/overall_results.json,False
starVLA,ervla_causal_gr00t_sharedz_zmem4_memdrop100_b64_s42,shared-z/zonly,42,libero-plus,libero-plus/libero_10,libero_10,,1000,524,0.52400000,0.01579316,,/e/project1/m3/blank4/code/starVLA/playground/Checkpoints/ervla_causal_gr00t_sharedz_zmem4_memdrop100_b64_s42/results/libero-plus/libero_10/overall_results.json,False
starVLA,ervla_causal_gr00t_sharedz_zmem4_memdrop100_b64_s43,shared-z/zonly,43,libero-plus,libero-plus,libero_10,,1000,517,0.51700000,0.01580225,,/e/project1/m3/blank4/code/starVLA/playground/Checkpoints/ervla_causal_gr00t_sharedz_zmem4_memdrop100_b64_s43/results/libero-plus/overall_results.json,True
starVLA,ervla_causal_gr00t_sharedz_zmem4_memdrop100_b64_s43,shared-z/zonly,43,libero-plus,libero-plus,libero_goal,,1000,358,0.35800000,0.01516034,,/e/project1/m3/blank4/code/starVLA/playground/Checkpoints/ervla_causal_gr00t_sharedz_zmem4_memdrop100_b64_s43/results/libero-plus/overall_results.json,True
starVLA,ervla_causal_gr00t_sharedz_zmem4_memdrop100_b64_s43,shared-z/zonly,43,libero-plus,libero-plus,libero_object,,1000,725,0.72500000,0.01412002,,/e/project1/m3/blank4/code/starVLA/playground/Checkpoints/ervla_causal_gr00t_sharedz_zmem4_memdrop100_b64_s43/results/libero-plus/overall_results.json,True
starVLA,ervla_causal_gr00t_sharedz_zmem4_memdrop100_b64_s43,shared-z/zonly,43,libero-plus,libero-plus,libero_spatial,,1000,678,0.67800000,0.01477552,,/e/project1/m3/blank4/code/starVLA/playground/Checkpoints/ervla_causal_gr00t_sharedz_zmem4_memdrop100_b64_s43/results/libero-plus/overall_results.json,True
starVLA,ervla_causal_gr00t_sharedz_zmem4_memdrop100_b64_s43,shared-z/zonly,43,libero-plus,libero-plus/libero_10,libero_10,,1000,517,0.51700000,0.01580225,,/e/project1/m3/blank4/code/starVLA/playground/Checkpoints/ervla_causal_gr00t_sharedz_zmem4_memdrop100_b64_s43/results/libero-plus/libero_10/overall_results.json,False
starVLA,ervla_causal_gr00t_sharedz_zmem4_memdrop100_b64_s43,shared-z/zonly,43,libero-plus,libero-plus/libero_goal,libero_goal,,1000,358,0.35800000,0.01516034,,/e/project1/m3/blank4/code/starVLA/playground/Checkpoints/ervla_causal_gr00t_sharedz_zmem4_memdrop100_b64_s43/results/libero-plus/libero_goal/overall_results.json,False
starVLA,ervla_causal_gr00t_sharedz_zmem4_memdrop100_b64_s43,shared-z/zonly,43,libero-plus,libero-plus/libero_object,libero_object,,1000,725,0.72500000,0.01412002,,/e/project1/m3/blank4/code/starVLA/playground/Checkpoints/ervla_causal_gr00t_sharedz_zmem4_memdrop100_b64_s43/results/libero-plus/libero_object/overall_results.json,False
starVLA,ervla_causal_gr00t_sharedz_zmem4_memdrop100_b64_s43,shared-z/zonly,43,libero-plus,libero-plus/libero_spatial,libero_spatial,,1000,678,0.67800000,0.01477552,,/e/project1/m3/blank4/code/starVLA/playground/Checkpoints/ervla_causal_gr00t_sharedz_zmem4_memdrop100_b64_s43/results/libero-plus/libero_spatial/overall_results.json,False
starVLA,ervla_crand_batchdrop,other,42,libero-plus,libero-plus,libero_10,,64,40,0.62500000,0.06051536,,/e/project1/m3/blank4/code/starVLA/playground/Checkpoints/ervla_crand_batchdrop/results/libero-plus/overall_results.json,False
starVLA,ervla_crand_batchdrop,other,42,libero-plus,libero-plus,libero_goal,,64,49,0.76562500,0.05295094,,/e/project1/m3/blank4/code/starVLA/playground/Checkpoints/ervla_crand_batchdrop/results/libero-plus/overall_results.json,False
starVLA,ervla_crand_batchdrop,other,42,libero-plus,libero-plus,libero_object,,64,46,0.71875000,0.05620115,,/e/project1/m3/blank4/code/starVLA/playground/Checkpoints/ervla_crand_batchdrop/results/libero-plus/overall_results.json,False
starVLA,ervla_crand_batchdrop,other,42,libero-plus,libero-plus,libero_spatial,,64,47,0.73437500,0.05520818,,/e/project1/m3/blank4/code/starVLA/playground/Checkpoints/ervla_crand_batchdrop/results/libero-plus/overall_results.json,False
starVLA,ervla_crand_batchdrop,other,42,libero-plus,libero-plus/libero_10,libero_10,,64,40,0.62500000,0.06051536,,/e/project1/m3/blank4/code/starVLA/playground/Checkpoints/ervla_crand_batchdrop/results/libero-plus/libero_10/overall_results.json,False
starVLA,ervla_crand_batchdrop,other,42,libero-plus,libero-plus/libero_goal,libero_goal,,64,49,0.76562500,0.05295094,,/e/project1/m3/blank4/code/starVLA/playground/Checkpoints/ervla_crand_batchdrop/results/libero-plus/libero_goal/overall_results.json,False
starVLA,ervla_crand_batchdrop,other,42,libero-plus,libero-plus/libero_object,libero_object,,64,46,0.71875000,0.05620115,,/e/project1/m3/blank4/code/starVLA/playground/Checkpoints/ervla_crand_batchdrop/results/libero-plus/libero_object/overall_results.json,False
starVLA,ervla_crand_batchdrop,other,42,libero-plus,libero-plus/libero_spatial,libero_spatial,,64,47,0.73437500,0.05520818,,/e/project1/m3/blank4/code/starVLA/playground/Checkpoints/ervla_crand_batchdrop/results/libero-plus/libero_spatial/overall_results.json,False
starVLA,ervla_d_cam3d_8gpu,other,42,libero-plus,libero-plus,libero_10,,64,38,0.59375000,0.06139154,,/e/project1/m3/blank4/code/starVLA/playground/Checkpoints/ervla_d_cam3d_8gpu/results/libero-plus/overall_results.json,False
starVLA,ervla_d_cam3d_8gpu,other,42,libero-plus,libero-plus,libero_goal,,64,50,0.78125000,0.05167483,,/e/project1/m3/blank4/code/starVLA/playground/Checkpoints/ervla_d_cam3d_8gpu/results/libero-plus/overall_results.json,False
starVLA,ervla_d_cam3d_8gpu,other,42,libero-plus,libero-plus,libero_object,,64,50,0.78125000,0.05167483,,/e/project1/m3/blank4/code/starVLA/playground/Checkpoints/ervla_d_cam3d_8gpu/results/libero-plus/overall_results.json,False
starVLA,ervla_d_cam3d_8gpu,other,42,libero-plus,libero-plus,libero_spatial,,64,44,0.68750000,0.05793905,,/e/project1/m3/blank4/code/starVLA/playground/Checkpoints/ervla_d_cam3d_8gpu/results/libero-plus/overall_results.json,False
starVLA,ervla_d_cam3d_8gpu,other,42,libero-plus,libero-plus/libero_10,libero_10,,64,38,0.59375000,0.06139154,,/e/project1/m3/blank4/code/starVLA/playground/Checkpoints/ervla_d_cam3d_8gpu/results/libero-plus/libero_10/overall_results.json,False
starVLA,ervla_d_cam3d_8gpu,other,42,libero-plus,libero-plus/libero_goal,libero_goal,,64,50,0.78125000,0.05167483,,/e/project1/m3/blank4/code/starVLA/playground/Checkpoints/ervla_d_cam3d_8gpu/results/libero-plus/libero_goal/overall_results.json,False
starVLA,ervla_d_cam3d_8gpu,other,42,libero-plus,libero-plus/libero_object,libero_object,,64,50,0.78125000,0.05167483,,/e/project1/m3/blank4/code/starVLA/playground/Checkpoints/ervla_d_cam3d_8gpu/results/libero-plus/libero_object/overall_results.json,False
starVLA,ervla_d_cam3d_8gpu,other,42,libero-plus,libero-plus/libero_spatial,libero_spatial,,64,44,0.68750000,0.05793905,,/e/project1/m3/blank4/code/starVLA/playground/Checkpoints/ervla_d_cam3d_8gpu/results/libero-plus/libero_spatial/overall_results.json,False
starVLA,ervla_d_cam3d_rand_8gpu,other,42,libero-plus,libero-plus,libero_10,,64,40,0.62500000,0.06051536,,/e/project1/m3/blank4/code/starVLA/playground/Checkpoints/ervla_d_cam3d_rand_8gpu/results/libero-plus/overall_results.json,False
starVLA,ervla_d_cam3d_rand_8gpu,other,42,libero-plus,libero-plus,libero_goal,,64,45,0.70312500,0.05711012,,/e/project1/m3/blank4/code/starVLA/playground/Checkpoints/ervla_d_cam3d_rand_8gpu/results/libero-plus/overall_results.json,False
starVLA,ervla_d_cam3d_rand_8gpu,other,42,libero-plus,libero-plus,libero_object,,64,50,0.78125000,0.05167483,,/e/project1/m3/blank4/code/starVLA/playground/Checkpoints/ervla_d_cam3d_rand_8gpu/results/libero-plus/overall_results.json,False
starVLA,ervla_d_cam3d_rand_8gpu,other,42,libero-plus,libero-plus,libero_spatial,,64,48,0.75000000,0.05412659,,/e/project1/m3/blank4/code/starVLA/playground/Checkpoints/ervla_d_cam3d_rand_8gpu/results/libero-plus/overall_results.json,False
starVLA,ervla_d_cam3d_rand_8gpu,other,42,libero-plus,libero-plus/libero_10,libero_10,,64,40,0.62500000,0.06051536,,/e/project1/m3/blank4/code/starVLA/playground/Checkpoints/ervla_d_cam3d_rand_8gpu/results/libero-plus/libero_10/overall_results.json,False
starVLA,ervla_d_cam3d_rand_8gpu,other,42,libero-plus,libero-plus/libero_goal,libero_goal,,64,45,0.70312500,0.05711012,,/e/project1/m3/blank4/code/starVLA/playground/Checkpoints/ervla_d_cam3d_rand_8gpu/results/libero-plus/libero_goal/overall_results.json,False
starVLA,ervla_d_cam3d_rand_8gpu,other,42,libero-plus,libero-plus/libero_object,libero_object,,64,50,0.78125000,0.05167483,,/e/project1/m3/blank4/code/starVLA/playground/Checkpoints/ervla_d_cam3d_rand_8gpu/results/libero-plus/libero_object/overall_results.json,False
starVLA,ervla_d_cam3d_rand_8gpu,other,42,libero-plus,libero-plus/libero_spatial,libero_spatial,,64,48,0.75000000,0.05412659,,/e/project1/m3/blank4/code/starVLA/playground/Checkpoints/ervla_d_cam3d_rand_8gpu/results/libero-plus/libero_spatial/overall_results.json,False
starVLA,ervla_d_ground_batchdrop,other,42,libero-plus,libero-plus,libero_10,,64,45,0.70312500,0.05711012,,/e/project1/m3/blank4/code/starVLA/playground/Checkpoints/ervla_d_ground_batchdrop/results/libero-plus/overall_results.json,False
starVLA,ervla_d_ground_batchdrop,other,42,libero-plus,libero-plus,libero_goal,,64,42,0.65625000,0.05936986,,/e/project1/m3/blank4/code/starVLA/playground/Checkpoints/ervla_d_ground_batchdrop/results/libero-plus/overall_results.json,False
starVLA,ervla_d_ground_batchdrop,other,42,libero-plus,libero-plus,libero_object,,64,49,0.76562500,0.05295094,,/e/project1/m3/blank4/code/starVLA/playground/Checkpoints/ervla_d_ground_batchdrop/results/libero-plus/overall_results.json,False
starVLA,ervla_d_ground_batchdrop,other,42,libero-plus,libero-plus,libero_spatial,,64,46,0.71875000,0.05620115,,/e/project1/m3/blank4/code/starVLA/playground/Checkpoints/ervla_d_ground_batchdrop/results/libero-plus/overall_results.json,False
starVLA,ervla_d_ground_batchdrop,other,42,libero-plus,libero-plus/libero_10,libero_10,,64,45,0.70312500,0.05711012,,/e/project1/m3/blank4/code/starVLA/playground/Checkpoints/ervla_d_ground_batchdrop/results/libero-plus/libero_10/overall_results.json,False
starVLA,ervla_d_ground_batchdrop,other,42,libero-plus,libero-plus/libero_goal,libero_goal,,64,42,0.65625000,0.05936986,,/e/project1/m3/blank4/code/starVLA/playground/Checkpoints/ervla_d_ground_batchdrop/results/libero-plus/libero_goal/overall_results.json,False
starVLA,ervla_d_ground_batchdrop,other,42,libero-plus,libero-plus/libero_object,libero_object,,64,49,0.76562500,0.05295094,,/e/project1/m3/blank4/code/starVLA/playground/Checkpoints/ervla_d_ground_batchdrop/results/libero-plus/libero_object/overall_results.json,False
starVLA,ervla_d_ground_batchdrop,other,42,libero-plus,libero-plus/libero_spatial,libero_spatial,,64,46,0.71875000,0.05620115,,/e/project1/m3/blank4/code/starVLA/playground/Checkpoints/ervla_d_ground_batchdrop/results/libero-plus/libero_spatial/overall_results.json,False
starVLA,ervla_d_ground_state_batchdrop,other,42,libero-plus,libero-plus,libero_10,,64,39,0.60937500,0.06098631,,/e/project1/m3/blank4/code/starVLA/playground/Checkpoints/ervla_d_ground_state_batchdrop/results/libero-plus/overall_results.json,False
starVLA,ervla_d_ground_state_batchdrop,other,42,libero-plus,libero-plus,libero_goal,,64,47,0.73437500,0.05520818,,/e/project1/m3/blank4/code/starVLA/playground/Checkpoints/ervla_d_ground_state_batchdrop/results/libero-plus/overall_results.json,False
starVLA,ervla_d_ground_state_batchdrop,other,42,libero-plus,libero-plus,libero_object,,64,45,0.70312500,0.05711012,,/e/project1/m3/blank4/code/starVLA/playground/Checkpoints/ervla_d_ground_state_batchdrop/results/libero-plus/overall_results.json,False
starVLA,ervla_d_ground_state_batchdrop,other,42,libero-plus,libero-plus,libero_spatial,,64,49,0.76562500,0.05295094,,/e/project1/m3/blank4/code/starVLA/playground/Checkpoints/ervla_d_ground_state_batchdrop/results/libero-plus/overall_results.json,False
starVLA,ervla_d_ground_state_batchdrop,other,42,libero-plus,libero-plus/libero_10,libero_10,,64,39,0.60937500,0.06098631,,/e/project1/m3/blank4/code/starVLA/playground/Checkpoints/ervla_d_ground_state_batchdrop/results/libero-plus/libero_10/overall_results.json,False
starVLA,ervla_d_ground_state_batchdrop,other,42,libero-plus,libero-plus/libero_goal,libero_goal,,64,47,0.73437500,0.05520818,,/e/project1/m3/blank4/code/starVLA/playground/Checkpoints/ervla_d_ground_state_batchdrop/results/libero-plus/libero_goal/overall_results.json,False
starVLA,ervla_d_ground_state_batchdrop,other,42,libero-plus,libero-plus/libero_object,libero_object,,64,45,0.70312500,0.05711012,,/e/project1/m3/blank4/code/starVLA/playground/Checkpoints/ervla_d_ground_state_batchdrop/results/libero-plus/libero_object/overall_results.json,False
starVLA,ervla_d_ground_state_batchdrop,other,42,libero-plus,libero-plus/libero_spatial,libero_spatial,,64,49,0.76562500,0.05295094,,/e/project1/m3/blank4/code/starVLA/playground/Checkpoints/ervla_d_ground_state_batchdrop/results/libero-plus/libero_spatial/overall_results.json,False
starVLA,ervla_e_staged_batchdrop,other,42,libero-plus,libero-plus,libero_10,,64,41,0.64062500,0.05997716,,/e/project1/m3/blank4/code/starVLA/playground/Checkpoints/ervla_e_staged_batchdrop/results/libero-plus/overall_results.json,False
starVLA,ervla_e_staged_batchdrop,other,42,libero-plus,libero-plus,libero_goal,,64,46,0.71875000,0.05620115,,/e/project1/m3/blank4/code/starVLA/playground/Checkpoints/ervla_e_staged_batchdrop/results/libero-plus/overall_results.json,False
starVLA,ervla_e_staged_batchdrop,other,42,libero-plus,libero-plus,libero_object,,64,46,0.71875000,0.05620115,,/e/project1/m3/blank4/code/starVLA/playground/Checkpoints/ervla_e_staged_batchdrop/results/libero-plus/overall_results.json,False
starVLA,ervla_e_staged_batchdrop,other,42,libero-plus,libero-plus,libero_spatial,,64,43,0.67187500,0.05869133,,/e/project1/m3/blank4/code/starVLA/playground/Checkpoints/ervla_e_staged_batchdrop/results/libero-plus/overall_results.json,False
starVLA,ervla_e_staged_batchdrop,other,42,libero-plus,libero-plus/libero_10,libero_10,,64,41,0.64062500,0.05997716,,/e/project1/m3/blank4/code/starVLA/playground/Checkpoints/ervla_e_staged_batchdrop/results/libero-plus/libero_10/overall_results.json,False
starVLA,ervla_e_staged_batchdrop,other,42,libero-plus,libero-plus/libero_goal,libero_goal,,64,46,0.71875000,0.05620115,,/e/project1/m3/blank4/code/starVLA/playground/Checkpoints/ervla_e_staged_batchdrop/results/libero-plus/libero_goal/overall_results.json,False
starVLA,ervla_e_staged_batchdrop,other,42,libero-plus,libero-plus/libero_object,libero_object,,64,46,0.71875000,0.05620115,,/e/project1/m3/blank4/code/starVLA/playground/Checkpoints/ervla_e_staged_batchdrop/results/libero-plus/libero_object/overall_results.json,False
starVLA,ervla_e_staged_batchdrop,other,42,libero-plus,libero-plus/libero_spatial,libero_spatial,,64,43,0.67187500,0.05869133,,/e/project1/m3/blank4/code/starVLA/playground/Checkpoints/ervla_e_staged_batchdrop/results/libero-plus/libero_spatial/overall_results.json,False
starVLA,ervla_f_decoder_frozen,other,42,libero-plus,libero-plus,libero_10,,64,41,0.64062500,0.05997716,,/e/project1/m3/blank4/code/starVLA/playground/Checkpoints/ervla_f_decoder_frozen/results/libero-plus/overall_results.json,False
starVLA,ervla_f_decoder_frozen,other,42,libero-plus,libero-plus,libero_goal,,64,44,0.68750000,0.05793905,,/e/project1/m3/blank4/code/starVLA/playground/Checkpoints/ervla_f_decoder_frozen/results/libero-plus/overall_results.json,False
starVLA,ervla_f_decoder_frozen,other,42,libero-plus,libero-plus,libero_object,,64,48,0.75000000,0.05412659,,/e/project1/m3/blank4/code/starVLA/playground/Checkpoints/ervla_f_decoder_frozen/results/libero-plus/overall_results.json,False
starVLA,ervla_f_decoder_frozen,other,42,libero-plus,libero-plus,libero_spatial,,64,46,0.71875000,0.05620115,,/e/project1/m3/blank4/code/starVLA/playground/Checkpoints/ervla_f_decoder_frozen/results/libero-plus/overall_results.json,False
starVLA,ervla_f_decoder_frozen,other,42,libero-plus,libero-plus/libero_10,libero_10,,64,41,0.64062500,0.05997716,,/e/project1/m3/blank4/code/starVLA/playground/Checkpoints/ervla_f_decoder_frozen/results/libero-plus/libero_10/overall_results.json,False
starVLA,ervla_f_decoder_frozen,other,42,libero-plus,libero-plus/libero_goal,libero_goal,,64,44,0.68750000,0.05793905,,/e/project1/m3/blank4/code/starVLA/playground/Checkpoints/ervla_f_decoder_frozen/results/libero-plus/libero_goal/overall_results.json,False
starVLA,ervla_f_decoder_frozen,other,42,libero-plus,libero-plus/libero_object,libero_object,,64,48,0.75000000,0.05412659,,/e/project1/m3/blank4/code/starVLA/playground/Checkpoints/ervla_f_decoder_frozen/results/libero-plus/libero_object/overall_results.json,False
starVLA,ervla_f_decoder_frozen,other,42,libero-plus,libero-plus/libero_spatial,libero_spatial,,64,46,0.71875000,0.05620115,,/e/project1/m3/blank4/code/starVLA/playground/Checkpoints/ervla_f_decoder_frozen/results/libero-plus/libero_spatial/overall_results.json,False
starVLA,ervla_g_cam3d_cot05,CoT-trace,42,libero-plus,libero-plus,libero_10,,64,43,0.67187500,0.05869133,,/e/project1/m3/blank4/code/starVLA/playground/Checkpoints/ervla_g_cam3d_cot05/results/libero-plus/overall_results.json,False
starVLA,ervla_g_cam3d_cot05,CoT-trace,42,libero-plus,libero-plus,libero_goal,,64,43,0.67187500,0.05869133,,/e/project1/m3/blank4/code/starVLA/playground/Checkpoints/ervla_g_cam3d_cot05/results/libero-plus/overall_results.json,False
starVLA,ervla_g_cam3d_cot05,CoT-trace,42,libero-plus,libero-plus,libero_object,,64,48,0.75000000,0.05412659,,/e/project1/m3/blank4/code/starVLA/playground/Checkpoints/ervla_g_cam3d_cot05/results/libero-plus/overall_results.json,False
starVLA,ervla_g_cam3d_cot05,CoT-trace,42,libero-plus,libero-plus,libero_spatial,,64,47,0.73437500,0.05520818,,/e/project1/m3/blank4/code/starVLA/playground/Checkpoints/ervla_g_cam3d_cot05/results/libero-plus/overall_results.json,False
starVLA,ervla_g_cam3d_cot05,CoT-trace,42,libero-plus,libero-plus/libero_10,libero_10,,64,43,0.67187500,0.05869133,,/e/project1/m3/blank4/code/starVLA/playground/Checkpoints/ervla_g_cam3d_cot05/results/libero-plus/libero_10/overall_results.json,False
starVLA,ervla_g_cam3d_cot05,CoT-trace,42,libero-plus,libero-plus/libero_goal,libero_goal,,64,43,0.67187500,0.05869133,,/e/project1/m3/blank4/code/starVLA/playground/Checkpoints/ervla_g_cam3d_cot05/results/libero-plus/libero_goal/overall_results.json,False
starVLA,ervla_g_cam3d_cot05,CoT-trace,42,libero-plus,libero-plus/libero_object,libero_object,,64,48,0.75000000,0.05412659,,/e/project1/m3/blank4/code/starVLA/playground/Checkpoints/ervla_g_cam3d_cot05/results/libero-plus/libero_object/overall_results.json,False
starVLA,ervla_g_cam3d_cot05,CoT-trace,42,libero-plus,libero-plus/libero_spatial,libero_spatial,,64,47,0.73437500,0.05520818,,/e/project1/m3/blank4/code/starVLA/playground/Checkpoints/ervla_g_cam3d_cot05/results/libero-plus/libero_spatial/overall_results.json,False
starVLA,ervla_g_cross_only,other,42,libero-plus,libero-plus,libero_10,,64,45,0.70312500,0.05711012,,/e/project1/m3/blank4/code/starVLA/playground/Checkpoints/ervla_g_cross_only/results/libero-plus/overall_results.json,False
starVLA,ervla_g_cross_only,other,42,libero-plus,libero-plus,libero_goal,,64,43,0.67187500,0.05869133,,/e/project1/m3/blank4/code/starVLA/playground/Checkpoints/ervla_g_cross_only/results/libero-plus/overall_results.json,False
starVLA,ervla_g_cross_only,other,42,libero-plus,libero-plus,libero_object,,64,48,0.75000000,0.05412659,,/e/project1/m3/blank4/code/starVLA/playground/Checkpoints/ervla_g_cross_only/results/libero-plus/overall_results.json,False
starVLA,ervla_g_cross_only,other,42,libero-plus,libero-plus,libero_spatial,,64,47,0.73437500,0.05520818,,/e/project1/m3/blank4/code/starVLA/playground/Checkpoints/ervla_g_cross_only/results/libero-plus/overall_results.json,False
starVLA,ervla_g_cross_only,other,42,libero-plus,libero-plus/libero_10,libero_10,,64,45,0.70312500,0.05711012,,/e/project1/m3/blank4/code/starVLA/playground/Checkpoints/ervla_g_cross_only/results/libero-plus/libero_10/overall_results.json,False
starVLA,ervla_g_cross_only,other,42,libero-plus,libero-plus/libero_goal,libero_goal,,64,43,0.67187500,0.05869133,,/e/project1/m3/blank4/code/starVLA/playground/Checkpoints/ervla_g_cross_only/results/libero-plus/libero_goal/overall_results.json,False
starVLA,ervla_g_cross_only,other,42,libero-plus,libero-plus/libero_object,libero_object,,64,48,0.75000000,0.05412659,,/e/project1/m3/blank4/code/starVLA/playground/Checkpoints/ervla_g_cross_only/results/libero-plus/libero_object/overall_results.json,False
starVLA,ervla_g_cross_only,other,42,libero-plus,libero-plus/libero_spatial,libero_spatial,,64,47,0.73437500,0.05520818,,/e/project1/m3/blank4/code/starVLA/playground/Checkpoints/ervla_g_cross_only/results/libero-plus/libero_spatial/overall_results.json,False
starVLA,ervla_gr00t_sharedz_v5_memdrop015_b64_s42,shared-z/zonly,42,libero-plus,libero-plus,libero_10,,1000,662,0.66200000,0.01495848,,/e/project1/m3/blank4/code/starVLA/playground/Checkpoints/ervla_gr00t_sharedz_v5_memdrop015_b64_s42/results/libero-plus/overall_results.json,True
starVLA,ervla_gr00t_sharedz_v5_memdrop015_b64_s42,shared-z/zonly,42,libero-plus,libero-plus,libero_goal,,1000,778,0.77800000,0.01314215,,/e/project1/m3/blank4/code/starVLA/playground/Checkpoints/ervla_gr00t_sharedz_v5_memdrop015_b64_s42/results/libero-plus/overall_results.json,True
starVLA,ervla_gr00t_sharedz_v5_memdrop015_b64_s42,shared-z/zonly,42,libero-plus,libero-plus,libero_object,,1000,848,0.84800000,0.01135324,,/e/project1/m3/blank4/code/starVLA/playground/Checkpoints/ervla_gr00t_sharedz_v5_memdrop015_b64_s42/results/libero-plus/overall_results.json,True
starVLA,ervla_gr00t_sharedz_v5_memdrop015_b64_s42,shared-z/zonly,42,libero-plus,libero-plus,libero_spatial,,1000,786,0.78600000,0.01296935,,/e/project1/m3/blank4/code/starVLA/playground/Checkpoints/ervla_gr00t_sharedz_v5_memdrop015_b64_s42/results/libero-plus/overall_results.json,True
starVLA,ervla_gr00t_sharedz_v5_memdrop015_b64_s42,shared-z/zonly,42,libero-plus,libero-plus/libero_10,libero_10,,1000,662,0.66200000,0.01495848,,/e/project1/m3/blank4/code/starVLA/playground/Checkpoints/ervla_gr00t_sharedz_v5_memdrop015_b64_s42/results/libero-plus/libero_10/overall_results.json,False
starVLA,ervla_gr00t_sharedz_v5_memdrop015_b64_s42,shared-z/zonly,42,libero-plus,libero-plus/libero_goal,libero_goal,,1000,778,0.77800000,0.01314215,,/e/project1/m3/blank4/code/starVLA/playground/Checkpoints/ervla_gr00t_sharedz_v5_memdrop015_b64_s42/results/libero-plus/libero_goal/overall_results.json,False
starVLA,ervla_gr00t_sharedz_v5_memdrop015_b64_s42,shared-z/zonly,42,libero-plus,libero-plus/libero_object,libero_object,,1000,848,0.84800000,0.01135324,,/e/project1/m3/blank4/code/starVLA/playground/Checkpoints/ervla_gr00t_sharedz_v5_memdrop015_b64_s42/results/libero-plus/libero_object/overall_results.json,False
starVLA,ervla_gr00t_sharedz_v5_memdrop015_b64_s42,shared-z/zonly,42,libero-plus,libero-plus/libero_spatial,libero_spatial,,1000,786,0.78600000,0.01296935,,/e/project1/m3/blank4/code/starVLA/playground/Checkpoints/ervla_gr00t_sharedz_v5_memdrop015_b64_s42/results/libero-plus/libero_spatial/overall_results.json,False
starVLA,ervla_gr00t_sharedz_v5_memdrop015_b64_s43,shared-z/zonly,43,libero-plus,libero-plus,libero_10,,1000,674,0.67400000,0.01482309,,/e/project1/m3/blank4/code/starVLA/playground/Checkpoints/ervla_gr00t_sharedz_v5_memdrop015_b64_s43/results/libero-plus/overall_results.json,True
starVLA,ervla_gr00t_sharedz_v5_memdrop015_b64_s43,shared-z/zonly,43,libero-plus,libero-plus,libero_goal,,1000,784,0.78400000,0.01301322,,/e/project1/m3/blank4/code/starVLA/playground/Checkpoints/ervla_gr00t_sharedz_v5_memdrop015_b64_s43/results/libero-plus/overall_results.json,True
starVLA,ervla_gr00t_sharedz_v5_memdrop015_b64_s43,shared-z/zonly,43,libero-plus,libero-plus,libero_object,,1000,831,0.83100000,0.01185070,,/e/project1/m3/blank4/code/starVLA/playground/Checkpoints/ervla_gr00t_sharedz_v5_memdrop015_b64_s43/results/libero-plus/overall_results.json,True
starVLA,ervla_gr00t_sharedz_v5_memdrop015_b64_s43,shared-z/zonly,43,libero-plus,libero-plus,libero_spatial,,1000,780,0.78000000,0.01309962,,/e/project1/m3/blank4/code/starVLA/playground/Checkpoints/ervla_gr00t_sharedz_v5_memdrop015_b64_s43/results/libero-plus/overall_results.json,True
starVLA,ervla_gr00t_sharedz_v5_memdrop015_b64_s43,shared-z/zonly,43,libero-plus,libero-plus/libero_10,libero_10,,1000,674,0.67400000,0.01482309,,/e/project1/m3/blank4/code/starVLA/playground/Checkpoints/ervla_gr00t_sharedz_v5_memdrop015_b64_s43/results/libero-plus/libero_10/overall_results.json,False
starVLA,ervla_gr00t_sharedz_v5_memdrop015_b64_s43,shared-z/zonly,43,libero-plus,libero-plus/libero_goal,libero_goal,,1000,784,0.78400000,0.01301322,,/e/project1/m3/blank4/code/starVLA/playground/Checkpoints/ervla_gr00t_sharedz_v5_memdrop015_b64_s43/results/libero-plus/libero_goal/overall_results.json,False
starVLA,ervla_gr00t_sharedz_v5_memdrop015_b64_s43,shared-z/zonly,43,libero-plus,libero-plus/libero_object,libero_object,,1000,831,0.83100000,0.01185070,,/e/project1/m3/blank4/code/starVLA/playground/Checkpoints/ervla_gr00t_sharedz_v5_memdrop015_b64_s43/results/libero-plus/libero_object/overall_results.json,False
starVLA,ervla_gr00t_sharedz_v5_memdrop015_b64_s43,shared-z/zonly,43,libero-plus,libero-plus/libero_spatial,libero_spatial,,1000,780,0.78000000,0.01309962,,/e/project1/m3/blank4/code/starVLA/playground/Checkpoints/ervla_gr00t_sharedz_v5_memdrop015_b64_s43/results/libero-plus/libero_spatial/overall_results.json,False
starVLA,ervla_gr00t_sharedz_v5_memdrop100_b64_s42,shared-z/zonly,42,libero-plus,libero-plus,libero_10,,1000,671,0.67100000,0.01485796,,/e/project1/m3/blank4/code/starVLA/playground/Checkpoints/ervla_gr00t_sharedz_v5_memdrop100_b64_s42/results/libero-plus/overall_results.json,True
starVLA,ervla_gr00t_sharedz_v5_memdrop100_b64_s42,shared-z/zonly,42,libero-plus,libero-plus,libero_goal,,1000,758,0.75800000,0.01354385,,/e/project1/m3/blank4/code/starVLA/playground/Checkpoints/ervla_gr00t_sharedz_v5_memdrop100_b64_s42/results/libero-plus/overall_results.json,True
starVLA,ervla_gr00t_sharedz_v5_memdrop100_b64_s42,shared-z/zonly,42,libero-plus,libero-plus,libero_object,,1000,832,0.83200000,0.01182269,,/e/project1/m3/blank4/code/starVLA/playground/Checkpoints/ervla_gr00t_sharedz_v5_memdrop100_b64_s42/results/libero-plus/overall_results.json,True
starVLA,ervla_gr00t_sharedz_v5_memdrop100_b64_s42,shared-z/zonly,42,libero-plus,libero-plus,libero_spatial,,1000,763,0.76300000,0.01344734,,/e/project1/m3/blank4/code/starVLA/playground/Checkpoints/ervla_gr00t_sharedz_v5_memdrop100_b64_s42/results/libero-plus/overall_results.json,True
starVLA,ervla_gr00t_sharedz_v5_memdrop100_b64_s42,shared-z/zonly,42,libero-plus,libero-plus/libero_10,libero_10,,1000,671,0.67100000,0.01485796,,/e/project1/m3/blank4/code/starVLA/playground/Checkpoints/ervla_gr00t_sharedz_v5_memdrop100_b64_s42/results/libero-plus/libero_10/overall_results.json,False
starVLA,ervla_gr00t_sharedz_v5_memdrop100_b64_s42,shared-z/zonly,42,libero-plus,libero-plus/libero_goal,libero_goal,,1000,758,0.75800000,0.01354385,,/e/project1/m3/blank4/code/starVLA/playground/Checkpoints/ervla_gr00t_sharedz_v5_memdrop100_b64_s42/results/libero-plus/libero_goal/overall_results.json,False
starVLA,ervla_gr00t_sharedz_v5_memdrop100_b64_s42,shared-z/zonly,42,libero-plus,libero-plus/libero_object,libero_object,,1000,832,0.83200000,0.01182269,,/e/project1/m3/blank4/code/starVLA/playground/Checkpoints/ervla_gr00t_sharedz_v5_memdrop100_b64_s42/results/libero-plus/libero_object/overall_results.json,False
starVLA,ervla_gr00t_sharedz_v5_memdrop100_b64_s42,shared-z/zonly,42,libero-plus,libero-plus/libero_spatial,libero_spatial,,1000,763,0.76300000,0.01344734,,/e/project1/m3/blank4/code/starVLA/playground/Checkpoints/ervla_gr00t_sharedz_v5_memdrop100_b64_s42/results/libero-plus/libero_spatial/overall_results.json,False
starVLA,ervla_gr00t_sharedz_v5_memdrop100_b64_s43,shared-z/zonly,43,libero-plus,libero-plus,libero_10,,1000,679,0.67900000,0.01476343,,/e/project1/m3/blank4/code/starVLA/playground/Checkpoints/ervla_gr00t_sharedz_v5_memdrop100_b64_s43/results/libero-plus/overall_results.json,True
starVLA,ervla_gr00t_sharedz_v5_memdrop100_b64_s43,shared-z/zonly,43,libero-plus,libero-plus,libero_goal,,1000,794,0.79400000,0.01278921,,/e/project1/m3/blank4/code/starVLA/playground/Checkpoints/ervla_gr00t_sharedz_v5_memdrop100_b64_s43/results/libero-plus/overall_results.json,True
starVLA,ervla_gr00t_sharedz_v5_memdrop100_b64_s43,shared-z/zonly,43,libero-plus,libero-plus,libero_object,,1000,817,0.81700000,0.01222747,,/e/project1/m3/blank4/code/starVLA/playground/Checkpoints/ervla_gr00t_sharedz_v5_memdrop100_b64_s43/results/libero-plus/overall_results.json,True
starVLA,ervla_gr00t_sharedz_v5_memdrop100_b64_s43,shared-z/zonly,43,libero-plus,libero-plus,libero_spatial,,1000,836,0.83600000,0.01170914,,/e/project1/m3/blank4/code/starVLA/playground/Checkpoints/ervla_gr00t_sharedz_v5_memdrop100_b64_s43/results/libero-plus/overall_results.json,True
starVLA,ervla_gr00t_sharedz_v5_memdrop100_b64_s43,shared-z/zonly,43,libero-plus,libero-plus/libero_10,libero_10,,1000,679,0.67900000,0.01476343,,/e/project1/m3/blank4/code/starVLA/playground/Checkpoints/ervla_gr00t_sharedz_v5_memdrop100_b64_s43/results/libero-plus/libero_10/overall_results.json,False
starVLA,ervla_gr00t_sharedz_v5_memdrop100_b64_s43,shared-z/zonly,43,libero-plus,libero-plus/libero_goal,libero_goal,,1000,794,0.79400000,0.01278921,,/e/project1/m3/blank4/code/starVLA/playground/Checkpoints/ervla_gr00t_sharedz_v5_memdrop100_b64_s43/results/libero-plus/libero_goal/overall_results.json,False
starVLA,ervla_gr00t_sharedz_v5_memdrop100_b64_s43,shared-z/zonly,43,libero-plus,libero-plus/libero_object,libero_object,,1000,817,0.81700000,0.01222747,,/e/project1/m3/blank4/code/starVLA/playground/Checkpoints/ervla_gr00t_sharedz_v5_memdrop100_b64_s43/results/libero-plus/libero_object/overall_results.json,False
starVLA,ervla_gr00t_sharedz_v5_memdrop100_b64_s43,shared-z/zonly,43,libero-plus,libero-plus/libero_spatial,libero_spatial,,1000,836,0.83600000,0.01170914,,/e/project1/m3/blank4/code/starVLA/playground/Checkpoints/ervla_gr00t_sharedz_v5_memdrop100_b64_s43/results/libero-plus/libero_spatial/overall_results.json,False
starVLA,ervla_gr00t_sharedz_v5_zmem4_memdrop015_b64_s42,shared-z/zonly,42,libero-plus,libero-plus,libero_10,,1000,672,0.67200000,0.01484641,,/e/project1/m3/blank4/code/starVLA/playground/Checkpoints/ervla_gr00t_sharedz_v5_zmem4_memdrop015_b64_s42/results/libero-plus/overall_results.json,True
starVLA,ervla_gr00t_sharedz_v5_zmem4_memdrop015_b64_s42,shared-z/zonly,42,libero-plus,libero-plus,libero_goal,,1000,762,0.76200000,0.01346685,,/e/project1/m3/blank4/code/starVLA/playground/Checkpoints/ervla_gr00t_sharedz_v5_zmem4_memdrop015_b64_s42/results/libero-plus/overall_results.json,True
starVLA,ervla_gr00t_sharedz_v5_zmem4_memdrop015_b64_s42,shared-z/zonly,42,libero-plus,libero-plus,libero_object,,1000,835,0.83500000,0.01173776,,/e/project1/m3/blank4/code/starVLA/playground/Checkpoints/ervla_gr00t_sharedz_v5_zmem4_memdrop015_b64_s42/results/libero-plus/overall_results.json,True
starVLA,ervla_gr00t_sharedz_v5_zmem4_memdrop015_b64_s42,shared-z/zonly,42,libero-plus,libero-plus,libero_spatial,,1000,770,0.77000000,0.01330789,,/e/project1/m3/blank4/code/starVLA/playground/Checkpoints/ervla_gr00t_sharedz_v5_zmem4_memdrop015_b64_s42/results/libero-plus/overall_results.json,True
starVLA,ervla_gr00t_sharedz_v5_zmem4_memdrop015_b64_s42,shared-z/zonly,42,libero-plus,libero-plus/libero_10,libero_10,,1000,672,0.67200000,0.01484641,,/e/project1/m3/blank4/code/starVLA/playground/Checkpoints/ervla_gr00t_sharedz_v5_zmem4_memdrop015_b64_s42/results/libero-plus/libero_10/overall_results.json,False
starVLA,ervla_gr00t_sharedz_v5_zmem4_memdrop015_b64_s42,shared-z/zonly,42,libero-plus,libero-plus/libero_goal,libero_goal,,1000,762,0.76200000,0.01346685,,/e/project1/m3/blank4/code/starVLA/playground/Checkpoints/ervla_gr00t_sharedz_v5_zmem4_memdrop015_b64_s42/results/libero-plus/libero_goal/overall_results.json,False
starVLA,ervla_gr00t_sharedz_v5_zmem4_memdrop015_b64_s42,shared-z/zonly,42,libero-plus,libero-plus/libero_object,libero_object,,1000,835,0.83500000,0.01173776,,/e/project1/m3/blank4/code/starVLA/playground/Checkpoints/ervla_gr00t_sharedz_v5_zmem4_memdrop015_b64_s42/results/libero-plus/libero_object/overall_results.json,False
starVLA,ervla_gr00t_sharedz_v5_zmem4_memdrop015_b64_s42,shared-z/zonly,42,libero-plus,libero-plus/libero_spatial,libero_spatial,,1000,770,0.77000000,0.01330789,,/e/project1/m3/blank4/code/starVLA/playground/Checkpoints/ervla_gr00t_sharedz_v5_zmem4_memdrop015_b64_s42/results/libero-plus/libero_spatial/overall_results.json,False
starVLA,ervla_gr00t_sharedz_v5_zmem4_memdrop015_b64_s43,shared-z/zonly,43,libero-plus,libero-plus,libero_10,,1000,657,0.65700000,0.01501170,,/e/project1/m3/blank4/code/starVLA/playground/Checkpoints/ervla_gr00t_sharedz_v5_zmem4_memdrop015_b64_s43/results/libero-plus/overall_results.json,True
starVLA,ervla_gr00t_sharedz_v5_zmem4_memdrop015_b64_s43,shared-z/zonly,43,libero-plus,libero-plus,libero_goal,,1000,758,0.75800000,0.01354385,,/e/project1/m3/blank4/code/starVLA/playground/Checkpoints/ervla_gr00t_sharedz_v5_zmem4_memdrop015_b64_s43/results/libero-plus/overall_results.json,True
starVLA,ervla_gr00t_sharedz_v5_zmem4_memdrop015_b64_s43,shared-z/zonly,43,libero-plus,libero-plus,libero_object,,1000,817,0.81700000,0.01222747,,/e/project1/m3/blank4/code/starVLA/playground/Checkpoints/ervla_gr00t_sharedz_v5_zmem4_memdrop015_b64_s43/results/libero-plus/overall_results.json,True
starVLA,ervla_gr00t_sharedz_v5_zmem4_memdrop015_b64_s43,shared-z/zonly,43,libero-plus,libero-plus,libero_spatial,,1000,795,0.79500000,0.01276617,,/e/project1/m3/blank4/code/starVLA/playground/Checkpoints/ervla_gr00t_sharedz_v5_zmem4_memdrop015_b64_s43/results/libero-plus/overall_results.json,True
starVLA,ervla_gr00t_sharedz_v5_zmem4_memdrop015_b64_s43,shared-z/zonly,43,libero-plus,libero-plus/libero_10,libero_10,,1000,657,0.65700000,0.01501170,,/e/project1/m3/blank4/code/starVLA/playground/Checkpoints/ervla_gr00t_sharedz_v5_zmem4_memdrop015_b64_s43/results/libero-plus/libero_10/overall_results.json,False
starVLA,ervla_gr00t_sharedz_v5_zmem4_memdrop015_b64_s43,shared-z/zonly,43,libero-plus,libero-plus/libero_goal,libero_goal,,1000,758,0.75800000,0.01354385,,/e/project1/m3/blank4/code/starVLA/playground/Checkpoints/ervla_gr00t_sharedz_v5_zmem4_memdrop015_b64_s43/results/libero-plus/libero_goal/overall_results.json,False
starVLA,ervla_gr00t_sharedz_v5_zmem4_memdrop015_b64_s43,shared-z/zonly,43,libero-plus,libero-plus/libero_object,libero_object,,1000,817,0.81700000,0.01222747,,/e/project1/m3/blank4/code/starVLA/playground/Checkpoints/ervla_gr00t_sharedz_v5_zmem4_memdrop015_b64_s43/results/libero-plus/libero_object/overall_results.json,False
starVLA,ervla_gr00t_sharedz_v5_zmem4_memdrop015_b64_s43,shared-z/zonly,43,libero-plus,libero-plus/libero_spatial,libero_spatial,,1000,795,0.79500000,0.01276617,,/e/project1/m3/blank4/code/starVLA/playground/Checkpoints/ervla_gr00t_sharedz_v5_zmem4_memdrop015_b64_s43/results/libero-plus/libero_spatial/overall_results.json,False
starVLA,ervla_gr00t_sharedz_v5_zmem4_memdrop100_b64_s42,shared-z/zonly,42,libero-plus,libero-plus,libero_10,,1000,657,0.65700000,0.01501170,,/e/project1/m3/blank4/code/starVLA/playground/Checkpoints/ervla_gr00t_sharedz_v5_zmem4_memdrop100_b64_s42/results/libero-plus/overall_results.json,True
starVLA,ervla_gr00t_sharedz_v5_zmem4_memdrop100_b64_s42,shared-z/zonly,42,libero-plus,libero-plus,libero_goal,,1000,797,0.79700000,0.01271971,,/e/project1/m3/blank4/code/starVLA/playground/Checkpoints/ervla_gr00t_sharedz_v5_zmem4_memdrop100_b64_s42/results/libero-plus/overall_results.json,True
starVLA,ervla_gr00t_sharedz_v5_zmem4_memdrop100_b64_s42,shared-z/zonly,42,libero-plus,libero-plus,libero_object,,1000,830,0.83000000,0.01187855,,/e/project1/m3/blank4/code/starVLA/playground/Checkpoints/ervla_gr00t_sharedz_v5_zmem4_memdrop100_b64_s42/results/libero-plus/overall_results.json,True
starVLA,ervla_gr00t_sharedz_v5_zmem4_memdrop100_b64_s42,shared-z/zonly,42,libero-plus,libero-plus,libero_spatial,,1000,776,0.77600000,0.01318423,,/e/project1/m3/blank4/code/starVLA/playground/Checkpoints/ervla_gr00t_sharedz_v5_zmem4_memdrop100_b64_s42/results/libero-plus/overall_results.json,True
starVLA,ervla_gr00t_sharedz_v5_zmem4_memdrop100_b64_s42,shared-z/zonly,42,libero-plus,libero-plus/libero_10,libero_10,,1000,657,0.65700000,0.01501170,,/e/project1/m3/blank4/code/starVLA/playground/Checkpoints/ervla_gr00t_sharedz_v5_zmem4_memdrop100_b64_s42/results/libero-plus/libero_10/overall_results.json,False
starVLA,ervla_gr00t_sharedz_v5_zmem4_memdrop100_b64_s42,shared-z/zonly,42,libero-plus,libero-plus/libero_goal,libero_goal,,1000,797,0.79700000,0.01271971,,/e/project1/m3/blank4/code/starVLA/playground/Checkpoints/ervla_gr00t_sharedz_v5_zmem4_memdrop100_b64_s42/results/libero-plus/libero_goal/overall_results.json,False
starVLA,ervla_gr00t_sharedz_v5_zmem4_memdrop100_b64_s42,shared-z/zonly,42,libero-plus,libero-plus/libero_object,libero_object,,1000,830,0.83000000,0.01187855,,/e/project1/m3/blank4/code/starVLA/playground/Checkpoints/ervla_gr00t_sharedz_v5_zmem4_memdrop100_b64_s42/results/libero-plus/libero_object/overall_results.json,False
starVLA,ervla_gr00t_sharedz_v5_zmem4_memdrop100_b64_s42,shared-z/zonly,42,libero-plus,libero-plus/libero_spatial,libero_spatial,,1000,776,0.77600000,0.01318423,,/e/project1/m3/blank4/code/starVLA/playground/Checkpoints/ervla_gr00t_sharedz_v5_zmem4_memdrop100_b64_s42/results/libero-plus/libero_spatial/overall_results.json,False
starVLA,ervla_gr00t_sharedz_v5_zmem4_memdrop100_b64_s43,shared-z/zonly,43,libero-plus,libero-plus,libero_10,,1000,609,0.60900000,0.01543110,,/e/project1/m3/blank4/code/starVLA/playground/Checkpoints/ervla_gr00t_sharedz_v5_zmem4_memdrop100_b64_s43/results/libero-plus/overall_results.json,True
starVLA,ervla_gr00t_sharedz_v5_zmem4_memdrop100_b64_s43,shared-z/zonly,43,libero-plus,libero-plus,libero_goal,,1000,783,0.78300000,0.01303499,,/e/project1/m3/blank4/code/starVLA/playground/Checkpoints/ervla_gr00t_sharedz_v5_zmem4_memdrop100_b64_s43/results/libero-plus/overall_results.json,True
starVLA,ervla_gr00t_sharedz_v5_zmem4_memdrop100_b64_s43,shared-z/zonly,43,libero-plus,libero-plus,libero_object,,1000,845,0.84500000,0.01144443,,/e/project1/m3/blank4/code/starVLA/playground/Checkpoints/ervla_gr00t_sharedz_v5_zmem4_memdrop100_b64_s43/results/libero-plus/overall_results.json,True
starVLA,ervla_gr00t_sharedz_v5_zmem4_memdrop100_b64_s43,shared-z/zonly,43,libero-plus,libero-plus,libero_spatial,,1000,801,0.80100000,0.01262533,,/e/project1/m3/blank4/code/starVLA/playground/Checkpoints/ervla_gr00t_sharedz_v5_zmem4_memdrop100_b64_s43/results/libero-plus/overall_results.json,True
starVLA,ervla_gr00t_sharedz_v5_zmem4_memdrop100_b64_s43,shared-z/zonly,43,libero-plus,libero-plus/libero_10,libero_10,,1000,609,0.60900000,0.01543110,,/e/project1/m3/blank4/code/starVLA/playground/Checkpoints/ervla_gr00t_sharedz_v5_zmem4_memdrop100_b64_s43/results/libero-plus/libero_10/overall_results.json,False
starVLA,ervla_gr00t_sharedz_v5_zmem4_memdrop100_b64_s43,shared-z/zonly,43,libero-plus,libero-plus/libero_goal,libero_goal,,1000,783,0.78300000,0.01303499,,/e/project1/m3/blank4/code/starVLA/playground/Checkpoints/ervla_gr00t_sharedz_v5_zmem4_memdrop100_b64_s43/results/libero-plus/libero_goal/overall_results.json,False
starVLA,ervla_gr00t_sharedz_v5_zmem4_memdrop100_b64_s43,shared-z/zonly,43,libero-plus,libero-plus/libero_object,libero_object,,1000,845,0.84500000,0.01144443,,/e/project1/m3/blank4/code/starVLA/playground/Checkpoints/ervla_gr00t_sharedz_v5_zmem4_memdrop100_b64_s43/results/libero-plus/libero_object/overall_results.json,False
starVLA,ervla_gr00t_sharedz_v5_zmem4_memdrop100_b64_s43,shared-z/zonly,43,libero-plus,libero-plus/libero_spatial,libero_spatial,,1000,801,0.80100000,0.01262533,,/e/project1/m3/blank4/code/starVLA/playground/Checkpoints/ervla_gr00t_sharedz_v5_zmem4_memdrop100_b64_s43/results/libero-plus/libero_spatial/overall_results.json,False
starVLA,ervla_h_enc_choice_cam3d,other,42,libero-plus,libero-plus,libero_10,,64,42,0.65625000,0.05936986,,/e/project1/m3/blank4/code/starVLA/playground/Checkpoints/ervla_h_enc_choice_cam3d/results/libero-plus/overall_results.json,False
starVLA,ervla_h_enc_choice_cam3d,other,42,libero-plus,libero-plus,libero_goal,,64,46,0.71875000,0.05620115,,/e/project1/m3/blank4/code/starVLA/playground/Checkpoints/ervla_h_enc_choice_cam3d/results/libero-plus/overall_results.json,False
starVLA,ervla_h_enc_choice_cam3d,other,42,libero-plus,libero-plus,libero_object,,64,45,0.70312500,0.05711012,,/e/project1/m3/blank4/code/starVLA/playground/Checkpoints/ervla_h_enc_choice_cam3d/results/libero-plus/overall_results.json,False
starVLA,ervla_h_enc_choice_cam3d,other,42,libero-plus,libero-plus,libero_spatial,,64,43,0.67187500,0.05869133,,/e/project1/m3/blank4/code/starVLA/playground/Checkpoints/ervla_h_enc_choice_cam3d/results/libero-plus/overall_results.json,False
starVLA,ervla_h_enc_choice_cam3d,other,42,libero-plus,libero-plus/libero_10,libero_10,,64,42,0.65625000,0.05936986,,/e/project1/m3/blank4/code/starVLA/playground/Checkpoints/ervla_h_enc_choice_cam3d/results/libero-plus/libero_10/overall_results.json,False
starVLA,ervla_h_enc_choice_cam3d,other,42,libero-plus,libero-plus/libero_goal,libero_goal,,64,46,0.71875000,0.05620115,,/e/project1/m3/blank4/code/starVLA/playground/Checkpoints/ervla_h_enc_choice_cam3d/results/libero-plus/libero_goal/overall_results.json,False
starVLA,ervla_h_enc_choice_cam3d,other,42,libero-plus,libero-plus/libero_object,libero_object,,64,45,0.70312500,0.05711012,,/e/project1/m3/blank4/code/starVLA/playground/Checkpoints/ervla_h_enc_choice_cam3d/results/libero-plus/libero_object/overall_results.json,False
starVLA,ervla_h_enc_choice_cam3d,other,42,libero-plus,libero-plus/libero_spatial,libero_spatial,,64,43,0.67187500,0.05869133,,/e/project1/m3/blank4/code/starVLA/playground/Checkpoints/ervla_h_enc_choice_cam3d/results/libero-plus/libero_spatial/overall_results.json,False
starVLA,ervla_i_dec_choice_cam3d,other,42,libero-plus,libero-plus,libero_10,,64,43,0.67187500,0.05869133,,/e/project1/m3/blank4/code/starVLA/playground/Checkpoints/ervla_i_dec_choice_cam3d/results/libero-plus/overall_results.json,False
starVLA,ervla_i_dec_choice_cam3d,other,42,libero-plus,libero-plus,libero_goal,,64,41,0.64062500,0.05997716,,/e/project1/m3/blank4/code/starVLA/playground/Checkpoints/ervla_i_dec_choice_cam3d/results/libero-plus/overall_results.json,False
starVLA,ervla_i_dec_choice_cam3d,other,42,libero-plus,libero-plus,libero_object,,64,50,0.78125000,0.05167483,,/e/project1/m3/blank4/code/starVLA/playground/Checkpoints/ervla_i_dec_choice_cam3d/results/libero-plus/overall_results.json,False
starVLA,ervla_i_dec_choice_cam3d,other,42,libero-plus,libero-plus,libero_spatial,,64,51,0.79687500,0.05029060,,/e/project1/m3/blank4/code/starVLA/playground/Checkpoints/ervla_i_dec_choice_cam3d/results/libero-plus/overall_results.json,False
starVLA,ervla_i_dec_choice_cam3d,other,42,libero-plus,libero-plus/libero_10,libero_10,,64,43,0.67187500,0.05869133,,/e/project1/m3/blank4/code/starVLA/playground/Checkpoints/ervla_i_dec_choice_cam3d/results/libero-plus/libero_10/overall_results.json,False
starVLA,ervla_i_dec_choice_cam3d,other,42,libero-plus,libero-plus/libero_goal,libero_goal,,64,41,0.64062500,0.05997716,,/e/project1/m3/blank4/code/starVLA/playground/Checkpoints/ervla_i_dec_choice_cam3d/results/libero-plus/libero_goal/overall_results.json,False
starVLA,ervla_i_dec_choice_cam3d,other,42,libero-plus,libero-plus/libero_object,libero_object,,64,50,0.78125000,0.05167483,,/e/project1/m3/blank4/code/starVLA/playground/Checkpoints/ervla_i_dec_choice_cam3d/results/libero-plus/libero_object/overall_results.json,False
starVLA,ervla_i_dec_choice_cam3d,other,42,libero-plus,libero-plus/libero_spatial,libero_spatial,,64,51,0.79687500,0.05029060,,/e/project1/m3/blank4/code/starVLA/playground/Checkpoints/ervla_i_dec_choice_cam3d/results/libero-plus/libero_spatial/overall_results.json,False
starVLA,ervla_j_dec_choice_staged_cam3d,other,42,libero-plus,libero-plus,libero_10,,64,44,0.68750000,0.05793905,,/e/project1/m3/blank4/code/starVLA/playground/Checkpoints/ervla_j_dec_choice_staged_cam3d/results/libero-plus/overall_results.json,False
starVLA,ervla_j_dec_choice_staged_cam3d,other,42,libero-plus,libero-plus,libero_goal,,64,38,0.59375000,0.06139154,,/e/project1/m3/blank4/code/starVLA/playground/Checkpoints/ervla_j_dec_choice_staged_cam3d/results/libero-plus/overall_results.json,False
starVLA,ervla_j_dec_choice_staged_cam3d,other,42,libero-plus,libero-plus,libero_object,,64,46,0.71875000,0.05620115,,/e/project1/m3/blank4/code/starVLA/playground/Checkpoints/ervla_j_dec_choice_staged_cam3d/results/libero-plus/overall_results.json,False
starVLA,ervla_j_dec_choice_staged_cam3d,other,42,libero-plus,libero-plus,libero_spatial,,64,44,0.68750000,0.05793905,,/e/project1/m3/blank4/code/starVLA/playground/Checkpoints/ervla_j_dec_choice_staged_cam3d/results/libero-plus/overall_results.json,False
starVLA,ervla_j_dec_choice_staged_cam3d,other,42,libero-plus,libero-plus/libero_10,libero_10,,64,44,0.68750000,0.05793905,,/e/project1/m3/blank4/code/starVLA/playground/Checkpoints/ervla_j_dec_choice_staged_cam3d/results/libero-plus/libero_10/overall_results.json,False
starVLA,ervla_j_dec_choice_staged_cam3d,other,42,libero-plus,libero-plus/libero_goal,libero_goal,,64,38,0.59375000,0.06139154,,/e/project1/m3/blank4/code/starVLA/playground/Checkpoints/ervla_j_dec_choice_staged_cam3d/results/libero-plus/libero_goal/overall_results.json,False
starVLA,ervla_j_dec_choice_staged_cam3d,other,42,libero-plus,libero-plus/libero_object,libero_object,,64,46,0.71875000,0.05620115,,/e/project1/m3/blank4/code/starVLA/playground/Checkpoints/ervla_j_dec_choice_staged_cam3d/results/libero-plus/libero_object/overall_results.json,False
starVLA,ervla_j_dec_choice_staged_cam3d,other,42,libero-plus,libero-plus/libero_spatial,libero_spatial,,64,44,0.68750000,0.05793905,,/e/project1/m3/blank4/code/starVLA/playground/Checkpoints/ervla_j_dec_choice_staged_cam3d/results/libero-plus/libero_spatial/overall_results.json,False
starVLA,ervla_k2_pi_cam3d_cot05_pifix_latent32,CoT-trace,42,libero-plus,libero-plus,libero_10,,64,44,0.68750000,0.05793905,,/e/project1/m3/blank4/code/starVLA/playground/Checkpoints/ervla_k2_pi_cam3d_cot05_pifix_latent32/results/libero-plus/overall_results.json,False
starVLA,ervla_k2_pi_cam3d_cot05_pifix_latent32,CoT-trace,42,libero-plus,libero-plus,libero_goal,,64,46,0.71875000,0.05620115,,/e/project1/m3/blank4/code/starVLA/playground/Checkpoints/ervla_k2_pi_cam3d_cot05_pifix_latent32/results/libero-plus/overall_results.json,False
starVLA,ervla_k2_pi_cam3d_cot05_pifix_latent32,CoT-trace,42,libero-plus,libero-plus,libero_object,,64,48,0.75000000,0.05412659,,/e/project1/m3/blank4/code/starVLA/playground/Checkpoints/ervla_k2_pi_cam3d_cot05_pifix_latent32/results/libero-plus/overall_results.json,False
starVLA,ervla_k2_pi_cam3d_cot05_pifix_latent32,CoT-trace,42,libero-plus,libero-plus,libero_spatial,,64,48,0.75000000,0.05412659,,/e/project1/m3/blank4/code/starVLA/playground/Checkpoints/ervla_k2_pi_cam3d_cot05_pifix_latent32/results/libero-plus/overall_results.json,False
starVLA,ervla_k2_pi_cam3d_cot05_pifix_latent32,CoT-trace,42,libero-plus,libero-plus/libero_10,libero_10,,64,44,0.68750000,0.05793905,,/e/project1/m3/blank4/code/starVLA/playground/Checkpoints/ervla_k2_pi_cam3d_cot05_pifix_latent32/results/libero-plus/libero_10/overall_results.json,False
starVLA,ervla_k2_pi_cam3d_cot05_pifix_latent32,CoT-trace,42,libero-plus,libero-plus/libero_goal,libero_goal,,64,46,0.71875000,0.05620115,,/e/project1/m3/blank4/code/starVLA/playground/Checkpoints/ervla_k2_pi_cam3d_cot05_pifix_latent32/results/libero-plus/libero_goal/overall_results.json,False
starVLA,ervla_k2_pi_cam3d_cot05_pifix_latent32,CoT-trace,42,libero-plus,libero-plus/libero_object,libero_object,,64,48,0.75000000,0.05412659,,/e/project1/m3/blank4/code/starVLA/playground/Checkpoints/ervla_k2_pi_cam3d_cot05_pifix_latent32/results/libero-plus/libero_object/overall_results.json,False
starVLA,ervla_k2_pi_cam3d_cot05_pifix_latent32,CoT-trace,42,libero-plus,libero-plus/libero_spatial,libero_spatial,,64,48,0.75000000,0.05412659,,/e/project1/m3/blank4/code/starVLA/playground/Checkpoints/ervla_k2_pi_cam3d_cot05_pifix_latent32/results/libero-plus/libero_spatial/overall_results.json,False
starVLA,ervla_k2_pi_cam3d_cot05_pifix_nolatent,CoT-trace,42,libero-plus,libero-plus,libero_10,,64,43,0.67187500,0.05869133,,/e/project1/m3/blank4/code/starVLA/playground/Checkpoints/ervla_k2_pi_cam3d_cot05_pifix_nolatent/results/libero-plus/overall_results.json,False
starVLA,ervla_k2_pi_cam3d_cot05_pifix_nolatent,CoT-trace,42,libero-plus,libero-plus,libero_goal,,64,51,0.79687500,0.05029060,,/e/project1/m3/blank4/code/starVLA/playground/Checkpoints/ervla_k2_pi_cam3d_cot05_pifix_nolatent/results/libero-plus/overall_results.json,False
starVLA,ervla_k2_pi_cam3d_cot05_pifix_nolatent,CoT-trace,42,libero-plus,libero-plus,libero_object,,64,46,0.71875000,0.05620115,,/e/project1/m3/blank4/code/starVLA/playground/Checkpoints/ervla_k2_pi_cam3d_cot05_pifix_nolatent/results/libero-plus/overall_results.json,False
starVLA,ervla_k2_pi_cam3d_cot05_pifix_nolatent,CoT-trace,42,libero-plus,libero-plus,libero_spatial,,64,49,0.76562500,0.05295094,,/e/project1/m3/blank4/code/starVLA/playground/Checkpoints/ervla_k2_pi_cam3d_cot05_pifix_nolatent/results/libero-plus/overall_results.json,False
starVLA,ervla_k2_pi_cam3d_cot05_pifix_nolatent,CoT-trace,42,libero-plus,libero-plus/libero_10,libero_10,,64,43,0.67187500,0.05869133,,/e/project1/m3/blank4/code/starVLA/playground/Checkpoints/ervla_k2_pi_cam3d_cot05_pifix_nolatent/results/libero-plus/libero_10/overall_results.json,False
starVLA,ervla_k2_pi_cam3d_cot05_pifix_nolatent,CoT-trace,42,libero-plus,libero-plus/libero_goal,libero_goal,,64,51,0.79687500,0.05029060,,/e/project1/m3/blank4/code/starVLA/playground/Checkpoints/ervla_k2_pi_cam3d_cot05_pifix_nolatent/results/libero-plus/libero_goal/overall_results.json,False
starVLA,ervla_k2_pi_cam3d_cot05_pifix_nolatent,CoT-trace,42,libero-plus,libero-plus/libero_object,libero_object,,64,46,0.71875000,0.05620115,,/e/project1/m3/blank4/code/starVLA/playground/Checkpoints/ervla_k2_pi_cam3d_cot05_pifix_nolatent/results/libero-plus/libero_object/overall_results.json,False
starVLA,ervla_k2_pi_cam3d_cot05_pifix_nolatent,CoT-trace,42,libero-plus,libero-plus/libero_spatial,libero_spatial,,64,49,0.76562500,0.05295094,,/e/project1/m3/blank4/code/starVLA/playground/Checkpoints/ervla_k2_pi_cam3d_cot05_pifix_nolatent/results/libero-plus/libero_spatial/overall_results.json,False
starVLA,ervla_k_pi_cam3d_cot05,CoT-trace,42,libero-plus,libero-plus,libero_10,,64,20,0.31250000,0.05793905,,/e/project1/m3/blank4/code/starVLA/playground/Checkpoints/ervla_k_pi_cam3d_cot05/results/libero-plus/overall_results.json,False
starVLA,ervla_k_pi_cam3d_cot05,CoT-trace,42,libero-plus,libero-plus,libero_goal,,64,15,0.23437500,0.05295094,,/e/project1/m3/blank4/code/starVLA/playground/Checkpoints/ervla_k_pi_cam3d_cot05/results/libero-plus/overall_results.json,False
starVLA,ervla_k_pi_cam3d_cot05,CoT-trace,42,libero-plus,libero-plus,libero_object,,64,28,0.43750000,0.06200980,,/e/project1/m3/blank4/code/starVLA/playground/Checkpoints/ervla_k_pi_cam3d_cot05/results/libero-plus/overall_results.json,False
starVLA,ervla_k_pi_cam3d_cot05,CoT-trace,42,libero-plus,libero-plus,libero_spatial,,64,29,0.45312500,0.06222474,,/e/project1/m3/blank4/code/starVLA/playground/Checkpoints/ervla_k_pi_cam3d_cot05/results/libero-plus/overall_results.json,False
starVLA,ervla_k_pi_cam3d_cot05,CoT-trace,42,libero-plus,libero-plus/libero_10,libero_10,,64,20,0.31250000,0.05793905,,/e/project1/m3/blank4/code/starVLA/playground/Checkpoints/ervla_k_pi_cam3d_cot05/results/libero-plus/libero_10/overall_results.json,False
starVLA,ervla_k_pi_cam3d_cot05,CoT-trace,42,libero-plus,libero-plus/libero_goal,libero_goal,,64,15,0.23437500,0.05295094,,/e/project1/m3/blank4/code/starVLA/playground/Checkpoints/ervla_k_pi_cam3d_cot05/results/libero-plus/libero_goal/overall_results.json,False
starVLA,ervla_k_pi_cam3d_cot05,CoT-trace,42,libero-plus,libero-plus/libero_object,libero_object,,64,28,0.43750000,0.06200980,,/e/project1/m3/blank4/code/starVLA/playground/Checkpoints/ervla_k_pi_cam3d_cot05/results/libero-plus/libero_object/overall_results.json,False
starVLA,ervla_k_pi_cam3d_cot05,CoT-trace,42,libero-plus,libero-plus/libero_spatial,libero_spatial,,64,29,0.45312500,0.06222474,,/e/project1/m3/blank4/code/starVLA/playground/Checkpoints/ervla_k_pi_cam3d_cot05/results/libero-plus/libero_spatial/overall_results.json,False
starVLA,ervla_k_pi_cam3d_cot05_masked,CoT-trace,42,libero-plus,libero-plus,libero_10,,64,47,0.73437500,0.05520818,,/e/project1/m3/blank4/code/starVLA/playground/Checkpoints/ervla_k_pi_cam3d_cot05_masked/results/libero-plus/overall_results.json,False
starVLA,ervla_k_pi_cam3d_cot05_masked,CoT-trace,42,libero-plus,libero-plus,libero_goal,,64,54,0.84375000,0.04538652,,/e/project1/m3/blank4/code/starVLA/playground/Checkpoints/ervla_k_pi_cam3d_cot05_masked/results/libero-plus/overall_results.json,False
starVLA,ervla_k_pi_cam3d_cot05_masked,CoT-trace,42,libero-plus,libero-plus,libero_object,,64,53,0.82812500,0.04715897,,/e/project1/m3/blank4/code/starVLA/playground/Checkpoints/ervla_k_pi_cam3d_cot05_masked/results/libero-plus/overall_results.json,False
starVLA,ervla_k_pi_cam3d_cot05_masked,CoT-trace,42,libero-plus,libero-plus,libero_spatial,,64,52,0.81250000,0.04878905,,/e/project1/m3/blank4/code/starVLA/playground/Checkpoints/ervla_k_pi_cam3d_cot05_masked/results/libero-plus/overall_results.json,False
starVLA,ervla_k_pi_cam3d_cot05_masked,CoT-trace,42,libero-plus,libero-plus/libero_10,libero_10,,64,47,0.73437500,0.05520818,,/e/project1/m3/blank4/code/starVLA/playground/Checkpoints/ervla_k_pi_cam3d_cot05_masked/results/libero-plus/libero_10/overall_results.json,False
starVLA,ervla_k_pi_cam3d_cot05_masked,CoT-trace,42,libero-plus,libero-plus/libero_goal,libero_goal,,64,54,0.84375000,0.04538652,,/e/project1/m3/blank4/code/starVLA/playground/Checkpoints/ervla_k_pi_cam3d_cot05_masked/results/libero-plus/libero_goal/overall_results.json,False
starVLA,ervla_k_pi_cam3d_cot05_masked,CoT-trace,42,libero-plus,libero-plus/libero_object,libero_object,,64,53,0.82812500,0.04715897,,/e/project1/m3/blank4/code/starVLA/playground/Checkpoints/ervla_k_pi_cam3d_cot05_masked/results/libero-plus/libero_object/overall_results.json,False
starVLA,ervla_k_pi_cam3d_cot05_masked,CoT-trace,42,libero-plus,libero-plus/libero_spatial,libero_spatial,,64,52,0.81250000,0.04878905,,/e/project1/m3/blank4/code/starVLA/playground/Checkpoints/ervla_k_pi_cam3d_cot05_masked/results/libero-plus/libero_spatial/overall_results.json,False
starVLA,ervla_l_split14_gr00t_action,GR00T/other-backbone,42,libero-plus,libero-plus,libero_10,,64,42,0.65625000,0.05936986,,/e/project1/m3/blank4/code/starVLA/playground/Checkpoints/ervla_l_split14_gr00t_action/results/libero-plus/overall_results.json,False
starVLA,ervla_l_split14_gr00t_action,GR00T/other-backbone,42,libero-plus,libero-plus,libero_goal,,64,43,0.67187500,0.05869133,,/e/project1/m3/blank4/code/starVLA/playground/Checkpoints/ervla_l_split14_gr00t_action/results/libero-plus/overall_results.json,False
starVLA,ervla_l_split14_gr00t_action,GR00T/other-backbone,42,libero-plus,libero-plus,libero_object,,64,42,0.65625000,0.05936986,,/e/project1/m3/blank4/code/starVLA/playground/Checkpoints/ervla_l_split14_gr00t_action/results/libero-plus/overall_results.json,False
starVLA,ervla_l_split14_gr00t_action,GR00T/other-backbone,42,libero-plus,libero-plus,libero_spatial,,64,45,0.70312500,0.05711012,,/e/project1/m3/blank4/code/starVLA/playground/Checkpoints/ervla_l_split14_gr00t_action/results/libero-plus/overall_results.json,False
starVLA,ervla_l_split14_gr00t_action,GR00T/other-backbone,42,libero-plus,libero-plus/libero_10,libero_10,,64,42,0.65625000,0.05936986,,/e/project1/m3/blank4/code/starVLA/playground/Checkpoints/ervla_l_split14_gr00t_action/results/libero-plus/libero_10/overall_results.json,False
starVLA,ervla_l_split14_gr00t_action,GR00T/other-backbone,42,libero-plus,libero-plus/libero_goal,libero_goal,,64,43,0.67187500,0.05869133,,/e/project1/m3/blank4/code/starVLA/playground/Checkpoints/ervla_l_split14_gr00t_action/results/libero-plus/libero_goal/overall_results.json,False
starVLA,ervla_l_split14_gr00t_action,GR00T/other-backbone,42,libero-plus,libero-plus/libero_object,libero_object,,64,42,0.65625000,0.05936986,,/e/project1/m3/blank4/code/starVLA/playground/Checkpoints/ervla_l_split14_gr00t_action/results/libero-plus/libero_object/overall_results.json,False
starVLA,ervla_l_split14_gr00t_action,GR00T/other-backbone,42,libero-plus,libero-plus/libero_spatial,libero_spatial,,64,45,0.70312500,0.05711012,,/e/project1/m3/blank4/code/starVLA/playground/Checkpoints/ervla_l_split14_gr00t_action/results/libero-plus/libero_spatial/overall_results.json,False
starVLA,ervla_m_overlap18_gr00t_action,GR00T/other-backbone,42,libero-plus,libero-plus,libero_10,,64,40,0.62500000,0.06051536,,/e/project1/m3/blank4/code/starVLA/playground/Checkpoints/ervla_m_overlap18_gr00t_action/results/libero-plus/overall_results.json,False
starVLA,ervla_m_overlap18_gr00t_action,GR00T/other-backbone,42,libero-plus,libero-plus,libero_goal,,64,37,0.57812500,0.06173235,,/e/project1/m3/blank4/code/starVLA/playground/Checkpoints/ervla_m_overlap18_gr00t_action/results/libero-plus/overall_results.json,False
starVLA,ervla_m_overlap18_gr00t_action,GR00T/other-backbone,42,libero-plus,libero-plus,libero_object,,64,46,0.71875000,0.05620115,,/e/project1/m3/blank4/code/starVLA/playground/Checkpoints/ervla_m_overlap18_gr00t_action/results/libero-plus/overall_results.json,False
starVLA,ervla_m_overlap18_gr00t_action,GR00T/other-backbone,42,libero-plus,libero-plus,libero_spatial,,64,39,0.60937500,0.06098631,,/e/project1/m3/blank4/code/starVLA/playground/Checkpoints/ervla_m_overlap18_gr00t_action/results/libero-plus/overall_results.json,False
starVLA,ervla_m_overlap18_gr00t_action,GR00T/other-backbone,42,libero-plus,libero-plus/libero_10,libero_10,,64,40,0.62500000,0.06051536,,/e/project1/m3/blank4/code/starVLA/playground/Checkpoints/ervla_m_overlap18_gr00t_action/results/libero-plus/libero_10/overall_results.json,False
starVLA,ervla_m_overlap18_gr00t_action,GR00T/other-backbone,42,libero-plus,libero-plus/libero_goal,libero_goal,,64,37,0.57812500,0.06173235,,/e/project1/m3/blank4/code/starVLA/playground/Checkpoints/ervla_m_overlap18_gr00t_action/results/libero-plus/libero_goal/overall_results.json,False
starVLA,ervla_m_overlap18_gr00t_action,GR00T/other-backbone,42,libero-plus,libero-plus/libero_object,libero_object,,64,46,0.71875000,0.05620115,,/e/project1/m3/blank4/code/starVLA/playground/Checkpoints/ervla_m_overlap18_gr00t_action/results/libero-plus/libero_object/overall_results.json,False
starVLA,ervla_m_overlap18_gr00t_action,GR00T/other-backbone,42,libero-plus,libero-plus/libero_spatial,libero_spatial,,64,39,0.60937500,0.06098631,,/e/project1/m3/blank4/code/starVLA/playground/Checkpoints/ervla_m_overlap18_gr00t_action/results/libero-plus/libero_spatial/overall_results.json,False
starVLA,ervla_mlm_pi_encoder_cam3d,encoder/mlm,42,libero-plus,libero-plus,libero_10,,64,40,0.62500000,0.06051536,,/e/project1/m3/blank4/code/starVLA/playground/Checkpoints/ervla_mlm_pi_encoder_cam3d/results/libero-plus/overall_results.json,False
starVLA,ervla_mlm_pi_encoder_cam3d,encoder/mlm,42,libero-plus,libero-plus,libero_goal,,64,45,0.70312500,0.05711012,,/e/project1/m3/blank4/code/starVLA/playground/Checkpoints/ervla_mlm_pi_encoder_cam3d/results/libero-plus/overall_results.json,False
starVLA,ervla_mlm_pi_encoder_cam3d,encoder/mlm,42,libero-plus,libero-plus,libero_object,,64,47,0.73437500,0.05520818,,/e/project1/m3/blank4/code/starVLA/playground/Checkpoints/ervla_mlm_pi_encoder_cam3d/results/libero-plus/overall_results.json,False
starVLA,ervla_mlm_pi_encoder_cam3d,encoder/mlm,42,libero-plus,libero-plus,libero_spatial,,64,44,0.68750000,0.05793905,,/e/project1/m3/blank4/code/starVLA/playground/Checkpoints/ervla_mlm_pi_encoder_cam3d/results/libero-plus/overall_results.json,False
starVLA,ervla_mlm_pi_encoder_cam3d,encoder/mlm,42,libero-plus,libero-plus/libero_10,libero_10,,64,40,0.62500000,0.06051536,,/e/project1/m3/blank4/code/starVLA/playground/Checkpoints/ervla_mlm_pi_encoder_cam3d/results/libero-plus/libero_10/overall_results.json,False
starVLA,ervla_mlm_pi_encoder_cam3d,encoder/mlm,42,libero-plus,libero-plus/libero_goal,libero_goal,,64,45,0.70312500,0.05711012,,/e/project1/m3/blank4/code/starVLA/playground/Checkpoints/ervla_mlm_pi_encoder_cam3d/results/libero-plus/libero_goal/overall_results.json,False
starVLA,ervla_mlm_pi_encoder_cam3d,encoder/mlm,42,libero-plus,libero-plus/libero_object,libero_object,,64,47,0.73437500,0.05520818,,/e/project1/m3/blank4/code/starVLA/playground/Checkpoints/ervla_mlm_pi_encoder_cam3d/results/libero-plus/libero_object/overall_results.json,False
starVLA,ervla_mlm_pi_encoder_cam3d,encoder/mlm,42,libero-plus,libero-plus/libero_spatial,libero_spatial,,64,44,0.68750000,0.05793905,,/e/project1/m3/blank4/code/starVLA/playground/Checkpoints/ervla_mlm_pi_encoder_cam3d/results/libero-plus/libero_spatial/overall_results.json,False
starVLA,ervla_mlm_pi_encoder_cam3d_rand,encoder/mlm,42,libero-plus,libero-plus,libero_10,,64,35,0.54687500,0.06222474,,/e/project1/m3/blank4/code/starVLA/playground/Checkpoints/ervla_mlm_pi_encoder_cam3d_rand/results/libero-plus/overall_results.json,False
starVLA,ervla_mlm_pi_encoder_cam3d_rand,encoder/mlm,42,libero-plus,libero-plus,libero_goal,,64,42,0.65625000,0.05936986,,/e/project1/m3/blank4/code/starVLA/playground/Checkpoints/ervla_mlm_pi_encoder_cam3d_rand/results/libero-plus/overall_results.json,False
starVLA,ervla_mlm_pi_encoder_cam3d_rand,encoder/mlm,42,libero-plus,libero-plus,libero_object,,64,53,0.82812500,0.04715897,,/e/project1/m3/blank4/code/starVLA/playground/Checkpoints/ervla_mlm_pi_encoder_cam3d_rand/results/libero-plus/overall_results.json,False
starVLA,ervla_mlm_pi_encoder_cam3d_rand,encoder/mlm,42,libero-plus,libero-plus,libero_spatial,,64,53,0.82812500,0.04715897,,/e/project1/m3/blank4/code/starVLA/playground/Checkpoints/ervla_mlm_pi_encoder_cam3d_rand/results/libero-plus/overall_results.json,False
starVLA,ervla_mlm_pi_encoder_cam3d_rand,encoder/mlm,42,libero-plus,libero-plus/libero_10,libero_10,,64,35,0.54687500,0.06222474,,/e/project1/m3/blank4/code/starVLA/playground/Checkpoints/ervla_mlm_pi_encoder_cam3d_rand/results/libero-plus/libero_10/overall_results.json,False
starVLA,ervla_mlm_pi_encoder_cam3d_rand,encoder/mlm,42,libero-plus,libero-plus/libero_goal,libero_goal,,64,42,0.65625000,0.05936986,,/e/project1/m3/blank4/code/starVLA/playground/Checkpoints/ervla_mlm_pi_encoder_cam3d_rand/results/libero-plus/libero_goal/overall_results.json,False
starVLA,ervla_mlm_pi_encoder_cam3d_rand,encoder/mlm,42,libero-plus,libero-plus/libero_object,libero_object,,64,53,0.82812500,0.04715897,,/e/project1/m3/blank4/code/starVLA/playground/Checkpoints/ervla_mlm_pi_encoder_cam3d_rand/results/libero-plus/libero_object/overall_results.json,False
starVLA,ervla_mlm_pi_encoder_cam3d_rand,encoder/mlm,42,libero-plus,libero-plus/libero_spatial,libero_spatial,,64,53,0.82812500,0.04715897,,/e/project1/m3/blank4/code/starVLA/playground/Checkpoints/ervla_mlm_pi_encoder_cam3d_rand/results/libero-plus/libero_spatial/overall_results.json,False
starVLA,ervla_mlm_pi_encoder_cam3d_slotdrop15_nolabeldrop_noditdrop,encoder/mlm,42,libero-plus,libero-plus,libero_10,,64,45,0.70312500,0.05711012,,/e/project1/m3/blank4/code/starVLA/playground/Checkpoints/ervla_mlm_pi_encoder_cam3d_slotdrop15_nolabeldrop_noditdrop/results/libero-plus/overall_results.json,False
starVLA,ervla_mlm_pi_encoder_cam3d_slotdrop15_nolabeldrop_noditdrop,encoder/mlm,42,libero-plus,libero-plus,libero_goal,,64,45,0.70312500,0.05711012,,/e/project1/m3/blank4/code/starVLA/playground/Checkpoints/ervla_mlm_pi_encoder_cam3d_slotdrop15_nolabeldrop_noditdrop/results/libero-plus/overall_results.json,False
starVLA,ervla_mlm_pi_encoder_cam3d_slotdrop15_nolabeldrop_noditdrop,encoder/mlm,42,libero-plus,libero-plus,libero_object,,64,51,0.79687500,0.05029060,,/e/project1/m3/blank4/code/starVLA/playground/Checkpoints/ervla_mlm_pi_encoder_cam3d_slotdrop15_nolabeldrop_noditdrop/results/libero-plus/overall_results.json,False
starVLA,ervla_mlm_pi_encoder_cam3d_slotdrop15_nolabeldrop_noditdrop,encoder/mlm,42,libero-plus,libero-plus,libero_spatial,,64,52,0.81250000,0.04878905,,/e/project1/m3/blank4/code/starVLA/playground/Checkpoints/ervla_mlm_pi_encoder_cam3d_slotdrop15_nolabeldrop_noditdrop/results/libero-plus/overall_results.json,False
starVLA,ervla_mlm_pi_encoder_cam3d_slotdrop15_nolabeldrop_noditdrop,encoder/mlm,42,libero-plus,libero-plus/libero_10,libero_10,,64,45,0.70312500,0.05711012,,/e/project1/m3/blank4/code/starVLA/playground/Checkpoints/ervla_mlm_pi_encoder_cam3d_slotdrop15_nolabeldrop_noditdrop/results/libero-plus/libero_10/overall_results.json,False
starVLA,ervla_mlm_pi_encoder_cam3d_slotdrop15_nolabeldrop_noditdrop,encoder/mlm,42,libero-plus,libero-plus/libero_goal,libero_goal,,64,45,0.70312500,0.05711012,,/e/project1/m3/blank4/code/starVLA/playground/Checkpoints/ervla_mlm_pi_encoder_cam3d_slotdrop15_nolabeldrop_noditdrop/results/libero-plus/libero_goal/overall_results.json,False
starVLA,ervla_mlm_pi_encoder_cam3d_slotdrop15_nolabeldrop_noditdrop,encoder/mlm,42,libero-plus,libero-plus/libero_object,libero_object,,64,51,0.79687500,0.05029060,,/e/project1/m3/blank4/code/starVLA/playground/Checkpoints/ervla_mlm_pi_encoder_cam3d_slotdrop15_nolabeldrop_noditdrop/results/libero-plus/libero_object/overall_results.json,False
starVLA,ervla_mlm_pi_encoder_cam3d_slotdrop15_nolabeldrop_noditdrop,encoder/mlm,42,libero-plus,libero-plus/libero_spatial,libero_spatial,,64,52,0.81250000,0.04878905,,/e/project1/m3/blank4/code/starVLA/playground/Checkpoints/ervla_mlm_pi_encoder_cam3d_slotdrop15_nolabeldrop_noditdrop/results/libero-plus/libero_spatial/overall_results.json,False
starVLA,ervla_mlm_pi_encoder_control,encoder/mlm,42,libero-plus,libero-plus,libero_10,,64,46,0.71875000,0.05620115,,/e/project1/m3/blank4/code/starVLA/playground/Checkpoints/ervla_mlm_pi_encoder_control/results/libero-plus/overall_results.json,False
starVLA,ervla_mlm_pi_encoder_control,encoder/mlm,42,libero-plus,libero-plus,libero_goal,,64,48,0.75000000,0.05412659,,/e/project1/m3/blank4/code/starVLA/playground/Checkpoints/ervla_mlm_pi_encoder_control/results/libero-plus/overall_results.json,False
starVLA,ervla_mlm_pi_encoder_control,encoder/mlm,42,libero-plus,libero-plus,libero_object,,64,54,0.84375000,0.04538652,,/e/project1/m3/blank4/code/starVLA/playground/Checkpoints/ervla_mlm_pi_encoder_control/results/libero-plus/overall_results.json,False
starVLA,ervla_mlm_pi_encoder_control,encoder/mlm,42,libero-plus,libero-plus,libero_spatial,,64,51,0.79687500,0.05029060,,/e/project1/m3/blank4/code/starVLA/playground/Checkpoints/ervla_mlm_pi_encoder_control/results/libero-plus/overall_results.json,False
starVLA,ervla_mlm_pi_encoder_control,encoder/mlm,42,libero-plus,libero-plus/libero_10,libero_10,,64,46,0.71875000,0.05620115,,/e/project1/m3/blank4/code/starVLA/playground/Checkpoints/ervla_mlm_pi_encoder_control/results/libero-plus/libero_10/overall_results.json,False
starVLA,ervla_mlm_pi_encoder_control,encoder/mlm,42,libero-plus,libero-plus/libero_goal,libero_goal,,64,48,0.75000000,0.05412659,,/e/project1/m3/blank4/code/starVLA/playground/Checkpoints/ervla_mlm_pi_encoder_control/results/libero-plus/libero_goal/overall_results.json,False
starVLA,ervla_mlm_pi_encoder_control,encoder/mlm,42,libero-plus,libero-plus/libero_object,libero_object,,64,54,0.84375000,0.04538652,,/e/project1/m3/blank4/code/starVLA/playground/Checkpoints/ervla_mlm_pi_encoder_control/results/libero-plus/libero_object/overall_results.json,False
starVLA,ervla_mlm_pi_encoder_control,encoder/mlm,42,libero-plus,libero-plus/libero_spatial,libero_spatial,,64,51,0.79687500,0.05029060,,/e/project1/m3/blank4/code/starVLA/playground/Checkpoints/ervla_mlm_pi_encoder_control/results/libero-plus/libero_spatial/overall_results.json,False
starVLA,ervla_n_overlap18_structaux_cot,CoT-trace,42,libero-plus,libero-plus,libero_10,,64,37,0.57812500,0.06173235,,/e/project1/m3/blank4/code/starVLA/playground/Checkpoints/ervla_n_overlap18_structaux_cot/results/libero-plus/overall_results.json,False
starVLA,ervla_n_overlap18_structaux_cot,CoT-trace,42,libero-plus,libero-plus,libero_goal,,64,40,0.62500000,0.06051536,,/e/project1/m3/blank4/code/starVLA/playground/Checkpoints/ervla_n_overlap18_structaux_cot/results/libero-plus/overall_results.json,False
starVLA,ervla_n_overlap18_structaux_cot,CoT-trace,42,libero-plus,libero-plus,libero_object,,64,50,0.78125000,0.05167483,,/e/project1/m3/blank4/code/starVLA/playground/Checkpoints/ervla_n_overlap18_structaux_cot/results/libero-plus/overall_results.json,False
starVLA,ervla_n_overlap18_structaux_cot,CoT-trace,42,libero-plus,libero-plus,libero_spatial,,64,51,0.79687500,0.05029060,,/e/project1/m3/blank4/code/starVLA/playground/Checkpoints/ervla_n_overlap18_structaux_cot/results/libero-plus/overall_results.json,False
starVLA,ervla_n_overlap18_structaux_cot,CoT-trace,42,libero-plus,libero-plus/libero_10,libero_10,,64,37,0.57812500,0.06173235,,/e/project1/m3/blank4/code/starVLA/playground/Checkpoints/ervla_n_overlap18_structaux_cot/results/libero-plus/libero_10/overall_results.json,False
starVLA,ervla_n_overlap18_structaux_cot,CoT-trace,42,libero-plus,libero-plus/libero_goal,libero_goal,,64,40,0.62500000,0.06051536,,/e/project1/m3/blank4/code/starVLA/playground/Checkpoints/ervla_n_overlap18_structaux_cot/results/libero-plus/libero_goal/overall_results.json,False
starVLA,ervla_n_overlap18_structaux_cot,CoT-trace,42,libero-plus,libero-plus/libero_object,libero_object,,64,50,0.78125000,0.05167483,,/e/project1/m3/blank4/code/starVLA/playground/Checkpoints/ervla_n_overlap18_structaux_cot/results/libero-plus/libero_object/overall_results.json,False
starVLA,ervla_n_overlap18_structaux_cot,CoT-trace,42,libero-plus,libero-plus/libero_spatial,libero_spatial,,64,51,0.79687500,0.05029060,,/e/project1/m3/blank4/code/starVLA/playground/Checkpoints/ervla_n_overlap18_structaux_cot/results/libero-plus/libero_spatial/overall_results.json,False
starVLA,ervla_o_split14_pi_cot,CoT-trace,42,libero-plus,libero-plus,libero_10,,64,32,0.50000000,0.06250000,,/e/project1/m3/blank4/code/starVLA/playground/Checkpoints/ervla_o_split14_pi_cot/results/libero-plus/overall_results.json,False
starVLA,ervla_o_split14_pi_cot,CoT-trace,42,libero-plus,libero-plus,libero_goal,,64,13,0.20312500,0.05029060,,/e/project1/m3/blank4/code/starVLA/playground/Checkpoints/ervla_o_split14_pi_cot/results/libero-plus/overall_results.json,False
starVLA,ervla_o_split14_pi_cot,CoT-trace,42,libero-plus,libero-plus,libero_object,,64,28,0.43750000,0.06200980,,/e/project1/m3/blank4/code/starVLA/playground/Checkpoints/ervla_o_split14_pi_cot/results/libero-plus/overall_results.json,False
starVLA,ervla_o_split14_pi_cot,CoT-trace,42,libero-plus,libero-plus,libero_spatial,,64,31,0.48437500,0.06246947,,/e/project1/m3/blank4/code/starVLA/playground/Checkpoints/ervla_o_split14_pi_cot/results/libero-plus/overall_results.json,False
starVLA,ervla_o_split14_pi_cot,CoT-trace,42,libero-plus,libero-plus/libero_10,libero_10,,64,32,0.50000000,0.06250000,,/e/project1/m3/blank4/code/starVLA/playground/Checkpoints/ervla_o_split14_pi_cot/results/libero-plus/libero_10/overall_results.json,False
starVLA,ervla_o_split14_pi_cot,CoT-trace,42,libero-plus,libero-plus/libero_goal,libero_goal,,64,13,0.20312500,0.05029060,,/e/project1/m3/blank4/code/starVLA/playground/Checkpoints/ervla_o_split14_pi_cot/results/libero-plus/libero_goal/overall_results.json,False
starVLA,ervla_o_split14_pi_cot,CoT-trace,42,libero-plus,libero-plus/libero_object,libero_object,,64,28,0.43750000,0.06200980,,/e/project1/m3/blank4/code/starVLA/playground/Checkpoints/ervla_o_split14_pi_cot/results/libero-plus/libero_object/overall_results.json,False
starVLA,ervla_o_split14_pi_cot,CoT-trace,42,libero-plus,libero-plus/libero_spatial,libero_spatial,,64,31,0.48437500,0.06246947,,/e/project1/m3/blank4/code/starVLA/playground/Checkpoints/ervla_o_split14_pi_cot/results/libero-plus/libero_spatial/overall_results.json,False
starVLA,ervla_o_split14_pi_cot_masked,CoT-trace,42,libero-plus,libero-plus,libero_10,,64,39,0.60937500,0.06098631,,/e/project1/m3/blank4/code/starVLA/playground/Checkpoints/ervla_o_split14_pi_cot_masked/results/libero-plus/overall_results.json,False
starVLA,ervla_o_split14_pi_cot_masked,CoT-trace,42,libero-plus,libero-plus,libero_goal,,64,40,0.62500000,0.06051536,,/e/project1/m3/blank4/code/starVLA/playground/Checkpoints/ervla_o_split14_pi_cot_masked/results/libero-plus/overall_results.json,False
starVLA,ervla_o_split14_pi_cot_masked,CoT-trace,42,libero-plus,libero-plus,libero_object,,64,50,0.78125000,0.05167483,,/e/project1/m3/blank4/code/starVLA/playground/Checkpoints/ervla_o_split14_pi_cot_masked/results/libero-plus/overall_results.json,False
starVLA,ervla_o_split14_pi_cot_masked,CoT-trace,42,libero-plus,libero-plus,libero_spatial,,64,49,0.76562500,0.05295094,,/e/project1/m3/blank4/code/starVLA/playground/Checkpoints/ervla_o_split14_pi_cot_masked/results/libero-plus/overall_results.json,False
starVLA,ervla_o_split14_pi_cot_masked,CoT-trace,42,libero-plus,libero-plus/libero_10,libero_10,,64,39,0.60937500,0.06098631,,/e/project1/m3/blank4/code/starVLA/playground/Checkpoints/ervla_o_split14_pi_cot_masked/results/libero-plus/libero_10/overall_results.json,False
starVLA,ervla_o_split14_pi_cot_masked,CoT-trace,42,libero-plus,libero-plus/libero_goal,libero_goal,,64,40,0.62500000,0.06051536,,/e/project1/m3/blank4/code/starVLA/playground/Checkpoints/ervla_o_split14_pi_cot_masked/results/libero-plus/libero_goal/overall_results.json,False
starVLA,ervla_o_split14_pi_cot_masked,CoT-trace,42,libero-plus,libero-plus/libero_object,libero_object,,64,50,0.78125000,0.05167483,,/e/project1/m3/blank4/code/starVLA/playground/Checkpoints/ervla_o_split14_pi_cot_masked/results/libero-plus/libero_object/overall_results.json,False
starVLA,ervla_o_split14_pi_cot_masked,CoT-trace,42,libero-plus,libero-plus/libero_spatial,libero_spatial,,64,49,0.76562500,0.05295094,,/e/project1/m3/blank4/code/starVLA/playground/Checkpoints/ervla_o_split14_pi_cot_masked/results/libero-plus/libero_spatial/overall_results.json,False
starVLA,ervla_p_causal_pi_masked,causal,42,libero-plus,libero-plus,libero_10,,64,37,0.57812500,0.06173235,,/e/project1/m3/blank4/code/starVLA/playground/Checkpoints/ervla_p_causal_pi_masked/results/libero-plus/overall_results.json,False
starVLA,ervla_p_causal_pi_masked,causal,42,libero-plus,libero-plus,libero_goal,,64,44,0.68750000,0.05793905,,/e/project1/m3/blank4/code/starVLA/playground/Checkpoints/ervla_p_causal_pi_masked/results/libero-plus/overall_results.json,False
starVLA,ervla_p_causal_pi_masked,causal,42,libero-plus,libero-plus,libero_object,,64,48,0.75000000,0.05412659,,/e/project1/m3/blank4/code/starVLA/playground/Checkpoints/ervla_p_causal_pi_masked/results/libero-plus/overall_results.json,False
starVLA,ervla_p_causal_pi_masked,causal,42,libero-plus,libero-plus,libero_spatial,,64,47,0.73437500,0.05520818,,/e/project1/m3/blank4/code/starVLA/playground/Checkpoints/ervla_p_causal_pi_masked/results/libero-plus/overall_results.json,False
starVLA,ervla_p_causal_pi_masked,causal,42,libero-plus,libero-plus/libero_10,libero_10,,64,37,0.57812500,0.06173235,,/e/project1/m3/blank4/code/starVLA/playground/Checkpoints/ervla_p_causal_pi_masked/results/libero-plus/libero_10/overall_results.json,False
starVLA,ervla_p_causal_pi_masked,causal,42,libero-plus,libero-plus/libero_goal,libero_goal,,64,44,0.68750000,0.05793905,,/e/project1/m3/blank4/code/starVLA/playground/Checkpoints/ervla_p_causal_pi_masked/results/libero-plus/libero_goal/overall_results.json,False
starVLA,ervla_p_causal_pi_masked,causal,42,libero-plus,libero-plus/libero_object,libero_object,,64,48,0.75000000,0.05412659,,/e/project1/m3/blank4/code/starVLA/playground/Checkpoints/ervla_p_causal_pi_masked/results/libero-plus/libero_object/overall_results.json,False
starVLA,ervla_p_causal_pi_masked,causal,42,libero-plus,libero-plus/libero_spatial,libero_spatial,,64,47,0.73437500,0.05520818,,/e/project1/m3/blank4/code/starVLA/playground/Checkpoints/ervla_p_causal_pi_masked/results/libero-plus/libero_spatial/overall_results.json,False
starVLA,ervla_pi_bidir_actiononly_pifix_nolatent_nodrop_2gpu_s42,encoder,42,libero-plus,libero-plus,libero_10,,1000,642,0.64200000,0.01516034,,/e/project1/m3/blank4/code/starVLA/playground/Checkpoints/ervla_pi_bidir_actiononly_pifix_nolatent_nodrop_2gpu_s42/results/libero-plus/overall_results.json,True
starVLA,ervla_pi_bidir_actiononly_pifix_nolatent_nodrop_2gpu_s42,encoder,42,libero-plus,libero-plus,libero_goal,,1000,717,0.71700000,0.01424468,,/e/project1/m3/blank4/code/starVLA/playground/Checkpoints/ervla_pi_bidir_actiononly_pifix_nolatent_nodrop_2gpu_s42/results/libero-plus/overall_results.json,True
starVLA,ervla_pi_bidir_actiononly_pifix_nolatent_nodrop_2gpu_s42,encoder,42,libero-plus,libero-plus,libero_object,,1000,783,0.78300000,0.01303499,,/e/project1/m3/blank4/code/starVLA/playground/Checkpoints/ervla_pi_bidir_actiononly_pifix_nolatent_nodrop_2gpu_s42/results/libero-plus/overall_results.json,True
starVLA,ervla_pi_bidir_actiononly_pifix_nolatent_nodrop_2gpu_s42,encoder,42,libero-plus,libero-plus,libero_spatial,,1000,739,0.73900000,0.01388809,,/e/project1/m3/blank4/code/starVLA/playground/Checkpoints/ervla_pi_bidir_actiononly_pifix_nolatent_nodrop_2gpu_s42/results/libero-plus/overall_results.json,True
starVLA,ervla_pi_bidir_actiononly_pifix_nolatent_nodrop_2gpu_s42,encoder,42,libero-plus,libero-plus/libero_10,libero_10,,1000,642,0.64200000,0.01516034,,/e/project1/m3/blank4/code/starVLA/playground/Checkpoints/ervla_pi_bidir_actiononly_pifix_nolatent_nodrop_2gpu_s42/results/libero-plus/libero_10/overall_results.json,False
starVLA,ervla_pi_bidir_actiononly_pifix_nolatent_nodrop_2gpu_s42,encoder,42,libero-plus,libero-plus/libero_goal,libero_goal,,1000,717,0.71700000,0.01424468,,/e/project1/m3/blank4/code/starVLA/playground/Checkpoints/ervla_pi_bidir_actiononly_pifix_nolatent_nodrop_2gpu_s42/results/libero-plus/libero_goal/overall_results.json,False
starVLA,ervla_pi_bidir_actiononly_pifix_nolatent_nodrop_2gpu_s42,encoder,42,libero-plus,libero-plus/libero_object,libero_object,,1000,783,0.78300000,0.01303499,,/e/project1/m3/blank4/code/starVLA/playground/Checkpoints/ervla_pi_bidir_actiononly_pifix_nolatent_nodrop_2gpu_s42/results/libero-plus/libero_object/overall_results.json,False
starVLA,ervla_pi_bidir_actiononly_pifix_nolatent_nodrop_2gpu_s42,encoder,42,libero-plus,libero-plus/libero_spatial,libero_spatial,,1000,739,0.73900000,0.01388809,,/e/project1/m3/blank4/code/starVLA/playground/Checkpoints/ervla_pi_bidir_actiononly_pifix_nolatent_nodrop_2gpu_s42/results/libero-plus/libero_spatial/overall_results.json,False
starVLA,ervla_pi_bidir_actiononly_pifix_nolatent_nodrop_2gpu_s43,encoder,43,libero-plus,libero-plus,libero_10,,1000,636,0.63600000,0.01521526,,/e/project1/m3/blank4/code/starVLA/playground/Checkpoints/ervla_pi_bidir_actiononly_pifix_nolatent_nodrop_2gpu_s43/results/libero-plus/overall_results.json,True
starVLA,ervla_pi_bidir_actiononly_pifix_nolatent_nodrop_2gpu_s43,encoder,43,libero-plus,libero-plus,libero_goal,,1000,692,0.69200000,0.01459918,,/e/project1/m3/blank4/code/starVLA/playground/Checkpoints/ervla_pi_bidir_actiononly_pifix_nolatent_nodrop_2gpu_s43/results/libero-plus/overall_results.json,True
starVLA,ervla_pi_bidir_actiononly_pifix_nolatent_nodrop_2gpu_s43,encoder,43,libero-plus,libero-plus,libero_object,,1000,813,0.81300000,0.01233009,,/e/project1/m3/blank4/code/starVLA/playground/Checkpoints/ervla_pi_bidir_actiononly_pifix_nolatent_nodrop_2gpu_s43/results/libero-plus/overall_results.json,True
starVLA,ervla_pi_bidir_actiononly_pifix_nolatent_nodrop_2gpu_s43,encoder,43,libero-plus,libero-plus,libero_spatial,,1000,745,0.74500000,0.01378314,,/e/project1/m3/blank4/code/starVLA/playground/Checkpoints/ervla_pi_bidir_actiononly_pifix_nolatent_nodrop_2gpu_s43/results/libero-plus/overall_results.json,True
starVLA,ervla_pi_bidir_actiononly_pifix_nolatent_nodrop_2gpu_s43,encoder,43,libero-plus,libero-plus/libero_10,libero_10,,1000,636,0.63600000,0.01521526,,/e/project1/m3/blank4/code/starVLA/playground/Checkpoints/ervla_pi_bidir_actiononly_pifix_nolatent_nodrop_2gpu_s43/results/libero-plus/libero_10/overall_results.json,False
starVLA,ervla_pi_bidir_actiononly_pifix_nolatent_nodrop_2gpu_s43,encoder,43,libero-plus,libero-plus/libero_goal,libero_goal,,1000,692,0.69200000,0.01459918,,/e/project1/m3/blank4/code/starVLA/playground/Checkpoints/ervla_pi_bidir_actiononly_pifix_nolatent_nodrop_2gpu_s43/results/libero-plus/libero_goal/overall_results.json,False
starVLA,ervla_pi_bidir_actiononly_pifix_nolatent_nodrop_2gpu_s43,encoder,43,libero-plus,libero-plus/libero_object,libero_object,,1000,813,0.81300000,0.01233009,,/e/project1/m3/blank4/code/starVLA/playground/Checkpoints/ervla_pi_bidir_actiononly_pifix_nolatent_nodrop_2gpu_s43/results/libero-plus/libero_object/overall_results.json,False
starVLA,ervla_pi_bidir_actiononly_pifix_nolatent_nodrop_2gpu_s43,encoder,43,libero-plus,libero-plus/libero_spatial,libero_spatial,,1000,745,0.74500000,0.01378314,,/e/project1/m3/blank4/code/starVLA/playground/Checkpoints/ervla_pi_bidir_actiononly_pifix_nolatent_nodrop_2gpu_s43/results/libero-plus/libero_spatial/overall_results.json,False
starVLA,ervla_pi_bidir_actiononly_pifix_nolatent_nodrop_2gpu_s44,encoder,44,libero-plus,libero-plus,libero_10,,1000,660,0.66000000,0.01497999,,/e/project1/m3/blank4/code/starVLA/playground/Checkpoints/ervla_pi_bidir_actiononly_pifix_nolatent_nodrop_2gpu_s44/results/libero-plus/overall_results.json,True
starVLA,ervla_pi_bidir_actiononly_pifix_nolatent_nodrop_2gpu_s44,encoder,44,libero-plus,libero-plus,libero_goal,,1000,670,0.67000000,0.01486943,,/e/project1/m3/blank4/code/starVLA/playground/Checkpoints/ervla_pi_bidir_actiononly_pifix_nolatent_nodrop_2gpu_s44/results/libero-plus/overall_results.json,True
starVLA,ervla_pi_bidir_actiononly_pifix_nolatent_nodrop_2gpu_s44,encoder,44,libero-plus,libero-plus,libero_object,,1000,793,0.79300000,0.01281214,,/e/project1/m3/blank4/code/starVLA/playground/Checkpoints/ervla_pi_bidir_actiononly_pifix_nolatent_nodrop_2gpu_s44/results/libero-plus/overall_results.json,True
starVLA,ervla_pi_bidir_actiononly_pifix_nolatent_nodrop_2gpu_s44,encoder,44,libero-plus,libero-plus,libero_spatial,,1000,761,0.76100000,0.01348625,,/e/project1/m3/blank4/code/starVLA/playground/Checkpoints/ervla_pi_bidir_actiononly_pifix_nolatent_nodrop_2gpu_s44/results/libero-plus/overall_results.json,True
starVLA,ervla_pi_bidir_actiononly_pifix_nolatent_nodrop_2gpu_s44,encoder,44,libero-plus,libero-plus/libero_10,libero_10,,1000,660,0.66000000,0.01497999,,/e/project1/m3/blank4/code/starVLA/playground/Checkpoints/ervla_pi_bidir_actiononly_pifix_nolatent_nodrop_2gpu_s44/results/libero-plus/libero_10/overall_results.json,False
starVLA,ervla_pi_bidir_actiononly_pifix_nolatent_nodrop_2gpu_s44,encoder,44,libero-plus,libero-plus/libero_goal,libero_goal,,1000,670,0.67000000,0.01486943,,/e/project1/m3/blank4/code/starVLA/playground/Checkpoints/ervla_pi_bidir_actiononly_pifix_nolatent_nodrop_2gpu_s44/results/libero-plus/libero_goal/overall_results.json,False
starVLA,ervla_pi_bidir_actiononly_pifix_nolatent_nodrop_2gpu_s44,encoder,44,libero-plus,libero-plus/libero_object,libero_object,,1000,793,0.79300000,0.01281214,,/e/project1/m3/blank4/code/starVLA/playground/Checkpoints/ervla_pi_bidir_actiononly_pifix_nolatent_nodrop_2gpu_s44/results/libero-plus/libero_object/overall_results.json,False
starVLA,ervla_pi_bidir_actiononly_pifix_nolatent_nodrop_2gpu_s44,encoder,44,libero-plus,libero-plus/libero_spatial,libero_spatial,,1000,761,0.76100000,0.01348625,,/e/project1/m3/blank4/code/starVLA/playground/Checkpoints/ervla_pi_bidir_actiononly_pifix_nolatent_nodrop_2gpu_s44/results/libero-plus/libero_spatial/overall_results.json,False
starVLA,ervla_pi_causal_actiononly_pifix_nolatent_nodrop_2gpu_s42,causal,42,libero-plus,libero-plus,libero_10,,1000,631,0.63100000,0.01525906,,/e/project1/m3/blank4/code/starVLA/playground/Checkpoints/ervla_pi_causal_actiononly_pifix_nolatent_nodrop_2gpu_s42/results/libero-plus/overall_results.json,True
starVLA,ervla_pi_causal_actiononly_pifix_nolatent_nodrop_2gpu_s42,causal,42,libero-plus,libero-plus,libero_goal,,1000,674,0.67400000,0.01482309,,/e/project1/m3/blank4/code/starVLA/playground/Checkpoints/ervla_pi_causal_actiononly_pifix_nolatent_nodrop_2gpu_s42/results/libero-plus/overall_results.json,True
starVLA,ervla_pi_causal_actiononly_pifix_nolatent_nodrop_2gpu_s42,causal,42,libero-plus,libero-plus,libero_object,,1000,797,0.79700000,0.01271971,,/e/project1/m3/blank4/code/starVLA/playground/Checkpoints/ervla_pi_causal_actiononly_pifix_nolatent_nodrop_2gpu_s42/results/libero-plus/overall_results.json,True
starVLA,ervla_pi_causal_actiononly_pifix_nolatent_nodrop_2gpu_s42,causal,42,libero-plus,libero-plus,libero_spatial,,1000,798,0.79800000,0.01269630,,/e/project1/m3/blank4/code/starVLA/playground/Checkpoints/ervla_pi_causal_actiononly_pifix_nolatent_nodrop_2gpu_s42/results/libero-plus/overall_results.json,True
starVLA,ervla_pi_causal_actiononly_pifix_nolatent_nodrop_2gpu_s42,causal,42,libero-plus,libero-plus/libero_10,libero_10,,1000,631,0.63100000,0.01525906,,/e/project1/m3/blank4/code/starVLA/playground/Checkpoints/ervla_pi_causal_actiononly_pifix_nolatent_nodrop_2gpu_s42/results/libero-plus/libero_10/overall_results.json,False
starVLA,ervla_pi_causal_actiononly_pifix_nolatent_nodrop_2gpu_s42,causal,42,libero-plus,libero-plus/libero_goal,libero_goal,,1000,674,0.67400000,0.01482309,,/e/project1/m3/blank4/code/starVLA/playground/Checkpoints/ervla_pi_causal_actiononly_pifix_nolatent_nodrop_2gpu_s42/results/libero-plus/libero_goal/overall_results.json,False
starVLA,ervla_pi_causal_actiononly_pifix_nolatent_nodrop_2gpu_s42,causal,42,libero-plus,libero-plus/libero_object,libero_object,,1000,797,0.79700000,0.01271971,,/e/project1/m3/blank4/code/starVLA/playground/Checkpoints/ervla_pi_causal_actiononly_pifix_nolatent_nodrop_2gpu_s42/results/libero-plus/libero_object/overall_results.json,False
starVLA,ervla_pi_causal_actiononly_pifix_nolatent_nodrop_2gpu_s42,causal,42,libero-plus,libero-plus/libero_spatial,libero_spatial,,1000,798,0.79800000,0.01269630,,/e/project1/m3/blank4/code/starVLA/playground/Checkpoints/ervla_pi_causal_actiononly_pifix_nolatent_nodrop_2gpu_s42/results/libero-plus/libero_spatial/overall_results.json,False
starVLA,ervla_pi_causal_actiononly_pifix_nolatent_nodrop_2gpu_s43,causal,43,libero-plus,libero-plus,libero_10,,1000,632,0.63200000,0.01525044,,/e/project1/m3/blank4/code/starVLA/playground/Checkpoints/ervla_pi_causal_actiononly_pifix_nolatent_nodrop_2gpu_s43/results/libero-plus/overall_results.json,True
starVLA,ervla_pi_causal_actiononly_pifix_nolatent_nodrop_2gpu_s43,causal,43,libero-plus,libero-plus,libero_goal,,1000,699,0.69900000,0.01450514,,/e/project1/m3/blank4/code/starVLA/playground/Checkpoints/ervla_pi_causal_actiononly_pifix_nolatent_nodrop_2gpu_s43/results/libero-plus/overall_results.json,True
starVLA,ervla_pi_causal_actiononly_pifix_nolatent_nodrop_2gpu_s43,causal,43,libero-plus,libero-plus,libero_object,,1000,776,0.77600000,0.01318423,,/e/project1/m3/blank4/code/starVLA/playground/Checkpoints/ervla_pi_causal_actiononly_pifix_nolatent_nodrop_2gpu_s43/results/libero-plus/overall_results.json,True
starVLA,ervla_pi_causal_actiononly_pifix_nolatent_nodrop_2gpu_s43,causal,43,libero-plus,libero-plus,libero_spatial,,1000,753,0.75300000,0.01363785,,/e/project1/m3/blank4/code/starVLA/playground/Checkpoints/ervla_pi_causal_actiononly_pifix_nolatent_nodrop_2gpu_s43/results/libero-plus/overall_results.json,True
starVLA,ervla_pi_causal_actiononly_pifix_nolatent_nodrop_2gpu_s43,causal,43,libero-plus,libero-plus/libero_10,libero_10,,1000,632,0.63200000,0.01525044,,/e/project1/m3/blank4/code/starVLA/playground/Checkpoints/ervla_pi_causal_actiononly_pifix_nolatent_nodrop_2gpu_s43/results/libero-plus/libero_10/overall_results.json,False
starVLA,ervla_pi_causal_actiononly_pifix_nolatent_nodrop_2gpu_s43,causal,43,libero-plus,libero-plus/libero_goal,libero_goal,,1000,699,0.69900000,0.01450514,,/e/project1/m3/blank4/code/starVLA/playground/Checkpoints/ervla_pi_causal_actiononly_pifix_nolatent_nodrop_2gpu_s43/results/libero-plus/libero_goal/overall_results.json,False
starVLA,ervla_pi_causal_actiononly_pifix_nolatent_nodrop_2gpu_s43,causal,43,libero-plus,libero-plus/libero_object,libero_object,,1000,776,0.77600000,0.01318423,,/e/project1/m3/blank4/code/starVLA/playground/Checkpoints/ervla_pi_causal_actiononly_pifix_nolatent_nodrop_2gpu_s43/results/libero-plus/libero_object/overall_results.json,False
starVLA,ervla_pi_causal_actiononly_pifix_nolatent_nodrop_2gpu_s43,causal,43,libero-plus,libero-plus/libero_spatial,libero_spatial,,1000,753,0.75300000,0.01363785,,/e/project1/m3/blank4/code/starVLA/playground/Checkpoints/ervla_pi_causal_actiononly_pifix_nolatent_nodrop_2gpu_s43/results/libero-plus/libero_spatial/overall_results.json,False
starVLA,ervla_pi_causal_actiononly_pifix_nolatent_nodrop_2gpu_s44,causal,44,libero-plus,libero-plus,libero_10,,1000,657,0.65700000,0.01501170,,/e/project1/m3/blank4/code/starVLA/playground/Checkpoints/ervla_pi_causal_actiononly_pifix_nolatent_nodrop_2gpu_s44/results/libero-plus/overall_results.json,True
starVLA,ervla_pi_causal_actiononly_pifix_nolatent_nodrop_2gpu_s44,causal,44,libero-plus,libero-plus,libero_goal,,1000,641,0.64100000,0.01516967,,/e/project1/m3/blank4/code/starVLA/playground/Checkpoints/ervla_pi_causal_actiononly_pifix_nolatent_nodrop_2gpu_s44/results/libero-plus/overall_results.json,True
starVLA,ervla_pi_causal_actiononly_pifix_nolatent_nodrop_2gpu_s44,causal,44,libero-plus,libero-plus,libero_object,,1000,804,0.80400000,0.01255325,,/e/project1/m3/blank4/code/starVLA/playground/Checkpoints/ervla_pi_causal_actiononly_pifix_nolatent_nodrop_2gpu_s44/results/libero-plus/overall_results.json,True
starVLA,ervla_pi_causal_actiononly_pifix_nolatent_nodrop_2gpu_s44,causal,44,libero-plus,libero-plus,libero_spatial,,1000,737,0.73700000,0.01392232,,/e/project1/m3/blank4/code/starVLA/playground/Checkpoints/ervla_pi_causal_actiononly_pifix_nolatent_nodrop_2gpu_s44/results/libero-plus/overall_results.json,True
starVLA,ervla_pi_causal_actiononly_pifix_nolatent_nodrop_2gpu_s44,causal,44,libero-plus,libero-plus/libero_10,libero_10,,1000,657,0.65700000,0.01501170,,/e/project1/m3/blank4/code/starVLA/playground/Checkpoints/ervla_pi_causal_actiononly_pifix_nolatent_nodrop_2gpu_s44/results/libero-plus/libero_10/overall_results.json,False
starVLA,ervla_pi_causal_actiononly_pifix_nolatent_nodrop_2gpu_s44,causal,44,libero-plus,libero-plus/libero_goal,libero_goal,,1000,641,0.64100000,0.01516967,,/e/project1/m3/blank4/code/starVLA/playground/Checkpoints/ervla_pi_causal_actiononly_pifix_nolatent_nodrop_2gpu_s44/results/libero-plus/libero_goal/overall_results.json,False
starVLA,ervla_pi_causal_actiononly_pifix_nolatent_nodrop_2gpu_s44,causal,44,libero-plus,libero-plus/libero_object,libero_object,,1000,804,0.80400000,0.01255325,,/e/project1/m3/blank4/code/starVLA/playground/Checkpoints/ervla_pi_causal_actiononly_pifix_nolatent_nodrop_2gpu_s44/results/libero-plus/libero_object/overall_results.json,False
starVLA,ervla_pi_causal_actiononly_pifix_nolatent_nodrop_2gpu_s44,causal,44,libero-plus,libero-plus/libero_spatial,libero_spatial,,1000,737,0.73700000,0.01392232,,/e/project1/m3/blank4/code/starVLA/playground/Checkpoints/ervla_pi_causal_actiononly_pifix_nolatent_nodrop_2gpu_s44/results/libero-plus/libero_spatial/overall_results.json,False
starVLA,ervla_q_pi_split14_base_cot,CoT-trace,42,libero-plus,libero-plus,libero_10,,64,43,0.67187500,0.05869133,,/e/project1/m3/blank4/code/starVLA/playground/Checkpoints/ervla_q_pi_split14_base_cot/results/libero-plus/overall_results.json,False
starVLA,ervla_q_pi_split14_base_cot,CoT-trace,42,libero-plus,libero-plus,libero_goal,,64,39,0.60937500,0.06098631,,/e/project1/m3/blank4/code/starVLA/playground/Checkpoints/ervla_q_pi_split14_base_cot/results/libero-plus/overall_results.json,False
starVLA,ervla_q_pi_split14_base_cot,CoT-trace,42,libero-plus,libero-plus,libero_object,,64,46,0.71875000,0.05620115,,/e/project1/m3/blank4/code/starVLA/playground/Checkpoints/ervla_q_pi_split14_base_cot/results/libero-plus/overall_results.json,False
starVLA,ervla_q_pi_split14_base_cot,CoT-trace,42,libero-plus,libero-plus,libero_spatial,,64,48,0.75000000,0.05412659,,/e/project1/m3/blank4/code/starVLA/playground/Checkpoints/ervla_q_pi_split14_base_cot/results/libero-plus/overall_results.json,False
starVLA,ervla_q_pi_split14_base_cot,CoT-trace,42,libero-plus,libero-plus/libero_10,libero_10,,64,43,0.67187500,0.05869133,,/e/project1/m3/blank4/code/starVLA/playground/Checkpoints/ervla_q_pi_split14_base_cot/results/libero-plus/libero_10/overall_results.json,False
starVLA,ervla_q_pi_split14_base_cot,CoT-trace,42,libero-plus,libero-plus/libero_goal,libero_goal,,64,39,0.60937500,0.06098631,,/e/project1/m3/blank4/code/starVLA/playground/Checkpoints/ervla_q_pi_split14_base_cot/results/libero-plus/libero_goal/overall_results.json,False
starVLA,ervla_q_pi_split14_base_cot,CoT-trace,42,libero-plus,libero-plus/libero_object,libero_object,,64,46,0.71875000,0.05620115,,/e/project1/m3/blank4/code/starVLA/playground/Checkpoints/ervla_q_pi_split14_base_cot/results/libero-plus/libero_object/overall_results.json,False
starVLA,ervla_q_pi_split14_base_cot,CoT-trace,42,libero-plus,libero-plus/libero_spatial,libero_spatial,,64,48,0.75000000,0.05412659,,/e/project1/m3/blank4/code/starVLA/playground/Checkpoints/ervla_q_pi_split14_base_cot/results/libero-plus/libero_spatial/overall_results.json,False
starVLA,ervla_s_pi_overlap18_base_cot,CoT-trace,42,libero-plus,libero-plus,libero_10,,64,41,0.64062500,0.05997716,,/e/project1/m3/blank4/code/starVLA/playground/Checkpoints/ervla_s_pi_overlap18_base_cot/results/libero-plus/overall_results.json,False
starVLA,ervla_s_pi_overlap18_base_cot,CoT-trace,42,libero-plus,libero-plus,libero_goal,,64,47,0.73437500,0.05520818,,/e/project1/m3/blank4/code/starVLA/playground/Checkpoints/ervla_s_pi_overlap18_base_cot/results/libero-plus/overall_results.json,False
starVLA,ervla_s_pi_overlap18_base_cot,CoT-trace,42,libero-plus,libero-plus,libero_object,,64,52,0.81250000,0.04878905,,/e/project1/m3/blank4/code/starVLA/playground/Checkpoints/ervla_s_pi_overlap18_base_cot/results/libero-plus/overall_results.json,False
starVLA,ervla_s_pi_overlap18_base_cot,CoT-trace,42,libero-plus,libero-plus,libero_spatial,,64,44,0.68750000,0.05793905,,/e/project1/m3/blank4/code/starVLA/playground/Checkpoints/ervla_s_pi_overlap18_base_cot/results/libero-plus/overall_results.json,False
starVLA,ervla_s_pi_overlap18_base_cot,CoT-trace,42,libero-plus,libero-plus/libero_10,libero_10,,64,41,0.64062500,0.05997716,,/e/project1/m3/blank4/code/starVLA/playground/Checkpoints/ervla_s_pi_overlap18_base_cot/results/libero-plus/libero_10/overall_results.json,False
starVLA,ervla_s_pi_overlap18_base_cot,CoT-trace,42,libero-plus,libero-plus/libero_goal,libero_goal,,64,47,0.73437500,0.05520818,,/e/project1/m3/blank4/code/starVLA/playground/Checkpoints/ervla_s_pi_overlap18_base_cot/results/libero-plus/libero_goal/overall_results.json,False
starVLA,ervla_s_pi_overlap18_base_cot,CoT-trace,42,libero-plus,libero-plus/libero_object,libero_object,,64,52,0.81250000,0.04878905,,/e/project1/m3/blank4/code/starVLA/playground/Checkpoints/ervla_s_pi_overlap18_base_cot/results/libero-plus/libero_object/overall_results.json,False
starVLA,ervla_s_pi_overlap18_base_cot,CoT-trace,42,libero-plus,libero-plus/libero_spatial,libero_spatial,,64,44,0.68750000,0.05793905,,/e/project1/m3/blank4/code/starVLA/playground/Checkpoints/ervla_s_pi_overlap18_base_cot/results/libero-plus/libero_spatial/overall_results.json,False
starVLA,ervla_t_pi_overlap18_structaux_cot,CoT-trace,42,libero-plus,libero-plus,libero_10,,64,42,0.65625000,0.05936986,,/e/project1/m3/blank4/code/starVLA/playground/Checkpoints/ervla_t_pi_overlap18_structaux_cot/results/libero-plus/overall_results.json,False
starVLA,ervla_t_pi_overlap18_structaux_cot,CoT-trace,42,libero-plus,libero-plus,libero_goal,,64,46,0.71875000,0.05620115,,/e/project1/m3/blank4/code/starVLA/playground/Checkpoints/ervla_t_pi_overlap18_structaux_cot/results/libero-plus/overall_results.json,False
starVLA,ervla_t_pi_overlap18_structaux_cot,CoT-trace,42,libero-plus,libero-plus,libero_object,,64,53,0.82812500,0.04715897,,/e/project1/m3/blank4/code/starVLA/playground/Checkpoints/ervla_t_pi_overlap18_structaux_cot/results/libero-plus/overall_results.json,False
starVLA,ervla_t_pi_overlap18_structaux_cot,CoT-trace,42,libero-plus,libero-plus,libero_spatial,,64,45,0.70312500,0.05711012,,/e/project1/m3/blank4/code/starVLA/playground/Checkpoints/ervla_t_pi_overlap18_structaux_cot/results/libero-plus/overall_results.json,False
starVLA,ervla_t_pi_overlap18_structaux_cot,CoT-trace,42,libero-plus,libero-plus/libero_10,libero_10,,64,42,0.65625000,0.05936986,,/e/project1/m3/blank4/code/starVLA/playground/Checkpoints/ervla_t_pi_overlap18_structaux_cot/results/libero-plus/libero_10/overall_results.json,False
starVLA,ervla_t_pi_overlap18_structaux_cot,CoT-trace,42,libero-plus,libero-plus/libero_goal,libero_goal,,64,46,0.71875000,0.05620115,,/e/project1/m3/blank4/code/starVLA/playground/Checkpoints/ervla_t_pi_overlap18_structaux_cot/results/libero-plus/libero_goal/overall_results.json,False
starVLA,ervla_t_pi_overlap18_structaux_cot,CoT-trace,42,libero-plus,libero-plus/libero_object,libero_object,,64,53,0.82812500,0.04715897,,/e/project1/m3/blank4/code/starVLA/playground/Checkpoints/ervla_t_pi_overlap18_structaux_cot/results/libero-plus/libero_object/overall_results.json,False
starVLA,ervla_t_pi_overlap18_structaux_cot,CoT-trace,42,libero-plus,libero-plus/libero_spatial,libero_spatial,,64,45,0.70312500,0.05711012,,/e/project1/m3/blank4/code/starVLA/playground/Checkpoints/ervla_t_pi_overlap18_structaux_cot/results/libero-plus/libero_spatial/overall_results.json,False
starVLA,ervla_u_pi_layerwise_decoder_cot,CoT-trace,42,libero-plus,libero-plus,libero_10,,64,38,0.59375000,0.06139154,,/e/project1/m3/blank4/code/starVLA/playground/Checkpoints/ervla_u_pi_layerwise_decoder_cot/results/libero-plus/overall_results.json,False
starVLA,ervla_u_pi_layerwise_decoder_cot,CoT-trace,42,libero-plus,libero-plus,libero_goal,,64,52,0.81250000,0.04878905,,/e/project1/m3/blank4/code/starVLA/playground/Checkpoints/ervla_u_pi_layerwise_decoder_cot/results/libero-plus/overall_results.json,False
starVLA,ervla_u_pi_layerwise_decoder_cot,CoT-trace,42,libero-plus,libero-plus,libero_object,,64,53,0.82812500,0.04715897,,/e/project1/m3/blank4/code/starVLA/playground/Checkpoints/ervla_u_pi_layerwise_decoder_cot/results/libero-plus/overall_results.json,False
starVLA,ervla_u_pi_layerwise_decoder_cot,CoT-trace,42,libero-plus,libero-plus,libero_spatial,,64,48,0.75000000,0.05412659,,/e/project1/m3/blank4/code/starVLA/playground/Checkpoints/ervla_u_pi_layerwise_decoder_cot/results/libero-plus/overall_results.json,False
starVLA,ervla_u_pi_layerwise_decoder_cot,CoT-trace,42,libero-plus,libero-plus/libero_10,libero_10,,64,38,0.59375000,0.06139154,,/e/project1/m3/blank4/code/starVLA/playground/Checkpoints/ervla_u_pi_layerwise_decoder_cot/results/libero-plus/libero_10/overall_results.json,False
starVLA,ervla_u_pi_layerwise_decoder_cot,CoT-trace,42,libero-plus,libero-plus/libero_goal,libero_goal,,64,52,0.81250000,0.04878905,,/e/project1/m3/blank4/code/starVLA/playground/Checkpoints/ervla_u_pi_layerwise_decoder_cot/results/libero-plus/libero_goal/overall_results.json,False
starVLA,ervla_u_pi_layerwise_decoder_cot,CoT-trace,42,libero-plus,libero-plus/libero_object,libero_object,,64,53,0.82812500,0.04715897,,/e/project1/m3/blank4/code/starVLA/playground/Checkpoints/ervla_u_pi_layerwise_decoder_cot/results/libero-plus/libero_object/overall_results.json,False
starVLA,ervla_u_pi_layerwise_decoder_cot,CoT-trace,42,libero-plus,libero-plus/libero_spatial,libero_spatial,,64,48,0.75000000,0.05412659,,/e/project1/m3/blank4/code/starVLA/playground/Checkpoints/ervla_u_pi_layerwise_decoder_cot/results/libero-plus/libero_spatial/overall_results.json,False
starVLA,ervla_u_pi_layerwise_decoder_cot_rand,CoT-trace,42,libero-plus,libero-plus,libero_10,,1000,691,0.69100000,0.01461229,,/e/project1/m3/blank4/code/starVLA/playground/Checkpoints/ervla_u_pi_layerwise_decoder_cot_rand/results/libero-plus/overall_results.json,True
starVLA,ervla_u_pi_layerwise_decoder_cot_rand,CoT-trace,42,libero-plus,libero-plus,libero_goal,,1000,765,0.76500000,0.01340802,,/e/project1/m3/blank4/code/starVLA/playground/Checkpoints/ervla_u_pi_layerwise_decoder_cot_rand/results/libero-plus/overall_results.json,True
starVLA,ervla_u_pi_layerwise_decoder_cot_rand,CoT-trace,42,libero-plus,libero-plus,libero_object,,1000,833,0.83300000,0.01179453,,/e/project1/m3/blank4/code/starVLA/playground/Checkpoints/ervla_u_pi_layerwise_decoder_cot_rand/results/libero-plus/overall_results.json,True
starVLA,ervla_u_pi_layerwise_decoder_cot_rand,CoT-trace,42,libero-plus,libero-plus,libero_spatial,,1000,783,0.78300000,0.01303499,,/e/project1/m3/blank4/code/starVLA/playground/Checkpoints/ervla_u_pi_layerwise_decoder_cot_rand/results/libero-plus/overall_results.json,True
starVLA,ervla_u_pi_layerwise_decoder_cot_rand,CoT-trace,42,libero-plus,libero-plus/libero_10,libero_10,,1000,691,0.69100000,0.01461229,,/e/project1/m3/blank4/code/starVLA/playground/Checkpoints/ervla_u_pi_layerwise_decoder_cot_rand/results/libero-plus/libero_10/overall_results.json,False
starVLA,ervla_u_pi_layerwise_decoder_cot_rand,CoT-trace,42,libero-plus,libero-plus/libero_goal,libero_goal,,1000,765,0.76500000,0.01340802,,/e/project1/m3/blank4/code/starVLA/playground/Checkpoints/ervla_u_pi_layerwise_decoder_cot_rand/results/libero-plus/libero_goal/overall_results.json,False
starVLA,ervla_u_pi_layerwise_decoder_cot_rand,CoT-trace,42,libero-plus,libero-plus/libero_object,libero_object,,1000,833,0.83300000,0.01179453,,/e/project1/m3/blank4/code/starVLA/playground/Checkpoints/ervla_u_pi_layerwise_decoder_cot_rand/results/libero-plus/libero_object/overall_results.json,False
starVLA,ervla_u_pi_layerwise_decoder_cot_rand,CoT-trace,42,libero-plus,libero-plus/libero_spatial,libero_spatial,,1000,783,0.78300000,0.01303499,,/e/project1/m3/blank4/code/starVLA/playground/Checkpoints/ervla_u_pi_layerwise_decoder_cot_rand/results/libero-plus/libero_spatial/overall_results.json,False
starVLA,ervla_v5_gr00t_actiononly_s42,GR00T/other-backbone,42,libero-plus,libero-plus,libero_10,,1000,601,0.60100000,0.01548544,,/e/project1/m3/blank4/code/starVLA/playground/Checkpoints/ervla_v5_gr00t_actiononly_s42/results/libero-plus/overall_results.json,True
starVLA,ervla_v5_gr00t_actiononly_s42,GR00T/other-backbone,42,libero-plus,libero-plus,libero_goal,,1000,734,0.73400000,0.01397297,,/e/project1/m3/blank4/code/starVLA/playground/Checkpoints/ervla_v5_gr00t_actiononly_s42/results/libero-plus/overall_results.json,True
starVLA,ervla_v5_gr00t_actiononly_s42,GR00T/other-backbone,42,libero-plus,libero-plus,libero_object,,1000,870,0.87000000,0.01063485,,/e/project1/m3/blank4/code/starVLA/playground/Checkpoints/ervla_v5_gr00t_actiononly_s42/results/libero-plus/overall_results.json,True
starVLA,ervla_v5_gr00t_actiononly_s42,GR00T/other-backbone,42,libero-plus,libero-plus,libero_spatial,,1000,809,0.80900000,0.01243057,,/e/project1/m3/blank4/code/starVLA/playground/Checkpoints/ervla_v5_gr00t_actiononly_s42/results/libero-plus/overall_results.json,True
starVLA,ervla_v5_gr00t_actiononly_s42,GR00T/other-backbone,42,libero-plus,libero-plus/libero_10,libero_10,,1000,601,0.60100000,0.01548544,,/e/project1/m3/blank4/code/starVLA/playground/Checkpoints/ervla_v5_gr00t_actiononly_s42/results/libero-plus/libero_10/overall_results.json,False
starVLA,ervla_v5_gr00t_actiononly_s42,GR00T/other-backbone,42,libero-plus,libero-plus/libero_goal,libero_goal,,1000,734,0.73400000,0.01397297,,/e/project1/m3/blank4/code/starVLA/playground/Checkpoints/ervla_v5_gr00t_actiononly_s42/results/libero-plus/libero_goal/overall_results.json,False
starVLA,ervla_v5_gr00t_actiononly_s42,GR00T/other-backbone,42,libero-plus,libero-plus/libero_object,libero_object,,1000,870,0.87000000,0.01063485,,/e/project1/m3/blank4/code/starVLA/playground/Checkpoints/ervla_v5_gr00t_actiononly_s42/results/libero-plus/libero_object/overall_results.json,False
starVLA,ervla_v5_gr00t_actiononly_s42,GR00T/other-backbone,42,libero-plus,libero-plus/libero_spatial,libero_spatial,,1000,809,0.80900000,0.01243057,,/e/project1/m3/blank4/code/starVLA/playground/Checkpoints/ervla_v5_gr00t_actiononly_s42/results/libero-plus/libero_spatial/overall_results.json,False
starVLA,ervla_v5_gr00t_actiononly_s43,GR00T/other-backbone,43,libero-plus,libero-plus,libero_10,,1000,648,0.64800000,0.01510285,,/e/project1/m3/blank4/code/starVLA/playground/Checkpoints/ervla_v5_gr00t_actiononly_s43/results/libero-plus/overall_results.json,True
starVLA,ervla_v5_gr00t_actiononly_s43,GR00T/other-backbone,43,libero-plus,libero-plus,libero_goal,,1000,721,0.72100000,0.01418305,,/e/project1/m3/blank4/code/starVLA/playground/Checkpoints/ervla_v5_gr00t_actiononly_s43/results/libero-plus/overall_results.json,True
starVLA,ervla_v5_gr00t_actiononly_s43,GR00T/other-backbone,43,libero-plus,libero-plus,libero_object,,1000,827,0.82700000,0.01196123,,/e/project1/m3/blank4/code/starVLA/playground/Checkpoints/ervla_v5_gr00t_actiononly_s43/results/libero-plus/overall_results.json,True
starVLA,ervla_v5_gr00t_actiononly_s43,GR00T/other-backbone,43,libero-plus,libero-plus,libero_spatial,,1000,760,0.76000000,0.01350555,,/e/project1/m3/blank4/code/starVLA/playground/Checkpoints/ervla_v5_gr00t_actiononly_s43/results/libero-plus/overall_results.json,True
starVLA,ervla_v5_gr00t_actiononly_s43,GR00T/other-backbone,43,libero-plus,libero-plus/libero_10,libero_10,,1000,648,0.64800000,0.01510285,,/e/project1/m3/blank4/code/starVLA/playground/Checkpoints/ervla_v5_gr00t_actiononly_s43/results/libero-plus/libero_10/overall_results.json,False
starVLA,ervla_v5_gr00t_actiononly_s43,GR00T/other-backbone,43,libero-plus,libero-plus/libero_goal,libero_goal,,1000,721,0.72100000,0.01418305,,/e/project1/m3/blank4/code/starVLA/playground/Checkpoints/ervla_v5_gr00t_actiononly_s43/results/libero-plus/libero_goal/overall_results.json,False
starVLA,ervla_v5_gr00t_actiononly_s43,GR00T/other-backbone,43,libero-plus,libero-plus/libero_object,libero_object,,1000,827,0.82700000,0.01196123,,/e/project1/m3/blank4/code/starVLA/playground/Checkpoints/ervla_v5_gr00t_actiononly_s43/results/libero-plus/libero_object/overall_results.json,False
starVLA,ervla_v5_gr00t_actiononly_s43,GR00T/other-backbone,43,libero-plus,libero-plus/libero_spatial,libero_spatial,,1000,760,0.76000000,0.01350555,,/e/project1/m3/blank4/code/starVLA/playground/Checkpoints/ervla_v5_gr00t_actiononly_s43/results/libero-plus/libero_spatial/overall_results.json,False
starVLA,ervla_v5_gr00t_traceloop_1pass_noz_all_s42,CoT-trace,42,libero-plus,libero-plus,libero_10,,1000,636,0.63600000,0.01521526,,/e/project1/m3/blank4/code/starVLA/playground/Checkpoints/ervla_v5_gr00t_traceloop_1pass_noz_all_s42/results/libero-plus/overall_results.json,True
starVLA,ervla_v5_gr00t_traceloop_1pass_noz_all_s42,CoT-trace,42,libero-plus,libero-plus,libero_goal,,1000,718,0.71800000,0.01422941,,/e/project1/m3/blank4/code/starVLA/playground/Checkpoints/ervla_v5_gr00t_traceloop_1pass_noz_all_s42/results/libero-plus/overall_results.json,True
starVLA,ervla_v5_gr00t_traceloop_1pass_noz_all_s42,CoT-trace,42,libero-plus,libero-plus,libero_object,,1000,818,0.81800000,0.01220148,,/e/project1/m3/blank4/code/starVLA/playground/Checkpoints/ervla_v5_gr00t_traceloop_1pass_noz_all_s42/results/libero-plus/overall_results.json,True
starVLA,ervla_v5_gr00t_traceloop_1pass_noz_all_s42,CoT-trace,42,libero-plus,libero-plus,libero_spatial,,1000,772,0.77200000,0.01326710,,/e/project1/m3/blank4/code/starVLA/playground/Checkpoints/ervla_v5_gr00t_traceloop_1pass_noz_all_s42/results/libero-plus/overall_results.json,True
starVLA,ervla_v5_gr00t_traceloop_1pass_noz_all_s42,CoT-trace,42,libero-plus,libero-plus/libero_10,libero_10,,1000,636,0.63600000,0.01521526,,/e/project1/m3/blank4/code/starVLA/playground/Checkpoints/ervla_v5_gr00t_traceloop_1pass_noz_all_s42/results/libero-plus/libero_10/overall_results.json,False
starVLA,ervla_v5_gr00t_traceloop_1pass_noz_all_s42,CoT-trace,42,libero-plus,libero-plus/libero_goal,libero_goal,,1000,718,0.71800000,0.01422941,,/e/project1/m3/blank4/code/starVLA/playground/Checkpoints/ervla_v5_gr00t_traceloop_1pass_noz_all_s42/results/libero-plus/libero_goal/overall_results.json,False
starVLA,ervla_v5_gr00t_traceloop_1pass_noz_all_s42,CoT-trace,42,libero-plus,libero-plus/libero_object,libero_object,,1000,818,0.81800000,0.01220148,,/e/project1/m3/blank4/code/starVLA/playground/Checkpoints/ervla_v5_gr00t_traceloop_1pass_noz_all_s42/results/libero-plus/libero_object/overall_results.json,False
starVLA,ervla_v5_gr00t_traceloop_1pass_noz_all_s42,CoT-trace,42,libero-plus,libero-plus/libero_spatial,libero_spatial,,1000,772,0.77200000,0.01326710,,/e/project1/m3/blank4/code/starVLA/playground/Checkpoints/ervla_v5_gr00t_traceloop_1pass_noz_all_s42/results/libero-plus/libero_spatial/overall_results.json,False
starVLA,ervla_v5_gr00t_traceloop_1pass_noz_all_s43,CoT-trace,43,libero-plus,libero-plus,libero_10,,1000,628,0.62800000,0.01528450,,/e/project1/m3/blank4/code/starVLA/playground/Checkpoints/ervla_v5_gr00t_traceloop_1pass_noz_all_s43/results/libero-plus/overall_results.json,True
starVLA,ervla_v5_gr00t_traceloop_1pass_noz_all_s43,CoT-trace,43,libero-plus,libero-plus,libero_goal,,1000,748,0.74800000,0.01372938,,/e/project1/m3/blank4/code/starVLA/playground/Checkpoints/ervla_v5_gr00t_traceloop_1pass_noz_all_s43/results/libero-plus/overall_results.json,True
starVLA,ervla_v5_gr00t_traceloop_1pass_noz_all_s43,CoT-trace,43,libero-plus,libero-plus,libero_object,,1000,845,0.84500000,0.01144443,,/e/project1/m3/blank4/code/starVLA/playground/Checkpoints/ervla_v5_gr00t_traceloop_1pass_noz_all_s43/results/libero-plus/overall_results.json,True
starVLA,ervla_v5_gr00t_traceloop_1pass_noz_all_s43,CoT-trace,43,libero-plus,libero-plus,libero_spatial,,1000,765,0.76500000,0.01340802,,/e/project1/m3/blank4/code/starVLA/playground/Checkpoints/ervla_v5_gr00t_traceloop_1pass_noz_all_s43/results/libero-plus/overall_results.json,True
starVLA,ervla_v5_gr00t_traceloop_1pass_noz_all_s43,CoT-trace,43,libero-plus,libero-plus/libero_10,libero_10,,1000,628,0.62800000,0.01528450,,/e/project1/m3/blank4/code/starVLA/playground/Checkpoints/ervla_v5_gr00t_traceloop_1pass_noz_all_s43/results/libero-plus/libero_10/overall_results.json,False
starVLA,ervla_v5_gr00t_traceloop_1pass_noz_all_s43,CoT-trace,43,libero-plus,libero-plus/libero_goal,libero_goal,,1000,748,0.74800000,0.01372938,,/e/project1/m3/blank4/code/starVLA/playground/Checkpoints/ervla_v5_gr00t_traceloop_1pass_noz_all_s43/results/libero-plus/libero_goal/overall_results.json,False
starVLA,ervla_v5_gr00t_traceloop_1pass_noz_all_s43,CoT-trace,43,libero-plus,libero-plus/libero_object,libero_object,,1000,845,0.84500000,0.01144443,,/e/project1/m3/blank4/code/starVLA/playground/Checkpoints/ervla_v5_gr00t_traceloop_1pass_noz_all_s43/results/libero-plus/libero_object/overall_results.json,False
starVLA,ervla_v5_gr00t_traceloop_1pass_noz_all_s43,CoT-trace,43,libero-plus,libero-plus/libero_spatial,libero_spatial,,1000,765,0.76500000,0.01340802,,/e/project1/m3/blank4/code/starVLA/playground/Checkpoints/ervla_v5_gr00t_traceloop_1pass_noz_all_s43/results/libero-plus/libero_spatial/overall_results.json,False
starVLA,ervla_v5_gr00t_traceloop_2pass_noz_null_all_s42,CoT-trace,42,libero-plus,libero-plus,libero_10,,1000,608,0.60800000,0.01543813,,/e/project1/m3/blank4/code/starVLA/playground/Checkpoints/ervla_v5_gr00t_traceloop_2pass_noz_null_all_s42/results/libero-plus/overall_results.json,True
starVLA,ervla_v5_gr00t_traceloop_2pass_noz_null_all_s42,CoT-trace,42,libero-plus,libero-plus,libero_goal,,1000,732,0.73200000,0.01400628,,/e/project1/m3/blank4/code/starVLA/playground/Checkpoints/ervla_v5_gr00t_traceloop_2pass_noz_null_all_s42/results/libero-plus/overall_results.json,True
starVLA,ervla_v5_gr00t_traceloop_2pass_noz_null_all_s42,CoT-trace,42,libero-plus,libero-plus,libero_object,,1000,811,0.81100000,0.01238059,,/e/project1/m3/blank4/code/starVLA/playground/Checkpoints/ervla_v5_gr00t_traceloop_2pass_noz_null_all_s42/results/libero-plus/overall_results.json,True
starVLA,ervla_v5_gr00t_traceloop_2pass_noz_null_all_s42,CoT-trace,42,libero-plus,libero-plus,libero_spatial,,1000,734,0.73400000,0.01397297,,/e/project1/m3/blank4/code/starVLA/playground/Checkpoints/ervla_v5_gr00t_traceloop_2pass_noz_null_all_s42/results/libero-plus/overall_results.json,True
starVLA,ervla_v5_gr00t_traceloop_2pass_noz_null_all_s42,CoT-trace,42,libero-plus,libero-plus/libero_10,libero_10,,1000,608,0.60800000,0.01543813,,/e/project1/m3/blank4/code/starVLA/playground/Checkpoints/ervla_v5_gr00t_traceloop_2pass_noz_null_all_s42/results/libero-plus/libero_10/overall_results.json,False
starVLA,ervla_v5_gr00t_traceloop_2pass_noz_null_all_s42,CoT-trace,42,libero-plus,libero-plus/libero_goal,libero_goal,,1000,732,0.73200000,0.01400628,,/e/project1/m3/blank4/code/starVLA/playground/Checkpoints/ervla_v5_gr00t_traceloop_2pass_noz_null_all_s42/results/libero-plus/libero_goal/overall_results.json,False
starVLA,ervla_v5_gr00t_traceloop_2pass_noz_null_all_s42,CoT-trace,42,libero-plus,libero-plus/libero_object,libero_object,,1000,811,0.81100000,0.01238059,,/e/project1/m3/blank4/code/starVLA/playground/Checkpoints/ervla_v5_gr00t_traceloop_2pass_noz_null_all_s42/results/libero-plus/libero_object/overall_results.json,False
starVLA,ervla_v5_gr00t_traceloop_2pass_noz_null_all_s42,CoT-trace,42,libero-plus,libero-plus/libero_spatial,libero_spatial,,1000,734,0.73400000,0.01397297,,/e/project1/m3/blank4/code/starVLA/playground/Checkpoints/ervla_v5_gr00t_traceloop_2pass_noz_null_all_s42/results/libero-plus/libero_spatial/overall_results.json,False
starVLA,ervla_v5_gr00t_traceloop_2pass_noz_null_all_s43,CoT-trace,43,libero-plus,libero-plus,libero_10,,1000,629,0.62900000,0.01527609,,/e/project1/m3/blank4/code/starVLA/playground/Checkpoints/ervla_v5_gr00t_traceloop_2pass_noz_null_all_s43/results/libero-plus/overall_results.json,True
starVLA,ervla_v5_gr00t_traceloop_2pass_noz_null_all_s43,CoT-trace,43,libero-plus,libero-plus,libero_goal,,1000,733,0.73300000,0.01398967,,/e/project1/m3/blank4/code/starVLA/playground/Checkpoints/ervla_v5_gr00t_traceloop_2pass_noz_null_all_s43/results/libero-plus/overall_results.json,True
starVLA,ervla_v5_gr00t_traceloop_2pass_noz_null_all_s43,CoT-trace,43,libero-plus,libero-plus,libero_object,,1000,790,0.79000000,0.01288022,,/e/project1/m3/blank4/code/starVLA/playground/Checkpoints/ervla_v5_gr00t_traceloop_2pass_noz_null_all_s43/results/libero-plus/overall_results.json,True
starVLA,ervla_v5_gr00t_traceloop_2pass_noz_null_all_s43,CoT-trace,43,libero-plus,libero-plus,libero_spatial,,1000,764,0.76400000,0.01342773,,/e/project1/m3/blank4/code/starVLA/playground/Checkpoints/ervla_v5_gr00t_traceloop_2pass_noz_null_all_s43/results/libero-plus/overall_results.json,True
starVLA,ervla_v5_gr00t_traceloop_2pass_noz_null_all_s43,CoT-trace,43,libero-plus,libero-plus/libero_10,libero_10,,1000,629,0.62900000,0.01527609,,/e/project1/m3/blank4/code/starVLA/playground/Checkpoints/ervla_v5_gr00t_traceloop_2pass_noz_null_all_s43/results/libero-plus/libero_10/overall_results.json,False
starVLA,ervla_v5_gr00t_traceloop_2pass_noz_null_all_s43,CoT-trace,43,libero-plus,libero-plus/libero_goal,libero_goal,,1000,733,0.73300000,0.01398967,,/e/project1/m3/blank4/code/starVLA/playground/Checkpoints/ervla_v5_gr00t_traceloop_2pass_noz_null_all_s43/results/libero-plus/libero_goal/overall_results.json,False
starVLA,ervla_v5_gr00t_traceloop_2pass_noz_null_all_s43,CoT-trace,43,libero-plus,libero-plus/libero_object,libero_object,,1000,790,0.79000000,0.01288022,,/e/project1/m3/blank4/code/starVLA/playground/Checkpoints/ervla_v5_gr00t_traceloop_2pass_noz_null_all_s43/results/libero-plus/libero_object/overall_results.json,False
starVLA,ervla_v5_gr00t_traceloop_2pass_noz_null_all_s43,CoT-trace,43,libero-plus,libero-plus/libero_spatial,libero_spatial,,1000,764,0.76400000,0.01342773,,/e/project1/m3/blank4/code/starVLA/playground/Checkpoints/ervla_v5_gr00t_traceloop_2pass_noz_null_all_s43/results/libero-plus/libero_spatial/overall_results.json,False
starVLA,ervla_v5_gr00t_traceloop_2pass_noz_pred_all_s42,CoT-trace,42,libero-plus,libero-plus,libero_10,,1000,651,0.65100000,0.01507312,,/e/project1/m3/blank4/code/starVLA/playground/Checkpoints/ervla_v5_gr00t_traceloop_2pass_noz_pred_all_s42/results/libero-plus/overall_results.json,True
starVLA,ervla_v5_gr00t_traceloop_2pass_noz_pred_all_s42,CoT-trace,42,libero-plus,libero-plus,libero_goal,,1000,736,0.73600000,0.01393930,,/e/project1/m3/blank4/code/starVLA/playground/Checkpoints/ervla_v5_gr00t_traceloop_2pass_noz_pred_all_s42/results/libero-plus/overall_results.json,True
starVLA,ervla_v5_gr00t_traceloop_2pass_noz_pred_all_s42,CoT-trace,42,libero-plus,libero-plus,libero_object,,1000,829,0.82900000,0.01190626,,/e/project1/m3/blank4/code/starVLA/playground/Checkpoints/ervla_v5_gr00t_traceloop_2pass_noz_pred_all_s42/results/libero-plus/overall_results.json,True
starVLA,ervla_v5_gr00t_traceloop_2pass_noz_pred_all_s42,CoT-trace,42,libero-plus,libero-plus,libero_spatial,,1000,763,0.76300000,0.01344734,,/e/project1/m3/blank4/code/starVLA/playground/Checkpoints/ervla_v5_gr00t_traceloop_2pass_noz_pred_all_s42/results/libero-plus/overall_results.json,True
starVLA,ervla_v5_gr00t_traceloop_2pass_noz_pred_all_s42,CoT-trace,42,libero-plus,libero-plus/libero_10,libero_10,,1000,651,0.65100000,0.01507312,,/e/project1/m3/blank4/code/starVLA/playground/Checkpoints/ervla_v5_gr00t_traceloop_2pass_noz_pred_all_s42/results/libero-plus/libero_10/overall_results.json,False
starVLA,ervla_v5_gr00t_traceloop_2pass_noz_pred_all_s42,CoT-trace,42,libero-plus,libero-plus/libero_goal,libero_goal,,1000,736,0.73600000,0.01393930,,/e/project1/m3/blank4/code/starVLA/playground/Checkpoints/ervla_v5_gr00t_traceloop_2pass_noz_pred_all_s42/results/libero-plus/libero_goal/overall_results.json,False
starVLA,ervla_v5_gr00t_traceloop_2pass_noz_pred_all_s42,CoT-trace,42,libero-plus,libero-plus/libero_object,libero_object,,1000,829,0.82900000,0.01190626,,/e/project1/m3/blank4/code/starVLA/playground/Checkpoints/ervla_v5_gr00t_traceloop_2pass_noz_pred_all_s42/results/libero-plus/libero_object/overall_results.json,False
starVLA,ervla_v5_gr00t_traceloop_2pass_noz_pred_all_s42,CoT-trace,42,libero-plus,libero-plus/libero_spatial,libero_spatial,,1000,763,0.76300000,0.01344734,,/e/project1/m3/blank4/code/starVLA/playground/Checkpoints/ervla_v5_gr00t_traceloop_2pass_noz_pred_all_s42/results/libero-plus/libero_spatial/overall_results.json,False
starVLA,ervla_v5_gr00t_traceloop_2pass_noz_pred_all_s43,CoT-trace,43,libero-plus,libero-plus,libero_10,,1000,601,0.60100000,0.01548544,,/e/project1/m3/blank4/code/starVLA/playground/Checkpoints/ervla_v5_gr00t_traceloop_2pass_noz_pred_all_s43/results/libero-plus/overall_results.json,True
starVLA,ervla_v5_gr00t_traceloop_2pass_noz_pred_all_s43,CoT-trace,43,libero-plus,libero-plus,libero_goal,,1000,735,0.73500000,0.01395618,,/e/project1/m3/blank4/code/starVLA/playground/Checkpoints/ervla_v5_gr00t_traceloop_2pass_noz_pred_all_s43/results/libero-plus/overall_results.json,True
starVLA,ervla_v5_gr00t_traceloop_2pass_noz_pred_all_s43,CoT-trace,43,libero-plus,libero-plus,libero_object,,1000,806,0.80600000,0.01250456,,/e/project1/m3/blank4/code/starVLA/playground/Checkpoints/ervla_v5_gr00t_traceloop_2pass_noz_pred_all_s43/results/libero-plus/overall_results.json,True
starVLA,ervla_v5_gr00t_traceloop_2pass_noz_pred_all_s43,CoT-trace,43,libero-plus,libero-plus,libero_spatial,,1000,759,0.75900000,0.01352476,,/e/project1/m3/blank4/code/starVLA/playground/Checkpoints/ervla_v5_gr00t_traceloop_2pass_noz_pred_all_s43/results/libero-plus/overall_results.json,True
starVLA,ervla_v5_gr00t_traceloop_2pass_noz_pred_all_s43,CoT-trace,43,libero-plus,libero-plus/libero_10,libero_10,,1000,601,0.60100000,0.01548544,,/e/project1/m3/blank4/code/starVLA/playground/Checkpoints/ervla_v5_gr00t_traceloop_2pass_noz_pred_all_s43/results/libero-plus/libero_10/overall_results.json,False
starVLA,ervla_v5_gr00t_traceloop_2pass_noz_pred_all_s43,CoT-trace,43,libero-plus,libero-plus/libero_goal,libero_goal,,1000,735,0.73500000,0.01395618,,/e/project1/m3/blank4/code/starVLA/playground/Checkpoints/ervla_v5_gr00t_traceloop_2pass_noz_pred_all_s43/results/libero-plus/libero_goal/overall_results.json,False
starVLA,ervla_v5_gr00t_traceloop_2pass_noz_pred_all_s43,CoT-trace,43,libero-plus,libero-plus/libero_object,libero_object,,1000,806,0.80600000,0.01250456,,/e/project1/m3/blank4/code/starVLA/playground/Checkpoints/ervla_v5_gr00t_traceloop_2pass_noz_pred_all_s43/results/libero-plus/libero_object/overall_results.json,False
starVLA,ervla_v5_gr00t_traceloop_2pass_noz_pred_all_s43,CoT-trace,43,libero-plus,libero-plus/libero_spatial,libero_spatial,,1000,759,0.75900000,0.01352476,,/e/project1/m3/blank4/code/starVLA/playground/Checkpoints/ervla_v5_gr00t_traceloop_2pass_noz_pred_all_s43/results/libero-plus/libero_spatial/overall_results.json,False
starVLA,ervla_v5_pi_actiononly_pifix_aug_s42,encoder,42,libero-plus,libero-plus,libero_10,,1000,662,0.66200000,0.01495848,,/e/project1/m3/blank4/code/starVLA/playground/Checkpoints/ervla_v5_pi_actiononly_pifix_aug_s42/results/libero-plus/overall_results.json,True
starVLA,ervla_v5_pi_actiononly_pifix_aug_s42,encoder,42,libero-plus,libero-plus,libero_goal,,1000,735,0.73500000,0.01395618,,/e/project1/m3/blank4/code/starVLA/playground/Checkpoints/ervla_v5_pi_actiononly_pifix_aug_s42/results/libero-plus/overall_results.json,True
starVLA,ervla_v5_pi_actiononly_pifix_aug_s42,encoder,42,libero-plus,libero-plus,libero_object,,1000,837,0.83700000,0.01168037,,/e/project1/m3/blank4/code/starVLA/playground/Checkpoints/ervla_v5_pi_actiononly_pifix_aug_s42/results/libero-plus/overall_results.json,True
starVLA,ervla_v5_pi_actiononly_pifix_aug_s42,encoder,42,libero-plus,libero-plus,libero_spatial,,1000,758,0.75800000,0.01354385,,/e/project1/m3/blank4/code/starVLA/playground/Checkpoints/ervla_v5_pi_actiononly_pifix_aug_s42/results/libero-plus/overall_results.json,True
starVLA,ervla_v5_pi_actiononly_pifix_aug_s42,encoder,42,libero-plus,libero-plus/libero_10,libero_10,,1000,662,0.66200000,0.01495848,,/e/project1/m3/blank4/code/starVLA/playground/Checkpoints/ervla_v5_pi_actiononly_pifix_aug_s42/results/libero-plus/libero_10/overall_results.json,False
starVLA,ervla_v5_pi_actiononly_pifix_aug_s42,encoder,42,libero-plus,libero-plus/libero_goal,libero_goal,,1000,735,0.73500000,0.01395618,,/e/project1/m3/blank4/code/starVLA/playground/Checkpoints/ervla_v5_pi_actiononly_pifix_aug_s42/results/libero-plus/libero_goal/overall_results.json,False
starVLA,ervla_v5_pi_actiononly_pifix_aug_s42,encoder,42,libero-plus,libero-plus/libero_object,libero_object,,1000,837,0.83700000,0.01168037,,/e/project1/m3/blank4/code/starVLA/playground/Checkpoints/ervla_v5_pi_actiononly_pifix_aug_s42/results/libero-plus/libero_object/overall_results.json,False
starVLA,ervla_v5_pi_actiononly_pifix_aug_s42,encoder,42,libero-plus,libero-plus/libero_spatial,libero_spatial,,1000,758,0.75800000,0.01354385,,/e/project1/m3/blank4/code/starVLA/playground/Checkpoints/ervla_v5_pi_actiononly_pifix_aug_s42/results/libero-plus/libero_spatial/overall_results.json,False
starVLA,ervla_v5_pi_actiononly_pifix_aug_s43,encoder,43,libero-plus,libero-plus,libero_10,,1000,605,0.60500000,0.01545882,,/e/project1/m3/blank4/code/starVLA/playground/Checkpoints/ervla_v5_pi_actiononly_pifix_aug_s43/results/libero-plus/overall_results.json,True
starVLA,ervla_v5_pi_actiononly_pifix_aug_s43,encoder,43,libero-plus,libero-plus,libero_goal,,1000,731,0.73100000,0.01402280,,/e/project1/m3/blank4/code/starVLA/playground/Checkpoints/ervla_v5_pi_actiononly_pifix_aug_s43/results/libero-plus/overall_results.json,True
starVLA,ervla_v5_pi_actiononly_pifix_aug_s43,encoder,43,libero-plus,libero-plus,libero_object,,1000,809,0.80900000,0.01243057,,/e/project1/m3/blank4/code/starVLA/playground/Checkpoints/ervla_v5_pi_actiononly_pifix_aug_s43/results/libero-plus/overall_results.json,True
starVLA,ervla_v5_pi_actiononly_pifix_aug_s43,encoder,43,libero-plus,libero-plus,libero_spatial,,1000,736,0.73600000,0.01393930,,/e/project1/m3/blank4/code/starVLA/playground/Checkpoints/ervla_v5_pi_actiononly_pifix_aug_s43/results/libero-plus/overall_results.json,True
starVLA,ervla_v5_pi_actiononly_pifix_aug_s43,encoder,43,libero-plus,libero-plus/libero_10,libero_10,,1000,605,0.60500000,0.01545882,,/e/project1/m3/blank4/code/starVLA/playground/Checkpoints/ervla_v5_pi_actiononly_pifix_aug_s43/results/libero-plus/libero_10/overall_results.json,False
starVLA,ervla_v5_pi_actiononly_pifix_aug_s43,encoder,43,libero-plus,libero-plus/libero_goal,libero_goal,,1000,731,0.73100000,0.01402280,,/e/project1/m3/blank4/code/starVLA/playground/Checkpoints/ervla_v5_pi_actiononly_pifix_aug_s43/results/libero-plus/libero_goal/overall_results.json,False
starVLA,ervla_v5_pi_actiononly_pifix_aug_s43,encoder,43,libero-plus,libero-plus/libero_object,libero_object,,1000,809,0.80900000,0.01243057,,/e/project1/m3/blank4/code/starVLA/playground/Checkpoints/ervla_v5_pi_actiononly_pifix_aug_s43/results/libero-plus/libero_object/overall_results.json,False
starVLA,ervla_v5_pi_actiononly_pifix_aug_s43,encoder,43,libero-plus,libero-plus/libero_spatial,libero_spatial,,1000,736,0.73600000,0.01393930,,/e/project1/m3/blank4/code/starVLA/playground/Checkpoints/ervla_v5_pi_actiononly_pifix_aug_s43/results/libero-plus/libero_spatial/overall_results.json,False
starVLA,ervla_v5_pi_actiononly_pifix_s42,encoder,42,libero-plus,libero-plus,libero_10,,1000,656,0.65600000,0.01502212,,/e/project1/m3/blank4/code/starVLA/playground/Checkpoints/ervla_v5_pi_actiononly_pifix_s42/results/libero-plus/overall_results.json,True
starVLA,ervla_v5_pi_actiononly_pifix_s42,encoder,42,libero-plus,libero-plus,libero_goal,,1000,720,0.72000000,0.01419859,,/e/project1/m3/blank4/code/starVLA/playground/Checkpoints/ervla_v5_pi_actiononly_pifix_s42/results/libero-plus/overall_results.json,True
starVLA,ervla_v5_pi_actiononly_pifix_s42,encoder,42,libero-plus,libero-plus,libero_object,,1000,805,0.80500000,0.01252897,,/e/project1/m3/blank4/code/starVLA/playground/Checkpoints/ervla_v5_pi_actiononly_pifix_s42/results/libero-plus/overall_results.json,True
starVLA,ervla_v5_pi_actiononly_pifix_s42,encoder,42,libero-plus,libero-plus,libero_spatial,,1000,734,0.73400000,0.01397297,,/e/project1/m3/blank4/code/starVLA/playground/Checkpoints/ervla_v5_pi_actiononly_pifix_s42/results/libero-plus/overall_results.json,True
starVLA,ervla_v5_pi_actiononly_pifix_s42,encoder,42,libero-plus,libero-plus/libero_10,libero_10,,1000,656,0.65600000,0.01502212,,/e/project1/m3/blank4/code/starVLA/playground/Checkpoints/ervla_v5_pi_actiononly_pifix_s42/results/libero-plus/libero_10/overall_results.json,False
starVLA,ervla_v5_pi_actiononly_pifix_s42,encoder,42,libero-plus,libero-plus/libero_goal,libero_goal,,1000,720,0.72000000,0.01419859,,/e/project1/m3/blank4/code/starVLA/playground/Checkpoints/ervla_v5_pi_actiononly_pifix_s42/results/libero-plus/libero_goal/overall_results.json,False
starVLA,ervla_v5_pi_actiononly_pifix_s42,encoder,42,libero-plus,libero-plus/libero_object,libero_object,,1000,805,0.80500000,0.01252897,,/e/project1/m3/blank4/code/starVLA/playground/Checkpoints/ervla_v5_pi_actiononly_pifix_s42/results/libero-plus/libero_object/overall_results.json,False
starVLA,ervla_v5_pi_actiononly_pifix_s42,encoder,42,libero-plus,libero-plus/libero_spatial,libero_spatial,,1000,734,0.73400000,0.01397297,,/e/project1/m3/blank4/code/starVLA/playground/Checkpoints/ervla_v5_pi_actiononly_pifix_s42/results/libero-plus/libero_spatial/overall_results.json,False
starVLA,ervla_v5_pi_actiononly_pifix_s43,encoder,43,libero-plus,libero-plus,libero_10,,1000,671,0.67100000,0.01485796,,/e/project1/m3/blank4/code/starVLA/playground/Checkpoints/ervla_v5_pi_actiononly_pifix_s43/results/libero-plus/overall_results.json,True
starVLA,ervla_v5_pi_actiononly_pifix_s43,encoder,43,libero-plus,libero-plus,libero_goal,,1000,727,0.72700000,0.01408797,,/e/project1/m3/blank4/code/starVLA/playground/Checkpoints/ervla_v5_pi_actiononly_pifix_s43/results/libero-plus/overall_results.json,True
starVLA,ervla_v5_pi_actiononly_pifix_s43,encoder,43,libero-plus,libero-plus,libero_object,,1000,808,0.80800000,0.01245536,,/e/project1/m3/blank4/code/starVLA/playground/Checkpoints/ervla_v5_pi_actiononly_pifix_s43/results/libero-plus/overall_results.json,True
starVLA,ervla_v5_pi_actiononly_pifix_s43,encoder,43,libero-plus,libero-plus,libero_spatial,,1000,729,0.72900000,0.01405557,,/e/project1/m3/blank4/code/starVLA/playground/Checkpoints/ervla_v5_pi_actiononly_pifix_s43/results/libero-plus/overall_results.json,True
starVLA,ervla_v5_pi_actiononly_pifix_s43,encoder,43,libero-plus,libero-plus/libero_10,libero_10,,1000,671,0.67100000,0.01485796,,/e/project1/m3/blank4/code/starVLA/playground/Checkpoints/ervla_v5_pi_actiononly_pifix_s43/results/libero-plus/libero_10/overall_results.json,False
starVLA,ervla_v5_pi_actiononly_pifix_s43,encoder,43,libero-plus,libero-plus/libero_goal,libero_goal,,1000,727,0.72700000,0.01408797,,/e/project1/m3/blank4/code/starVLA/playground/Checkpoints/ervla_v5_pi_actiononly_pifix_s43/results/libero-plus/libero_goal/overall_results.json,False
starVLA,ervla_v5_pi_actiononly_pifix_s43,encoder,43,libero-plus,libero-plus/libero_object,libero_object,,1000,808,0.80800000,0.01245536,,/e/project1/m3/blank4/code/starVLA/playground/Checkpoints/ervla_v5_pi_actiononly_pifix_s43/results/libero-plus/libero_object/overall_results.json,False
starVLA,ervla_v5_pi_actiononly_pifix_s43,encoder,43,libero-plus,libero-plus/libero_spatial,libero_spatial,,1000,729,0.72900000,0.01405557,,/e/project1/m3/blank4/code/starVLA/playground/Checkpoints/ervla_v5_pi_actiononly_pifix_s43/results/libero-plus/libero_spatial/overall_results.json,False
starVLA,ervla_v5_pi_actiononly_pifix_vlmlr1e6_s4,encoder,4,libero-plus,libero-plus,libero_10,,1000,371,0.37100000,0.01527609,,/e/project1/m3/blank4/code/starVLA/playground/Checkpoints/ervla_v5_pi_actiononly_pifix_vlmlr1e6_s4/results/libero-plus/overall_results.json,True
starVLA,ervla_v5_pi_actiononly_pifix_vlmlr1e6_s4,encoder,4,libero-plus,libero-plus,libero_goal,,1000,544,0.54400000,0.01575005,,/e/project1/m3/blank4/code/starVLA/playground/Checkpoints/ervla_v5_pi_actiononly_pifix_vlmlr1e6_s4/results/libero-plus/overall_results.json,True
starVLA,ervla_v5_pi_actiononly_pifix_vlmlr1e6_s4,encoder,4,libero-plus,libero-plus,libero_object,,1000,658,0.65800000,0.01500120,,/e/project1/m3/blank4/code/starVLA/playground/Checkpoints/ervla_v5_pi_actiononly_pifix_vlmlr1e6_s4/results/libero-plus/overall_results.json,True
starVLA,ervla_v5_pi_actiononly_pifix_vlmlr1e6_s4,encoder,4,libero-plus,libero-plus,libero_spatial,,1000,615,0.61500000,0.01538749,,/e/project1/m3/blank4/code/starVLA/playground/Checkpoints/ervla_v5_pi_actiononly_pifix_vlmlr1e6_s4/results/libero-plus/overall_results.json,True
starVLA,ervla_v5_pi_actiononly_pifix_vlmlr1e6_s4,encoder,4,libero-plus,libero-plus/libero_10,libero_10,,1000,371,0.37100000,0.01527609,,/e/project1/m3/blank4/code/starVLA/playground/Checkpoints/ervla_v5_pi_actiononly_pifix_vlmlr1e6_s4/results/libero-plus/libero_10/overall_results.json,False
starVLA,ervla_v5_pi_actiononly_pifix_vlmlr1e6_s4,encoder,4,libero-plus,libero-plus/libero_goal,libero_goal,,1000,544,0.54400000,0.01575005,,/e/project1/m3/blank4/code/starVLA/playground/Checkpoints/ervla_v5_pi_actiononly_pifix_vlmlr1e6_s4/results/libero-plus/libero_goal/overall_results.json,False
starVLA,ervla_v5_pi_actiononly_pifix_vlmlr1e6_s4,encoder,4,libero-plus,libero-plus/libero_object,libero_object,,1000,658,0.65800000,0.01500120,,/e/project1/m3/blank4/code/starVLA/playground/Checkpoints/ervla_v5_pi_actiononly_pifix_vlmlr1e6_s4/results/libero-plus/libero_object/overall_results.json,False
starVLA,ervla_v5_pi_actiononly_pifix_vlmlr1e6_s4,encoder,4,libero-plus,libero-plus/libero_spatial,libero_spatial,,1000,615,0.61500000,0.01538749,,/e/project1/m3/blank4/code/starVLA/playground/Checkpoints/ervla_v5_pi_actiononly_pifix_vlmlr1e6_s4/results/libero-plus/libero_spatial/overall_results.json,False
starVLA,ervla_v5_pi_actiononly_pifix_vlmlr1e6_s42,encoder,42,libero-plus,libero-plus,libero_10,,1000,439,0.43900000,0.01569328,,/e/project1/m3/blank4/code/starVLA/playground/Checkpoints/ervla_v5_pi_actiononly_pifix_vlmlr1e6_s42/results/libero-plus/overall_results.json,True
starVLA,ervla_v5_pi_actiononly_pifix_vlmlr1e6_s42,encoder,42,libero-plus,libero-plus,libero_goal,,1000,577,0.57700000,0.01562277,,/e/project1/m3/blank4/code/starVLA/playground/Checkpoints/ervla_v5_pi_actiononly_pifix_vlmlr1e6_s42/results/libero-plus/overall_results.json,True
starVLA,ervla_v5_pi_actiononly_pifix_vlmlr1e6_s42,encoder,42,libero-plus,libero-plus,libero_object,,1000,717,0.71700000,0.01424468,,/e/project1/m3/blank4/code/starVLA/playground/Checkpoints/ervla_v5_pi_actiononly_pifix_vlmlr1e6_s42/results/libero-plus/overall_results.json,True
starVLA,ervla_v5_pi_actiononly_pifix_vlmlr1e6_s42,encoder,42,libero-plus,libero-plus,libero_spatial,,1000,595,0.59500000,0.01552337,,/e/project1/m3/blank4/code/starVLA/playground/Checkpoints/ervla_v5_pi_actiononly_pifix_vlmlr1e6_s42/results/libero-plus/overall_results.json,True
starVLA,ervla_v5_pi_actiononly_pifix_vlmlr1e6_s42,encoder,42,libero-plus,libero-plus/libero_10,libero_10,,1000,439,0.43900000,0.01569328,,/e/project1/m3/blank4/code/starVLA/playground/Checkpoints/ervla_v5_pi_actiononly_pifix_vlmlr1e6_s42/results/libero-plus/libero_10/overall_results.json,False
starVLA,ervla_v5_pi_actiononly_pifix_vlmlr1e6_s42,encoder,42,libero-plus,libero-plus/libero_goal,libero_goal,,1000,577,0.57700000,0.01562277,,/e/project1/m3/blank4/code/starVLA/playground/Checkpoints/ervla_v5_pi_actiononly_pifix_vlmlr1e6_s42/results/libero-plus/libero_goal/overall_results.json,False
starVLA,ervla_v5_pi_actiononly_pifix_vlmlr1e6_s42,encoder,42,libero-plus,libero-plus/libero_object,libero_object,,1000,717,0.71700000,0.01424468,,/e/project1/m3/blank4/code/starVLA/playground/Checkpoints/ervla_v5_pi_actiononly_pifix_vlmlr1e6_s42/results/libero-plus/libero_object/overall_results.json,False
starVLA,ervla_v5_pi_actiononly_pifix_vlmlr1e6_s42,encoder,42,libero-plus,libero-plus/libero_spatial,libero_spatial,,1000,595,0.59500000,0.01552337,,/e/project1/m3/blank4/code/starVLA/playground/Checkpoints/ervla_v5_pi_actiononly_pifix_vlmlr1e6_s42/results/libero-plus/libero_spatial/overall_results.json,False
starVLA,ervla_v5_piv4_actiononly_s42,other,42,libero-plus,libero-plus,libero_10,,1000,657,0.65700000,0.01501170,,/e/project1/m3/blank4/code/starVLA/playground/Checkpoints/ervla_v5_piv4_actiononly_s42/results/libero-plus/overall_results.json,True
starVLA,ervla_v5_piv4_actiononly_s42,other,42,libero-plus,libero-plus,libero_goal,,1000,759,0.75900000,0.01352476,,/e/project1/m3/blank4/code/starVLA/playground/Checkpoints/ervla_v5_piv4_actiononly_s42/results/libero-plus/overall_results.json,True
starVLA,ervla_v5_piv4_actiononly_s42,other,42,libero-plus,libero-plus,libero_object,,1000,858,0.85800000,0.01103793,,/e/project1/m3/blank4/code/starVLA/playground/Checkpoints/ervla_v5_piv4_actiononly_s42/results/libero-plus/overall_results.json,True
starVLA,ervla_v5_piv4_actiononly_s42,other,42,libero-plus,libero-plus,libero_spatial,,1000,771,0.77100000,0.01328755,,/e/project1/m3/blank4/code/starVLA/playground/Checkpoints/ervla_v5_piv4_actiononly_s42/results/libero-plus/overall_results.json,True
starVLA,ervla_v5_piv4_actiononly_s42,other,42,libero-plus,libero-plus/libero_10,libero_10,,1000,657,0.65700000,0.01501170,,/e/project1/m3/blank4/code/starVLA/playground/Checkpoints/ervla_v5_piv4_actiononly_s42/results/libero-plus/libero_10/overall_results.json,False
starVLA,ervla_v5_piv4_actiononly_s42,other,42,libero-plus,libero-plus/libero_goal,libero_goal,,1000,759,0.75900000,0.01352476,,/e/project1/m3/blank4/code/starVLA/playground/Checkpoints/ervla_v5_piv4_actiononly_s42/results/libero-plus/libero_goal/overall_results.json,False
starVLA,ervla_v5_piv4_actiononly_s42,other,42,libero-plus,libero-plus/libero_object,libero_object,,1000,858,0.85800000,0.01103793,,/e/project1/m3/blank4/code/starVLA/playground/Checkpoints/ervla_v5_piv4_actiononly_s42/results/libero-plus/libero_object/overall_results.json,False
starVLA,ervla_v5_piv4_actiononly_s42,other,42,libero-plus,libero-plus/libero_spatial,libero_spatial,,1000,771,0.77100000,0.01328755,,/e/project1/m3/blank4/code/starVLA/playground/Checkpoints/ervla_v5_piv4_actiononly_s42/results/libero-plus/libero_spatial/overall_results.json,False
starVLA,ervla_v5_piv4_actiononly_s43,other,43,libero-plus,libero-plus,libero_10,,1000,688,0.68800000,0.01465114,,/e/project1/m3/blank4/code/starVLA/playground/Checkpoints/ervla_v5_piv4_actiononly_s43/results/libero-plus/overall_results.json,True
starVLA,ervla_v5_piv4_actiononly_s43,other,43,libero-plus,libero-plus,libero_goal,,1000,717,0.71700000,0.01424468,,/e/project1/m3/blank4/code/starVLA/playground/Checkpoints/ervla_v5_piv4_actiononly_s43/results/libero-plus/overall_results.json,True
starVLA,ervla_v5_piv4_actiononly_s43,other,43,libero-plus,libero-plus,libero_object,,1000,851,0.85100000,0.01126051,,/e/project1/m3/blank4/code/starVLA/playground/Checkpoints/ervla_v5_piv4_actiononly_s43/results/libero-plus/overall_results.json,True
starVLA,ervla_v5_piv4_actiononly_s43,other,43,libero-plus,libero-plus,libero_spatial,,1000,752,0.75200000,0.01365635,,/e/project1/m3/blank4/code/starVLA/playground/Checkpoints/ervla_v5_piv4_actiononly_s43/results/libero-plus/overall_results.json,True
starVLA,ervla_v5_piv4_actiononly_s43,other,43,libero-plus,libero-plus/libero_10,libero_10,,1000,688,0.68800000,0.01465114,,/e/project1/m3/blank4/code/starVLA/playground/Checkpoints/ervla_v5_piv4_actiononly_s43/results/libero-plus/libero_10/overall_results.json,False
starVLA,ervla_v5_piv4_actiononly_s43,other,43,libero-plus,libero-plus/libero_goal,libero_goal,,1000,717,0.71700000,0.01424468,,/e/project1/m3/blank4/code/starVLA/playground/Checkpoints/ervla_v5_piv4_actiononly_s43/results/libero-plus/libero_goal/overall_results.json,False
starVLA,ervla_v5_piv4_actiononly_s43,other,43,libero-plus,libero-plus/libero_object,libero_object,,1000,851,0.85100000,0.01126051,,/e/project1/m3/blank4/code/starVLA/playground/Checkpoints/ervla_v5_piv4_actiononly_s43/results/libero-plus/libero_object/overall_results.json,False
starVLA,ervla_v5_piv4_actiononly_s43,other,43,libero-plus,libero-plus/libero_spatial,libero_spatial,,1000,752,0.75200000,0.01365635,,/e/project1/m3/blank4/code/starVLA/playground/Checkpoints/ervla_v5_piv4_actiononly_s43/results/libero-plus/libero_spatial/overall_results.json,False
starVLA,ervla_v5aux_pi_actiononly_pifix_s42,other,42,libero-plus,libero-plus,libero_10,,1000,662,0.66200000,0.01495848,,/e/project1/m3/blank4/code/starVLA/playground/Checkpoints/ervla_v5aux_pi_actiononly_pifix_s42/results/libero-plus/overall_results.json,True
starVLA,ervla_v5aux_pi_actiononly_pifix_s42,other,42,libero-plus,libero-plus,libero_goal,,1000,704,0.70400000,0.01443551,,/e/project1/m3/blank4/code/starVLA/playground/Checkpoints/ervla_v5aux_pi_actiononly_pifix_s42/results/libero-plus/overall_results.json,True
starVLA,ervla_v5aux_pi_actiononly_pifix_s42,other,42,libero-plus,libero-plus,libero_object,,1000,771,0.77100000,0.01328755,,/e/project1/m3/blank4/code/starVLA/playground/Checkpoints/ervla_v5aux_pi_actiononly_pifix_s42/results/libero-plus/overall_results.json,True
starVLA,ervla_v5aux_pi_actiononly_pifix_s42,other,42,libero-plus,libero-plus,libero_spatial,,1000,746,0.74600000,0.01376532,,/e/project1/m3/blank4/code/starVLA/playground/Checkpoints/ervla_v5aux_pi_actiononly_pifix_s42/results/libero-plus/overall_results.json,True
starVLA,ervla_v5aux_pi_actiononly_pifix_s42,other,42,libero-plus,libero-plus/libero_10,libero_10,,1000,662,0.66200000,0.01495848,,/e/project1/m3/blank4/code/starVLA/playground/Checkpoints/ervla_v5aux_pi_actiononly_pifix_s42/results/libero-plus/libero_10/overall_results.json,False
starVLA,ervla_v5aux_pi_actiononly_pifix_s42,other,42,libero-plus,libero-plus/libero_goal,libero_goal,,1000,704,0.70400000,0.01443551,,/e/project1/m3/blank4/code/starVLA/playground/Checkpoints/ervla_v5aux_pi_actiononly_pifix_s42/results/libero-plus/libero_goal/overall_results.json,False
starVLA,ervla_v5aux_pi_actiononly_pifix_s42,other,42,libero-plus,libero-plus/libero_object,libero_object,,1000,771,0.77100000,0.01328755,,/e/project1/m3/blank4/code/starVLA/playground/Checkpoints/ervla_v5aux_pi_actiononly_pifix_s42/results/libero-plus/libero_object/overall_results.json,False
starVLA,ervla_v5aux_pi_actiononly_pifix_s42,other,42,libero-plus,libero-plus/libero_spatial,libero_spatial,,1000,746,0.74600000,0.01376532,,/e/project1/m3/blank4/code/starVLA/playground/Checkpoints/ervla_v5aux_pi_actiononly_pifix_s42/results/libero-plus/libero_spatial/overall_results.json,False
starVLA,ervla_v5aux_pi_actiononly_pifix_s43,other,43,libero-plus,libero-plus,libero_10,,1000,631,0.63100000,0.01525906,,/e/project1/m3/blank4/code/starVLA/playground/Checkpoints/ervla_v5aux_pi_actiononly_pifix_s43/results/libero-plus/overall_results.json,True
starVLA,ervla_v5aux_pi_actiononly_pifix_s43,other,43,libero-plus,libero-plus,libero_goal,,1000,712,0.71200000,0.01431978,,/e/project1/m3/blank4/code/starVLA/playground/Checkpoints/ervla_v5aux_pi_actiononly_pifix_s43/results/libero-plus/overall_results.json,True
starVLA,ervla_v5aux_pi_actiononly_pifix_s43,other,43,libero-plus,libero-plus,libero_object,,1000,790,0.79000000,0.01288022,,/e/project1/m3/blank4/code/starVLA/playground/Checkpoints/ervla_v5aux_pi_actiononly_pifix_s43/results/libero-plus/overall_results.json,True
starVLA,ervla_v5aux_pi_actiononly_pifix_s43,other,43,libero-plus,libero-plus,libero_spatial,,1000,755,0.75500000,0.01360055,,/e/project1/m3/blank4/code/starVLA/playground/Checkpoints/ervla_v5aux_pi_actiononly_pifix_s43/results/libero-plus/overall_results.json,True
starVLA,ervla_v5aux_pi_actiononly_pifix_s43,other,43,libero-plus,libero-plus/libero_10,libero_10,,1000,631,0.63100000,0.01525906,,/e/project1/m3/blank4/code/starVLA/playground/Checkpoints/ervla_v5aux_pi_actiononly_pifix_s43/results/libero-plus/libero_10/overall_results.json,False
starVLA,ervla_v5aux_pi_actiononly_pifix_s43,other,43,libero-plus,libero-plus/libero_goal,libero_goal,,1000,712,0.71200000,0.01431978,,/e/project1/m3/blank4/code/starVLA/playground/Checkpoints/ervla_v5aux_pi_actiononly_pifix_s43/results/libero-plus/libero_goal/overall_results.json,False
starVLA,ervla_v5aux_pi_actiononly_pifix_s43,other,43,libero-plus,libero-plus/libero_object,libero_object,,1000,790,0.79000000,0.01288022,,/e/project1/m3/blank4/code/starVLA/playground/Checkpoints/ervla_v5aux_pi_actiononly_pifix_s43/results/libero-plus/libero_object/overall_results.json,False
starVLA,ervla_v5aux_pi_actiononly_pifix_s43,other,43,libero-plus,libero-plus/libero_spatial,libero_spatial,,1000,755,0.75500000,0.01360055,,/e/project1/m3/blank4/code/starVLA/playground/Checkpoints/ervla_v5aux_pi_actiononly_pifix_s43/results/libero-plus/libero_spatial/overall_results.json,False
starVLA,ervla_v_pi_decoder_staged_cot,CoT-trace,42,libero-plus,libero-plus,libero_10,,1000,686,0.68600000,0.01467665,,/e/project1/m3/blank4/code/starVLA/playground/Checkpoints/ervla_v_pi_decoder_staged_cot/results/libero-plus/overall_results.json,True
starVLA,ervla_v_pi_decoder_staged_cot,CoT-trace,42,libero-plus,libero-plus,libero_goal,,1000,746,0.74600000,0.01376532,,/e/project1/m3/blank4/code/starVLA/playground/Checkpoints/ervla_v_pi_decoder_staged_cot/results/libero-plus/overall_results.json,True
starVLA,ervla_v_pi_decoder_staged_cot,CoT-trace,42,libero-plus,libero-plus,libero_object,,1000,804,0.80400000,0.01255325,,/e/project1/m3/blank4/code/starVLA/playground/Checkpoints/ervla_v_pi_decoder_staged_cot/results/libero-plus/overall_results.json,True
starVLA,ervla_v_pi_decoder_staged_cot,CoT-trace,42,libero-plus,libero-plus,libero_spatial,,1000,799,0.79900000,0.01267277,,/e/project1/m3/blank4/code/starVLA/playground/Checkpoints/ervla_v_pi_decoder_staged_cot/results/libero-plus/overall_results.json,True
starVLA,ervla_v_pi_decoder_staged_cot,CoT-trace,42,libero-plus,libero-plus/libero_10,libero_10,,1000,686,0.68600000,0.01467665,,/e/project1/m3/blank4/code/starVLA/playground/Checkpoints/ervla_v_pi_decoder_staged_cot/results/libero-plus/libero_10/overall_results.json,False
starVLA,ervla_v_pi_decoder_staged_cot,CoT-trace,42,libero-plus,libero-plus/libero_goal,libero_goal,,1000,746,0.74600000,0.01376532,,/e/project1/m3/blank4/code/starVLA/playground/Checkpoints/ervla_v_pi_decoder_staged_cot/results/libero-plus/libero_goal/overall_results.json,False
starVLA,ervla_v_pi_decoder_staged_cot,CoT-trace,42,libero-plus,libero-plus/libero_object,libero_object,,1000,804,0.80400000,0.01255325,,/e/project1/m3/blank4/code/starVLA/playground/Checkpoints/ervla_v_pi_decoder_staged_cot/results/libero-plus/libero_object/overall_results.json,False
starVLA,ervla_v_pi_decoder_staged_cot,CoT-trace,42,libero-plus,libero-plus/libero_spatial,libero_spatial,,1000,799,0.79900000,0.01267277,,/e/project1/m3/blank4/code/starVLA/playground/Checkpoints/ervla_v_pi_decoder_staged_cot/results/libero-plus/libero_spatial/overall_results.json,False
starVLA,ervla_w2_pi_encoder_actiononly_pifix_latent32,encoder,42,libero-plus,libero-plus,libero_10,,64,43,0.67187500,0.05869133,,/e/project1/m3/blank4/code/starVLA/playground/Checkpoints/ervla_w2_pi_encoder_actiononly_pifix_latent32/results/libero-plus/overall_results.json,False
starVLA,ervla_w2_pi_encoder_actiononly_pifix_latent32,encoder,42,libero-plus,libero-plus,libero_goal,,64,54,0.84375000,0.04538652,,/e/project1/m3/blank4/code/starVLA/playground/Checkpoints/ervla_w2_pi_encoder_actiononly_pifix_latent32/results/libero-plus/overall_results.json,False
starVLA,ervla_w2_pi_encoder_actiononly_pifix_latent32,encoder,42,libero-plus,libero-plus,libero_object,,64,50,0.78125000,0.05167483,,/e/project1/m3/blank4/code/starVLA/playground/Checkpoints/ervla_w2_pi_encoder_actiononly_pifix_latent32/results/libero-plus/overall_results.json,False
starVLA,ervla_w2_pi_encoder_actiononly_pifix_latent32,encoder,42,libero-plus,libero-plus,libero_spatial,,64,51,0.79687500,0.05029060,,/e/project1/m3/blank4/code/starVLA/playground/Checkpoints/ervla_w2_pi_encoder_actiononly_pifix_latent32/results/libero-plus/overall_results.json,False
starVLA,ervla_w2_pi_encoder_actiononly_pifix_latent32,encoder,42,libero-plus,libero-plus/libero_10,libero_10,,64,43,0.67187500,0.05869133,,/e/project1/m3/blank4/code/starVLA/playground/Checkpoints/ervla_w2_pi_encoder_actiononly_pifix_latent32/results/libero-plus/libero_10/overall_results.json,False
starVLA,ervla_w2_pi_encoder_actiononly_pifix_latent32,encoder,42,libero-plus,libero-plus/libero_goal,libero_goal,,64,54,0.84375000,0.04538652,,/e/project1/m3/blank4/code/starVLA/playground/Checkpoints/ervla_w2_pi_encoder_actiononly_pifix_latent32/results/libero-plus/libero_goal/overall_results.json,False
starVLA,ervla_w2_pi_encoder_actiononly_pifix_latent32,encoder,42,libero-plus,libero-plus/libero_object,libero_object,,64,50,0.78125000,0.05167483,,/e/project1/m3/blank4/code/starVLA/playground/Checkpoints/ervla_w2_pi_encoder_actiononly_pifix_latent32/results/libero-plus/libero_object/overall_results.json,False
starVLA,ervla_w2_pi_encoder_actiononly_pifix_latent32,encoder,42,libero-plus,libero-plus/libero_spatial,libero_spatial,,64,51,0.79687500,0.05029060,,/e/project1/m3/blank4/code/starVLA/playground/Checkpoints/ervla_w2_pi_encoder_actiononly_pifix_latent32/results/libero-plus/libero_spatial/overall_results.json,False
starVLA,ervla_w2_pi_encoder_actiononly_pifix_nolatent,encoder,42,libero-plus,libero-plus,libero_10,,64,45,0.70312500,0.05711012,,/e/project1/m3/blank4/code/starVLA/playground/Checkpoints/ervla_w2_pi_encoder_actiononly_pifix_nolatent/results/libero-plus/overall_results.json,False
starVLA,ervla_w2_pi_encoder_actiononly_pifix_nolatent,encoder,42,libero-plus,libero-plus,libero_goal,,64,47,0.73437500,0.05520818,,/e/project1/m3/blank4/code/starVLA/playground/Checkpoints/ervla_w2_pi_encoder_actiononly_pifix_nolatent/results/libero-plus/overall_results.json,False
starVLA,ervla_w2_pi_encoder_actiononly_pifix_nolatent,encoder,42,libero-plus,libero-plus,libero_object,,64,51,0.79687500,0.05029060,,/e/project1/m3/blank4/code/starVLA/playground/Checkpoints/ervla_w2_pi_encoder_actiononly_pifix_nolatent/results/libero-plus/overall_results.json,False
starVLA,ervla_w2_pi_encoder_actiononly_pifix_nolatent,encoder,42,libero-plus,libero-plus,libero_spatial,,64,45,0.70312500,0.05711012,,/e/project1/m3/blank4/code/starVLA/playground/Checkpoints/ervla_w2_pi_encoder_actiononly_pifix_nolatent/results/libero-plus/overall_results.json,False
starVLA,ervla_w2_pi_encoder_actiononly_pifix_nolatent,encoder,42,libero-plus,libero-plus/libero_10,libero_10,,64,45,0.70312500,0.05711012,,/e/project1/m3/blank4/code/starVLA/playground/Checkpoints/ervla_w2_pi_encoder_actiononly_pifix_nolatent/results/libero-plus/libero_10/overall_results.json,False
starVLA,ervla_w2_pi_encoder_actiononly_pifix_nolatent,encoder,42,libero-plus,libero-plus/libero_goal,libero_goal,,64,47,0.73437500,0.05520818,,/e/project1/m3/blank4/code/starVLA/playground/Checkpoints/ervla_w2_pi_encoder_actiononly_pifix_nolatent/results/libero-plus/libero_goal/overall_results.json,False
starVLA,ervla_w2_pi_encoder_actiononly_pifix_nolatent,encoder,42,libero-plus,libero-plus/libero_object,libero_object,,64,51,0.79687500,0.05029060,,/e/project1/m3/blank4/code/starVLA/playground/Checkpoints/ervla_w2_pi_encoder_actiononly_pifix_nolatent/results/libero-plus/libero_object/overall_results.json,False
starVLA,ervla_w2_pi_encoder_actiononly_pifix_nolatent,encoder,42,libero-plus,libero-plus/libero_spatial,libero_spatial,,64,45,0.70312500,0.05711012,,/e/project1/m3/blank4/code/starVLA/playground/Checkpoints/ervla_w2_pi_encoder_actiononly_pifix_nolatent/results/libero-plus/libero_spatial/overall_results.json,False
starVLA,ervla_w_pi_encoder_actiononly,encoder,42,libero-plus,libero-plus,libero_10,,64,45,0.70312500,0.05711012,,/e/project1/m3/blank4/code/starVLA/playground/Checkpoints/ervla_w_pi_encoder_actiononly/results/libero-plus/overall_results.json,False
starVLA,ervla_w_pi_encoder_actiononly,encoder,42,libero-plus,libero-plus,libero_goal,,64,47,0.73437500,0.05520818,,/e/project1/m3/blank4/code/starVLA/playground/Checkpoints/ervla_w_pi_encoder_actiononly/results/libero-plus/overall_results.json,False
starVLA,ervla_w_pi_encoder_actiononly,encoder,42,libero-plus,libero-plus,libero_object,,64,53,0.82812500,0.04715897,,/e/project1/m3/blank4/code/starVLA/playground/Checkpoints/ervla_w_pi_encoder_actiononly/results/libero-plus/overall_results.json,False
starVLA,ervla_w_pi_encoder_actiononly,encoder,42,libero-plus,libero-plus,libero_spatial,,64,49,0.76562500,0.05295094,,/e/project1/m3/blank4/code/starVLA/playground/Checkpoints/ervla_w_pi_encoder_actiononly/results/libero-plus/overall_results.json,False
starVLA,ervla_w_pi_encoder_actiononly,encoder,42,libero-plus,libero-plus/libero_10,libero_10,,64,45,0.70312500,0.05711012,,/e/project1/m3/blank4/code/starVLA/playground/Checkpoints/ervla_w_pi_encoder_actiononly/results/libero-plus/libero_10/overall_results.json,False
starVLA,ervla_w_pi_encoder_actiononly,encoder,42,libero-plus,libero-plus/libero_goal,libero_goal,,64,47,0.73437500,0.05520818,,/e/project1/m3/blank4/code/starVLA/playground/Checkpoints/ervla_w_pi_encoder_actiononly/results/libero-plus/libero_goal/overall_results.json,False
starVLA,ervla_w_pi_encoder_actiononly,encoder,42,libero-plus,libero-plus/libero_object,libero_object,,64,53,0.82812500,0.04715897,,/e/project1/m3/blank4/code/starVLA/playground/Checkpoints/ervla_w_pi_encoder_actiononly/results/libero-plus/libero_object/overall_results.json,False
starVLA,ervla_w_pi_encoder_actiononly,encoder,42,libero-plus,libero-plus/libero_spatial,libero_spatial,,64,49,0.76562500,0.05295094,,/e/project1/m3/blank4/code/starVLA/playground/Checkpoints/ervla_w_pi_encoder_actiononly/results/libero-plus/libero_spatial/overall_results.json,False
starVLA,ervla_x_pi_encoder_actiononly_freeze8,encoder,42,libero-plus,libero-plus,libero_10,,64,42,0.65625000,0.05936986,,/e/project1/m3/blank4/code/starVLA/playground/Checkpoints/ervla_x_pi_encoder_actiononly_freeze8/results/libero-plus/overall_results.json,False
starVLA,ervla_x_pi_encoder_actiononly_freeze8,encoder,42,libero-plus,libero-plus,libero_goal,,64,47,0.73437500,0.05520818,,/e/project1/m3/blank4/code/starVLA/playground/Checkpoints/ervla_x_pi_encoder_actiononly_freeze8/results/libero-plus/overall_results.json,False
starVLA,ervla_x_pi_encoder_actiononly_freeze8,encoder,42,libero-plus,libero-plus,libero_object,,64,46,0.71875000,0.05620115,,/e/project1/m3/blank4/code/starVLA/playground/Checkpoints/ervla_x_pi_encoder_actiononly_freeze8/results/libero-plus/overall_results.json,False
starVLA,ervla_x_pi_encoder_actiononly_freeze8,encoder,42,libero-plus,libero-plus,libero_spatial,,64,48,0.75000000,0.05412659,,/e/project1/m3/blank4/code/starVLA/playground/Checkpoints/ervla_x_pi_encoder_actiononly_freeze8/results/libero-plus/overall_results.json,False
starVLA,ervla_x_pi_encoder_actiononly_freeze8,encoder,42,libero-plus,libero-plus/libero_10,libero_10,,64,42,0.65625000,0.05936986,,/e/project1/m3/blank4/code/starVLA/playground/Checkpoints/ervla_x_pi_encoder_actiononly_freeze8/results/libero-plus/libero_10/overall_results.json,False
starVLA,ervla_x_pi_encoder_actiononly_freeze8,encoder,42,libero-plus,libero-plus/libero_goal,libero_goal,,64,47,0.73437500,0.05520818,,/e/project1/m3/blank4/code/starVLA/playground/Checkpoints/ervla_x_pi_encoder_actiononly_freeze8/results/libero-plus/libero_goal/overall_results.json,False
starVLA,ervla_x_pi_encoder_actiononly_freeze8,encoder,42,libero-plus,libero-plus/libero_object,libero_object,,64,46,0.71875000,0.05620115,,/e/project1/m3/blank4/code/starVLA/playground/Checkpoints/ervla_x_pi_encoder_actiononly_freeze8/results/libero-plus/libero_object/overall_results.json,False
starVLA,ervla_x_pi_encoder_actiononly_freeze8,encoder,42,libero-plus,libero-plus/libero_spatial,libero_spatial,,64,48,0.75000000,0.05412659,,/e/project1/m3/blank4/code/starVLA/playground/Checkpoints/ervla_x_pi_encoder_actiononly_freeze8/results/libero-plus/libero_spatial/overall_results.json,False
starVLA,ervla_y2_pi_k_structaux15_cot,CoT-trace,42,libero-plus,libero-plus,libero_10,,64,40,0.62500000,0.06051536,,/e/project1/m3/blank4/code/starVLA/playground/Checkpoints/ervla_y2_pi_k_structaux15_cot/results/libero-plus/overall_results.json,False
starVLA,ervla_y2_pi_k_structaux15_cot,CoT-trace,42,libero-plus,libero-plus,libero_goal,,64,48,0.75000000,0.05412659,,/e/project1/m3/blank4/code/starVLA/playground/Checkpoints/ervla_y2_pi_k_structaux15_cot/results/libero-plus/overall_results.json,False
starVLA,ervla_y2_pi_k_structaux15_cot,CoT-trace,42,libero-plus,libero-plus,libero_object,,64,51,0.79687500,0.05029060,,/e/project1/m3/blank4/code/starVLA/playground/Checkpoints/ervla_y2_pi_k_structaux15_cot/results/libero-plus/overall_results.json,False
starVLA,ervla_y2_pi_k_structaux15_cot,CoT-trace,42,libero-plus,libero-plus,libero_spatial,,64,45,0.70312500,0.05711012,,/e/project1/m3/blank4/code/starVLA/playground/Checkpoints/ervla_y2_pi_k_structaux15_cot/results/libero-plus/overall_results.json,False
starVLA,ervla_y2_pi_k_structaux15_cot,CoT-trace,42,libero-plus,libero-plus/libero_10,libero_10,,64,40,0.62500000,0.06051536,,/e/project1/m3/blank4/code/starVLA/playground/Checkpoints/ervla_y2_pi_k_structaux15_cot/results/libero-plus/libero_10/overall_results.json,False
starVLA,ervla_y2_pi_k_structaux15_cot,CoT-trace,42,libero-plus,libero-plus/libero_goal,libero_goal,,64,48,0.75000000,0.05412659,,/e/project1/m3/blank4/code/starVLA/playground/Checkpoints/ervla_y2_pi_k_structaux15_cot/results/libero-plus/libero_goal/overall_results.json,False
starVLA,ervla_y2_pi_k_structaux15_cot,CoT-trace,42,libero-plus,libero-plus/libero_object,libero_object,,64,51,0.79687500,0.05029060,,/e/project1/m3/blank4/code/starVLA/playground/Checkpoints/ervla_y2_pi_k_structaux15_cot/results/libero-plus/libero_object/overall_results.json,False
starVLA,ervla_y2_pi_k_structaux15_cot,CoT-trace,42,libero-plus,libero-plus/libero_spatial,libero_spatial,,64,45,0.70312500,0.05711012,,/e/project1/m3/blank4/code/starVLA/playground/Checkpoints/ervla_y2_pi_k_structaux15_cot/results/libero-plus/libero_spatial/overall_results.json,False
starVLA,ervla_z1_pi_w32_anchor,other,42,libero-plus,libero-plus,libero_10,,64,44,0.68750000,0.05793905,,/e/project1/m3/blank4/code/starVLA/playground/Checkpoints/ervla_z1_pi_w32_anchor/results/libero-plus/overall_results.json,False
starVLA,ervla_z1_pi_w32_anchor,other,42,libero-plus,libero-plus,libero_goal,,64,47,0.73437500,0.05520818,,/e/project1/m3/blank4/code/starVLA/playground/Checkpoints/ervla_z1_pi_w32_anchor/results/libero-plus/overall_results.json,False
starVLA,ervla_z1_pi_w32_anchor,other,42,libero-plus,libero-plus,libero_object,,64,48,0.75000000,0.05412659,,/e/project1/m3/blank4/code/starVLA/playground/Checkpoints/ervla_z1_pi_w32_anchor/results/libero-plus/overall_results.json,False
starVLA,ervla_z1_pi_w32_anchor,other,42,libero-plus,libero-plus,libero_spatial,,64,48,0.75000000,0.05412659,,/e/project1/m3/blank4/code/starVLA/playground/Checkpoints/ervla_z1_pi_w32_anchor/results/libero-plus/overall_results.json,False
starVLA,ervla_z1_pi_w32_anchor,other,42,libero-plus,libero-plus/libero_10,libero_10,,64,44,0.68750000,0.05793905,,/e/project1/m3/blank4/code/starVLA/playground/Checkpoints/ervla_z1_pi_w32_anchor/results/libero-plus/libero_10/overall_results.json,False
starVLA,ervla_z1_pi_w32_anchor,other,42,libero-plus,libero-plus/libero_goal,libero_goal,,64,47,0.73437500,0.05520818,,/e/project1/m3/blank4/code/starVLA/playground/Checkpoints/ervla_z1_pi_w32_anchor/results/libero-plus/libero_goal/overall_results.json,False
starVLA,ervla_z1_pi_w32_anchor,other,42,libero-plus,libero-plus/libero_object,libero_object,,64,48,0.75000000,0.05412659,,/e/project1/m3/blank4/code/starVLA/playground/Checkpoints/ervla_z1_pi_w32_anchor/results/libero-plus/libero_object/overall_results.json,False
starVLA,ervla_z1_pi_w32_anchor,other,42,libero-plus,libero-plus/libero_spatial,libero_spatial,,64,48,0.75000000,0.05412659,,/e/project1/m3/blank4/code/starVLA/playground/Checkpoints/ervla_z1_pi_w32_anchor/results/libero-plus/libero_spatial/overall_results.json,False
starVLA,ervla_z2_pi_w32_tied_dynamics,other,42,libero-plus,libero-plus,libero_10,,1000,659,0.65900000,0.01499063,,/e/project1/m3/blank4/code/starVLA/playground/Checkpoints/ervla_z2_pi_w32_tied_dynamics/results/libero-plus/overall_results.json,True
starVLA,ervla_z2_pi_w32_tied_dynamics,other,42,libero-plus,libero-plus,libero_goal,,1000,726,0.72600000,0.01410404,,/e/project1/m3/blank4/code/starVLA/playground/Checkpoints/ervla_z2_pi_w32_tied_dynamics/results/libero-plus/overall_results.json,True
starVLA,ervla_z2_pi_w32_tied_dynamics,other,42,libero-plus,libero-plus,libero_object,,1000,845,0.84500000,0.01144443,,/e/project1/m3/blank4/code/starVLA/playground/Checkpoints/ervla_z2_pi_w32_tied_dynamics/results/libero-plus/overall_results.json,True
starVLA,ervla_z2_pi_w32_tied_dynamics,other,42,libero-plus,libero-plus,libero_spatial,,1000,812,0.81200000,0.01235540,,/e/project1/m3/blank4/code/starVLA/playground/Checkpoints/ervla_z2_pi_w32_tied_dynamics/results/libero-plus/overall_results.json,True
starVLA,ervla_z2_pi_w32_tied_dynamics,other,42,libero-plus,libero-plus/libero_10,libero_10,,1000,659,0.65900000,0.01499063,,/e/project1/m3/blank4/code/starVLA/playground/Checkpoints/ervla_z2_pi_w32_tied_dynamics/results/libero-plus/libero_10/overall_results.json,False
starVLA,ervla_z2_pi_w32_tied_dynamics,other,42,libero-plus,libero-plus/libero_goal,libero_goal,,1000,726,0.72600000,0.01410404,,/e/project1/m3/blank4/code/starVLA/playground/Checkpoints/ervla_z2_pi_w32_tied_dynamics/results/libero-plus/libero_goal/overall_results.json,False
starVLA,ervla_z2_pi_w32_tied_dynamics,other,42,libero-plus,libero-plus/libero_object,libero_object,,1000,845,0.84500000,0.01144443,,/e/project1/m3/blank4/code/starVLA/playground/Checkpoints/ervla_z2_pi_w32_tied_dynamics/results/libero-plus/libero_object/overall_results.json,False
starVLA,ervla_z2_pi_w32_tied_dynamics,other,42,libero-plus,libero-plus/libero_spatial,libero_spatial,,1000,812,0.81200000,0.01235540,,/e/project1/m3/blank4/code/starVLA/playground/Checkpoints/ervla_z2_pi_w32_tied_dynamics/results/libero-plus/libero_spatial/overall_results.json,False
starVLA,ervla_z3_pi_w32_anchor_tied_dynamics,other,42,libero-plus,libero-plus,libero_10,,1000,630,0.63000000,0.01526761,,/e/project1/m3/blank4/code/starVLA/playground/Checkpoints/ervla_z3_pi_w32_anchor_tied_dynamics/results/libero-plus/overall_results.json,True
starVLA,ervla_z3_pi_w32_anchor_tied_dynamics,other,42,libero-plus,libero-plus,libero_goal,,1000,725,0.72500000,0.01412002,,/e/project1/m3/blank4/code/starVLA/playground/Checkpoints/ervla_z3_pi_w32_anchor_tied_dynamics/results/libero-plus/overall_results.json,True
starVLA,ervla_z3_pi_w32_anchor_tied_dynamics,other,42,libero-plus,libero-plus,libero_object,,1000,817,0.81700000,0.01222747,,/e/project1/m3/blank4/code/starVLA/playground/Checkpoints/ervla_z3_pi_w32_anchor_tied_dynamics/results/libero-plus/overall_results.json,True
starVLA,ervla_z3_pi_w32_anchor_tied_dynamics,other,42,libero-plus,libero-plus,libero_spatial,,1000,802,0.80200000,0.01260143,,/e/project1/m3/blank4/code/starVLA/playground/Checkpoints/ervla_z3_pi_w32_anchor_tied_dynamics/results/libero-plus/overall_results.json,True
starVLA,ervla_z3_pi_w32_anchor_tied_dynamics,other,42,libero-plus,libero-plus/libero_10,libero_10,,1000,630,0.63000000,0.01526761,,/e/project1/m3/blank4/code/starVLA/playground/Checkpoints/ervla_z3_pi_w32_anchor_tied_dynamics/results/libero-plus/libero_10/overall_results.json,False
starVLA,ervla_z3_pi_w32_anchor_tied_dynamics,other,42,libero-plus,libero-plus/libero_goal,libero_goal,,1000,725,0.72500000,0.01412002,,/e/project1/m3/blank4/code/starVLA/playground/Checkpoints/ervla_z3_pi_w32_anchor_tied_dynamics/results/libero-plus/libero_goal/overall_results.json,False
starVLA,ervla_z3_pi_w32_anchor_tied_dynamics,other,42,libero-plus,libero-plus/libero_object,libero_object,,1000,817,0.81700000,0.01222747,,/e/project1/m3/blank4/code/starVLA/playground/Checkpoints/ervla_z3_pi_w32_anchor_tied_dynamics/results/libero-plus/libero_object/overall_results.json,False
starVLA,ervla_z3_pi_w32_anchor_tied_dynamics,other,42,libero-plus,libero-plus/libero_spatial,libero_spatial,,1000,802,0.80200000,0.01260143,,/e/project1/m3/blank4/code/starVLA/playground/Checkpoints/ervla_z3_pi_w32_anchor_tied_dynamics/results/libero-plus/libero_spatial/overall_results.json,False
starVLA,ervla_zbase_pi_sharedz_control,encoder/shared-z-off-control,42,libero-plus,libero-plus,libero_10,,64,39,0.60937500,0.06098631,,/e/project1/m3/blank4/code/starVLA/playground/Checkpoints/ervla_zbase_pi_sharedz_control/results/libero-plus/overall_results.json,False
starVLA,ervla_zbase_pi_sharedz_control,encoder/shared-z-off-control,42,libero-plus,libero-plus,libero_goal,,64,51,0.79687500,0.05029060,,/e/project1/m3/blank4/code/starVLA/playground/Checkpoints/ervla_zbase_pi_sharedz_control/results/libero-plus/overall_results.json,False
starVLA,ervla_zbase_pi_sharedz_control,encoder/shared-z-off-control,42,libero-plus,libero-plus,libero_object,,64,54,0.84375000,0.04538652,,/e/project1/m3/blank4/code/starVLA/playground/Checkpoints/ervla_zbase_pi_sharedz_control/results/libero-plus/overall_results.json,False
starVLA,ervla_zbase_pi_sharedz_control,encoder/shared-z-off-control,42,libero-plus,libero-plus,libero_spatial,,64,45,0.70312500,0.05711012,,/e/project1/m3/blank4/code/starVLA/playground/Checkpoints/ervla_zbase_pi_sharedz_control/results/libero-plus/overall_results.json,False
starVLA,ervla_zbase_pi_sharedz_control,encoder/shared-z-off-control,42,libero-plus,libero-plus/libero_10,libero_10,,64,39,0.60937500,0.06098631,,/e/project1/m3/blank4/code/starVLA/playground/Checkpoints/ervla_zbase_pi_sharedz_control/results/libero-plus/libero_10/overall_results.json,False
starVLA,ervla_zbase_pi_sharedz_control,encoder/shared-z-off-control,42,libero-plus,libero-plus/libero_goal,libero_goal,,64,51,0.79687500,0.05029060,,/e/project1/m3/blank4/code/starVLA/playground/Checkpoints/ervla_zbase_pi_sharedz_control/results/libero-plus/libero_goal/overall_results.json,False
starVLA,ervla_zbase_pi_sharedz_control,encoder/shared-z-off-control,42,libero-plus,libero-plus/libero_object,libero_object,,64,54,0.84375000,0.04538652,,/e/project1/m3/blank4/code/starVLA/playground/Checkpoints/ervla_zbase_pi_sharedz_control/results/libero-plus/libero_object/overall_results.json,False
starVLA,ervla_zbase_pi_sharedz_control,encoder/shared-z-off-control,42,libero-plus,libero-plus/libero_spatial,libero_spatial,,64,45,0.70312500,0.05711012,,/e/project1/m3/blank4/code/starVLA/playground/Checkpoints/ervla_zbase_pi_sharedz_control/results/libero-plus/libero_spatial/overall_results.json,False
starVLA,ervla_znodrop_pi_sharedz_ground_temporal,shared-z/zonly,42,libero-plus,libero-plus,libero_10,,1000,675,0.67500000,0.01481131,,/e/project1/m3/blank4/code/starVLA/playground/Checkpoints/ervla_znodrop_pi_sharedz_ground_temporal/results/libero-plus/overall_results.json,True
starVLA,ervla_znodrop_pi_sharedz_ground_temporal,shared-z/zonly,42,libero-plus,libero-plus,libero_goal,,1000,692,0.69200000,0.01459918,,/e/project1/m3/blank4/code/starVLA/playground/Checkpoints/ervla_znodrop_pi_sharedz_ground_temporal/results/libero-plus/overall_results.json,True
starVLA,ervla_znodrop_pi_sharedz_ground_temporal,shared-z/zonly,42,libero-plus,libero-plus,libero_object,,1000,847,0.84700000,0.01138380,,/e/project1/m3/blank4/code/starVLA/playground/Checkpoints/ervla_znodrop_pi_sharedz_ground_temporal/results/libero-plus/overall_results.json,True
starVLA,ervla_znodrop_pi_sharedz_ground_temporal,shared-z/zonly,42,libero-plus,libero-plus,libero_spatial,,1000,781,0.78100000,0.01307819,,/e/project1/m3/blank4/code/starVLA/playground/Checkpoints/ervla_znodrop_pi_sharedz_ground_temporal/results/libero-plus/overall_results.json,True
starVLA,ervla_znodrop_pi_sharedz_ground_temporal,shared-z/zonly,42,libero-plus,libero-plus/libero_10,libero_10,,1000,675,0.67500000,0.01481131,,/e/project1/m3/blank4/code/starVLA/playground/Checkpoints/ervla_znodrop_pi_sharedz_ground_temporal/results/libero-plus/libero_10/overall_results.json,False
starVLA,ervla_znodrop_pi_sharedz_ground_temporal,shared-z/zonly,42,libero-plus,libero-plus/libero_goal,libero_goal,,1000,692,0.69200000,0.01459918,,/e/project1/m3/blank4/code/starVLA/playground/Checkpoints/ervla_znodrop_pi_sharedz_ground_temporal/results/libero-plus/libero_goal/overall_results.json,False
starVLA,ervla_znodrop_pi_sharedz_ground_temporal,shared-z/zonly,42,libero-plus,libero-plus/libero_object,libero_object,,1000,847,0.84700000,0.01138380,,/e/project1/m3/blank4/code/starVLA/playground/Checkpoints/ervla_znodrop_pi_sharedz_ground_temporal/results/libero-plus/libero_object/overall_results.json,False
starVLA,ervla_znodrop_pi_sharedz_ground_temporal,shared-z/zonly,42,libero-plus,libero-plus/libero_spatial,libero_spatial,,1000,781,0.78100000,0.01307819,,/e/project1/m3/blank4/code/starVLA/playground/Checkpoints/ervla_znodrop_pi_sharedz_ground_temporal/results/libero-plus/libero_spatial/overall_results.json,False
starVLA,ervla_zonly_gr00t_sharedz_ground_temporal_v5_s42,shared-z/zonly,42,libero-plus,libero-plus,libero_10,,1000,681,0.68100000,0.01473903,,/e/project1/m3/blank4/code/starVLA/playground/Checkpoints/ervla_zonly_gr00t_sharedz_ground_temporal_v5_s42/results/libero-plus/overall_results.json,True
starVLA,ervla_zonly_gr00t_sharedz_ground_temporal_v5_s42,shared-z/zonly,42,libero-plus,libero-plus,libero_goal,,1000,801,0.80100000,0.01262533,,/e/project1/m3/blank4/code/starVLA/playground/Checkpoints/ervla_zonly_gr00t_sharedz_ground_temporal_v5_s42/results/libero-plus/overall_results.json,True
starVLA,ervla_zonly_gr00t_sharedz_ground_temporal_v5_s42,shared-z/zonly,42,libero-plus,libero-plus,libero_object,,1000,845,0.84500000,0.01144443,,/e/project1/m3/blank4/code/starVLA/playground/Checkpoints/ervla_zonly_gr00t_sharedz_ground_temporal_v5_s42/results/libero-plus/overall_results.json,True
starVLA,ervla_zonly_gr00t_sharedz_ground_temporal_v5_s42,shared-z/zonly,42,libero-plus,libero-plus,libero_spatial,,1000,820,0.82000000,0.01214907,,/e/project1/m3/blank4/code/starVLA/playground/Checkpoints/ervla_zonly_gr00t_sharedz_ground_temporal_v5_s42/results/libero-plus/overall_results.json,True
starVLA,ervla_zonly_gr00t_sharedz_ground_temporal_v5_s42,shared-z/zonly,42,libero-plus,libero-plus/libero_10,libero_10,,1000,681,0.68100000,0.01473903,,/e/project1/m3/blank4/code/starVLA/playground/Checkpoints/ervla_zonly_gr00t_sharedz_ground_temporal_v5_s42/results/libero-plus/libero_10/overall_results.json,False
starVLA,ervla_zonly_gr00t_sharedz_ground_temporal_v5_s42,shared-z/zonly,42,libero-plus,libero-plus/libero_goal,libero_goal,,1000,801,0.80100000,0.01262533,,/e/project1/m3/blank4/code/starVLA/playground/Checkpoints/ervla_zonly_gr00t_sharedz_ground_temporal_v5_s42/results/libero-plus/libero_goal/overall_results.json,False
starVLA,ervla_zonly_gr00t_sharedz_ground_temporal_v5_s42,shared-z/zonly,42,libero-plus,libero-plus/libero_object,libero_object,,1000,845,0.84500000,0.01144443,,/e/project1/m3/blank4/code/starVLA/playground/Checkpoints/ervla_zonly_gr00t_sharedz_ground_temporal_v5_s42/results/libero-plus/libero_object/overall_results.json,False
starVLA,ervla_zonly_gr00t_sharedz_ground_temporal_v5_s42,shared-z/zonly,42,libero-plus,libero-plus/libero_spatial,libero_spatial,,1000,820,0.82000000,0.01214907,,/e/project1/m3/blank4/code/starVLA/playground/Checkpoints/ervla_zonly_gr00t_sharedz_ground_temporal_v5_s42/results/libero-plus/libero_spatial/overall_results.json,False
starVLA,ervla_zonly_gr00t_sharedz_ground_temporal_v5_s43,shared-z/zonly,43,libero-plus,libero-plus,libero_10,,1000,713,0.71300000,0.01430493,,/e/project1/m3/blank4/code/starVLA/playground/Checkpoints/ervla_zonly_gr00t_sharedz_ground_temporal_v5_s43/results/libero-plus/overall_results.json,True
starVLA,ervla_zonly_gr00t_sharedz_ground_temporal_v5_s43,shared-z/zonly,43,libero-plus,libero-plus,libero_goal,,1000,774,0.77400000,0.01322588,,/e/project1/m3/blank4/code/starVLA/playground/Checkpoints/ervla_zonly_gr00t_sharedz_ground_temporal_v5_s43/results/libero-plus/overall_results.json,True
starVLA,ervla_zonly_gr00t_sharedz_ground_temporal_v5_s43,shared-z/zonly,43,libero-plus,libero-plus,libero_object,,1000,846,0.84600000,0.01141420,,/e/project1/m3/blank4/code/starVLA/playground/Checkpoints/ervla_zonly_gr00t_sharedz_ground_temporal_v5_s43/results/libero-plus/overall_results.json,True
starVLA,ervla_zonly_gr00t_sharedz_ground_temporal_v5_s43,shared-z/zonly,43,libero-plus,libero-plus,libero_spatial,,1000,798,0.79800000,0.01269630,,/e/project1/m3/blank4/code/starVLA/playground/Checkpoints/ervla_zonly_gr00t_sharedz_ground_temporal_v5_s43/results/libero-plus/overall_results.json,True
starVLA,ervla_zonly_gr00t_sharedz_ground_temporal_v5_s43,shared-z/zonly,43,libero-plus,libero-plus/libero_10,libero_10,,1000,713,0.71300000,0.01430493,,/e/project1/m3/blank4/code/starVLA/playground/Checkpoints/ervla_zonly_gr00t_sharedz_ground_temporal_v5_s43/results/libero-plus/libero_10/overall_results.json,False
starVLA,ervla_zonly_gr00t_sharedz_ground_temporal_v5_s43,shared-z/zonly,43,libero-plus,libero-plus/libero_goal,libero_goal,,1000,774,0.77400000,0.01322588,,/e/project1/m3/blank4/code/starVLA/playground/Checkpoints/ervla_zonly_gr00t_sharedz_ground_temporal_v5_s43/results/libero-plus/libero_goal/overall_results.json,False
starVLA,ervla_zonly_gr00t_sharedz_ground_temporal_v5_s43,shared-z/zonly,43,libero-plus,libero-plus/libero_object,libero_object,,1000,846,0.84600000,0.01141420,,/e/project1/m3/blank4/code/starVLA/playground/Checkpoints/ervla_zonly_gr00t_sharedz_ground_temporal_v5_s43/results/libero-plus/libero_object/overall_results.json,False
starVLA,ervla_zonly_gr00t_sharedz_ground_temporal_v5_s43,shared-z/zonly,43,libero-plus,libero-plus/libero_spatial,libero_spatial,,1000,798,0.79800000,0.01269630,,/e/project1/m3/blank4/code/starVLA/playground/Checkpoints/ervla_zonly_gr00t_sharedz_ground_temporal_v5_s43/results/libero-plus/libero_spatial/overall_results.json,False
starVLA,ervla_zonly_pi_sharedz_ground_temporal,shared-z/zonly,42,libero-plus,libero-plus,libero_10,,1040,717,0.68942308,0.01434864,,/e/project1/m3/blank4/code/starVLA/playground/Checkpoints/ervla_zonly_pi_sharedz_ground_temporal/results/libero-plus/overall_results.json,True
starVLA,ervla_zonly_pi_sharedz_ground_temporal,shared-z/zonly,42,libero-plus,libero-plus,libero_goal,,1038,814,0.78420039,0.01276851,,/e/project1/m3/blank4/code/starVLA/playground/Checkpoints/ervla_zonly_pi_sharedz_ground_temporal/results/libero-plus/overall_results.json,True
starVLA,ervla_zonly_pi_sharedz_ground_temporal,shared-z/zonly,42,libero-plus,libero-plus,libero_object,,1037,878,0.84667310,0.01118865,,/e/project1/m3/blank4/code/starVLA/playground/Checkpoints/ervla_zonly_pi_sharedz_ground_temporal/results/libero-plus/overall_results.json,True
starVLA,ervla_zonly_pi_sharedz_ground_temporal,shared-z/zonly,42,libero-plus,libero-plus,libero_spatial,,1034,812,0.78529981,0.01276949,,/e/project1/m3/blank4/code/starVLA/playground/Checkpoints/ervla_zonly_pi_sharedz_ground_temporal/results/libero-plus/overall_results.json,True
starVLA,ervla_zonly_pi_sharedz_ground_temporal,shared-z/zonly,42,libero-plus,libero-plus/libero_10,libero_10,,1040,717,0.68942308,0.01434864,,/e/project1/m3/blank4/code/starVLA/playground/Checkpoints/ervla_zonly_pi_sharedz_ground_temporal/results/libero-plus/libero_10/overall_results.json,False
starVLA,ervla_zonly_pi_sharedz_ground_temporal,shared-z/zonly,42,libero-plus,libero-plus/libero_goal,libero_goal,,1038,814,0.78420039,0.01276851,,/e/project1/m3/blank4/code/starVLA/playground/Checkpoints/ervla_zonly_pi_sharedz_ground_temporal/results/libero-plus/libero_goal/overall_results.json,False
starVLA,ervla_zonly_pi_sharedz_ground_temporal,shared-z/zonly,42,libero-plus,libero-plus/libero_object,libero_object,,1037,878,0.84667310,0.01118865,,/e/project1/m3/blank4/code/starVLA/playground/Checkpoints/ervla_zonly_pi_sharedz_ground_temporal/results/libero-plus/libero_object/overall_results.json,False
starVLA,ervla_zonly_pi_sharedz_ground_temporal,shared-z/zonly,42,libero-plus,libero-plus/libero_spatial,libero_spatial,,1034,812,0.78529981,0.01276949,,/e/project1/m3/blank4/code/starVLA/playground/Checkpoints/ervla_zonly_pi_sharedz_ground_temporal/results/libero-plus/libero_spatial/overall_results.json,False
starVLA,ervla_zonly_pi_sharedz_ground_temporal_aug_s42,shared-z/zonly,42,libero-plus,libero-plus,libero_10,,1000,675,0.67500000,0.01481131,,/e/project1/m3/blank4/code/starVLA/playground/Checkpoints/ervla_zonly_pi_sharedz_ground_temporal_aug_s42/results/libero-plus/overall_results.json,True
starVLA,ervla_zonly_pi_sharedz_ground_temporal_aug_s42,shared-z/zonly,42,libero-plus,libero-plus,libero_goal,,1000,749,0.74900000,0.01371127,,/e/project1/m3/blank4/code/starVLA/playground/Checkpoints/ervla_zonly_pi_sharedz_ground_temporal_aug_s42/results/libero-plus/overall_results.json,True
starVLA,ervla_zonly_pi_sharedz_ground_temporal_aug_s42,shared-z/zonly,42,libero-plus,libero-plus,libero_object,,1000,801,0.80100000,0.01262533,,/e/project1/m3/blank4/code/starVLA/playground/Checkpoints/ervla_zonly_pi_sharedz_ground_temporal_aug_s42/results/libero-plus/overall_results.json,True
starVLA,ervla_zonly_pi_sharedz_ground_temporal_aug_s42,shared-z/zonly,42,libero-plus,libero-plus,libero_spatial,,1000,806,0.80600000,0.01250456,,/e/project1/m3/blank4/code/starVLA/playground/Checkpoints/ervla_zonly_pi_sharedz_ground_temporal_aug_s42/results/libero-plus/overall_results.json,True
starVLA,ervla_zonly_pi_sharedz_ground_temporal_aug_s42,shared-z/zonly,42,libero-plus,libero-plus/libero_10,libero_10,,1000,675,0.67500000,0.01481131,,/e/project1/m3/blank4/code/starVLA/playground/Checkpoints/ervla_zonly_pi_sharedz_ground_temporal_aug_s42/results/libero-plus/libero_10/overall_results.json,False
starVLA,ervla_zonly_pi_sharedz_ground_temporal_aug_s42,shared-z/zonly,42,libero-plus,libero-plus/libero_goal,libero_goal,,1000,749,0.74900000,0.01371127,,/e/project1/m3/blank4/code/starVLA/playground/Checkpoints/ervla_zonly_pi_sharedz_ground_temporal_aug_s42/results/libero-plus/libero_goal/overall_results.json,False
starVLA,ervla_zonly_pi_sharedz_ground_temporal_aug_s42,shared-z/zonly,42,libero-plus,libero-plus/libero_object,libero_object,,1000,801,0.80100000,0.01262533,,/e/project1/m3/blank4/code/starVLA/playground/Checkpoints/ervla_zonly_pi_sharedz_ground_temporal_aug_s42/results/libero-plus/libero_object/overall_results.json,False
starVLA,ervla_zonly_pi_sharedz_ground_temporal_aug_s42,shared-z/zonly,42,libero-plus,libero-plus/libero_spatial,libero_spatial,,1000,806,0.80600000,0.01250456,,/e/project1/m3/blank4/code/starVLA/playground/Checkpoints/ervla_zonly_pi_sharedz_ground_temporal_aug_s42/results/libero-plus/libero_spatial/overall_results.json,False
starVLA,ervla_zonly_pi_sharedz_ground_temporal_aug_s43,shared-z/zonly,43,libero-plus,libero-plus,libero_10,,1000,661,0.66100000,0.01496927,,/e/project1/m3/blank4/code/starVLA/playground/Checkpoints/ervla_zonly_pi_sharedz_ground_temporal_aug_s43/results/libero-plus/overall_results.json,True
starVLA,ervla_zonly_pi_sharedz_ground_temporal_aug_s43,shared-z/zonly,43,libero-plus,libero-plus,libero_goal,,1000,777,0.77700000,0.01316324,,/e/project1/m3/blank4/code/starVLA/playground/Checkpoints/ervla_zonly_pi_sharedz_ground_temporal_aug_s43/results/libero-plus/overall_results.json,True
starVLA,ervla_zonly_pi_sharedz_ground_temporal_aug_s43,shared-z/zonly,43,libero-plus,libero-plus,libero_object,,1000,830,0.83000000,0.01187855,,/e/project1/m3/blank4/code/starVLA/playground/Checkpoints/ervla_zonly_pi_sharedz_ground_temporal_aug_s43/results/libero-plus/overall_results.json,True
starVLA,ervla_zonly_pi_sharedz_ground_temporal_aug_s43,shared-z/zonly,43,libero-plus,libero-plus,libero_spatial,,1000,807,0.80700000,0.01248002,,/e/project1/m3/blank4/code/starVLA/playground/Checkpoints/ervla_zonly_pi_sharedz_ground_temporal_aug_s43/results/libero-plus/overall_results.json,True
starVLA,ervla_zonly_pi_sharedz_ground_temporal_aug_s43,shared-z/zonly,43,libero-plus,libero-plus/libero_10,libero_10,,1000,661,0.66100000,0.01496927,,/e/project1/m3/blank4/code/starVLA/playground/Checkpoints/ervla_zonly_pi_sharedz_ground_temporal_aug_s43/results/libero-plus/libero_10/overall_results.json,False
starVLA,ervla_zonly_pi_sharedz_ground_temporal_aug_s43,shared-z/zonly,43,libero-plus,libero-plus/libero_goal,libero_goal,,1000,777,0.77700000,0.01316324,,/e/project1/m3/blank4/code/starVLA/playground/Checkpoints/ervla_zonly_pi_sharedz_ground_temporal_aug_s43/results/libero-plus/libero_goal/overall_results.json,False
starVLA,ervla_zonly_pi_sharedz_ground_temporal_aug_s43,shared-z/zonly,43,libero-plus,libero-plus/libero_object,libero_object,,1000,830,0.83000000,0.01187855,,/e/project1/m3/blank4/code/starVLA/playground/Checkpoints/ervla_zonly_pi_sharedz_ground_temporal_aug_s43/results/libero-plus/libero_object/overall_results.json,False
starVLA,ervla_zonly_pi_sharedz_ground_temporal_aug_s43,shared-z/zonly,43,libero-plus,libero-plus/libero_spatial,libero_spatial,,1000,807,0.80700000,0.01248002,,/e/project1/m3/blank4/code/starVLA/playground/Checkpoints/ervla_zonly_pi_sharedz_ground_temporal_aug_s43/results/libero-plus/libero_spatial/overall_results.json,False
starVLA,ervla_zonly_pi_sharedz_ground_temporal_v5_s42,shared-z/zonly,42,libero-plus,libero-plus,libero_10,,1000,641,0.64100000,0.01516967,,/e/project1/m3/blank4/code/starVLA/playground/Checkpoints/ervla_zonly_pi_sharedz_ground_temporal_v5_s42/results/libero-plus/overall_results.json,True
starVLA,ervla_zonly_pi_sharedz_ground_temporal_v5_s42,shared-z/zonly,42,libero-plus,libero-plus,libero_goal,,1000,770,0.77000000,0.01330789,,/e/project1/m3/blank4/code/starVLA/playground/Checkpoints/ervla_zonly_pi_sharedz_ground_temporal_v5_s42/results/libero-plus/overall_results.json,True
starVLA,ervla_zonly_pi_sharedz_ground_temporal_v5_s42,shared-z/zonly,42,libero-plus,libero-plus,libero_object,,1000,855,0.85500000,0.01113441,,/e/project1/m3/blank4/code/starVLA/playground/Checkpoints/ervla_zonly_pi_sharedz_ground_temporal_v5_s42/results/libero-plus/overall_results.json,True
starVLA,ervla_zonly_pi_sharedz_ground_temporal_v5_s42,shared-z/zonly,42,libero-plus,libero-plus,libero_spatial,,1000,793,0.79300000,0.01281214,,/e/project1/m3/blank4/code/starVLA/playground/Checkpoints/ervla_zonly_pi_sharedz_ground_temporal_v5_s42/results/libero-plus/overall_results.json,True
starVLA,ervla_zonly_pi_sharedz_ground_temporal_v5_s42,shared-z/zonly,42,libero-plus,libero-plus/libero_10,libero_10,,1000,641,0.64100000,0.01516967,,/e/project1/m3/blank4/code/starVLA/playground/Checkpoints/ervla_zonly_pi_sharedz_ground_temporal_v5_s42/results/libero-plus/libero_10/overall_results.json,False
starVLA,ervla_zonly_pi_sharedz_ground_temporal_v5_s42,shared-z/zonly,42,libero-plus,libero-plus/libero_goal,libero_goal,,1000,770,0.77000000,0.01330789,,/e/project1/m3/blank4/code/starVLA/playground/Checkpoints/ervla_zonly_pi_sharedz_ground_temporal_v5_s42/results/libero-plus/libero_goal/overall_results.json,False
starVLA,ervla_zonly_pi_sharedz_ground_temporal_v5_s42,shared-z/zonly,42,libero-plus,libero-plus/libero_object,libero_object,,1000,855,0.85500000,0.01113441,,/e/project1/m3/blank4/code/starVLA/playground/Checkpoints/ervla_zonly_pi_sharedz_ground_temporal_v5_s42/results/libero-plus/libero_object/overall_results.json,False
starVLA,ervla_zonly_pi_sharedz_ground_temporal_v5_s42,shared-z/zonly,42,libero-plus,libero-plus/libero_spatial,libero_spatial,,1000,793,0.79300000,0.01281214,,/e/project1/m3/blank4/code/starVLA/playground/Checkpoints/ervla_zonly_pi_sharedz_ground_temporal_v5_s42/results/libero-plus/libero_spatial/overall_results.json,False
starVLA,ervla_zonly_pi_sharedz_ground_temporal_v5_s43,shared-z/zonly,43,libero-plus,libero-plus,libero_10,,1000,665,0.66500000,0.01492565,,/e/project1/m3/blank4/code/starVLA/playground/Checkpoints/ervla_zonly_pi_sharedz_ground_temporal_v5_s43/results/libero-plus/overall_results.json,True
starVLA,ervla_zonly_pi_sharedz_ground_temporal_v5_s43,shared-z/zonly,43,libero-plus,libero-plus,libero_goal,,1000,801,0.80100000,0.01262533,,/e/project1/m3/blank4/code/starVLA/playground/Checkpoints/ervla_zonly_pi_sharedz_ground_temporal_v5_s43/results/libero-plus/overall_results.json,True
starVLA,ervla_zonly_pi_sharedz_ground_temporal_v5_s43,shared-z/zonly,43,libero-plus,libero-plus,libero_object,,1000,854,0.85400000,0.01116620,,/e/project1/m3/blank4/code/starVLA/playground/Checkpoints/ervla_zonly_pi_sharedz_ground_temporal_v5_s43/results/libero-plus/overall_results.json,True
starVLA,ervla_zonly_pi_sharedz_ground_temporal_v5_s43,shared-z/zonly,43,libero-plus,libero-plus,libero_spatial,,1000,811,0.81100000,0.01238059,,/e/project1/m3/blank4/code/starVLA/playground/Checkpoints/ervla_zonly_pi_sharedz_ground_temporal_v5_s43/results/libero-plus/overall_results.json,True
starVLA,ervla_zonly_pi_sharedz_ground_temporal_v5_s43,shared-z/zonly,43,libero-plus,libero-plus/libero_10,libero_10,,1000,665,0.66500000,0.01492565,,/e/project1/m3/blank4/code/starVLA/playground/Checkpoints/ervla_zonly_pi_sharedz_ground_temporal_v5_s43/results/libero-plus/libero_10/overall_results.json,False
starVLA,ervla_zonly_pi_sharedz_ground_temporal_v5_s43,shared-z/zonly,43,libero-plus,libero-plus/libero_goal,libero_goal,,1000,801,0.80100000,0.01262533,,/e/project1/m3/blank4/code/starVLA/playground/Checkpoints/ervla_zonly_pi_sharedz_ground_temporal_v5_s43/results/libero-plus/libero_goal/overall_results.json,False
starVLA,ervla_zonly_pi_sharedz_ground_temporal_v5_s43,shared-z/zonly,43,libero-plus,libero-plus/libero_object,libero_object,,1000,854,0.85400000,0.01116620,,/e/project1/m3/blank4/code/starVLA/playground/Checkpoints/ervla_zonly_pi_sharedz_ground_temporal_v5_s43/results/libero-plus/libero_object/overall_results.json,False
starVLA,ervla_zonly_pi_sharedz_ground_temporal_v5_s43,shared-z/zonly,43,libero-plus,libero-plus/libero_spatial,libero_spatial,,1000,811,0.81100000,0.01238059,,/e/project1/m3/blank4/code/starVLA/playground/Checkpoints/ervla_zonly_pi_sharedz_ground_temporal_v5_s43/results/libero-plus/libero_spatial/overall_results.json,False
starVLA,ervla_zshuf_pi_sharedz_ground_temporal,shared-z/zonly,42,libero-plus,libero-plus,libero_10,,1000,677,0.67700000,0.01478753,,/e/project1/m3/blank4/code/starVLA/playground/Checkpoints/ervla_zshuf_pi_sharedz_ground_temporal/results/libero-plus/overall_results.json,True
starVLA,ervla_zshuf_pi_sharedz_ground_temporal,shared-z/zonly,42,libero-plus,libero-plus,libero_goal,,1000,742,0.74200000,0.01383604,,/e/project1/m3/blank4/code/starVLA/playground/Checkpoints/ervla_zshuf_pi_sharedz_ground_temporal/results/libero-plus/overall_results.json,True
starVLA,ervla_zshuf_pi_sharedz_ground_temporal,shared-z/zonly,42,libero-plus,libero-plus,libero_object,,1000,819,0.81900000,0.01217534,,/e/project1/m3/blank4/code/starVLA/playground/Checkpoints/ervla_zshuf_pi_sharedz_ground_temporal/results/libero-plus/overall_results.json,True
starVLA,ervla_zshuf_pi_sharedz_ground_temporal,shared-z/zonly,42,libero-plus,libero-plus,libero_spatial,,1000,787,0.78700000,0.01294724,,/e/project1/m3/blank4/code/starVLA/playground/Checkpoints/ervla_zshuf_pi_sharedz_ground_temporal/results/libero-plus/overall_results.json,True
starVLA,ervla_zshuf_pi_sharedz_ground_temporal,shared-z/zonly,42,libero-plus,libero-plus/libero_10,libero_10,,1000,677,0.67700000,0.01478753,,/e/project1/m3/blank4/code/starVLA/playground/Checkpoints/ervla_zshuf_pi_sharedz_ground_temporal/results/libero-plus/libero_10/overall_results.json,False
starVLA,ervla_zshuf_pi_sharedz_ground_temporal,shared-z/zonly,42,libero-plus,libero-plus/libero_goal,libero_goal,,1000,742,0.74200000,0.01383604,,/e/project1/m3/blank4/code/starVLA/playground/Checkpoints/ervla_zshuf_pi_sharedz_ground_temporal/results/libero-plus/libero_goal/overall_results.json,False
starVLA,ervla_zshuf_pi_sharedz_ground_temporal,shared-z/zonly,42,libero-plus,libero-plus/libero_object,libero_object,,1000,819,0.81900000,0.01217534,,/e/project1/m3/blank4/code/starVLA/playground/Checkpoints/ervla_zshuf_pi_sharedz_ground_temporal/results/libero-plus/libero_object/overall_results.json,False
starVLA,ervla_zshuf_pi_sharedz_ground_temporal,shared-z/zonly,42,libero-plus,libero-plus/libero_spatial,libero_spatial,,1000,787,0.78700000,0.01294724,,/e/project1/m3/blank4/code/starVLA/playground/Checkpoints/ervla_zshuf_pi_sharedz_ground_temporal/results/libero-plus/libero_spatial/overall_results.json,False
starVLA,ervla_zsup_pi_sharedz_ground_temporal,shared-z/zsup,42,libero-plus,libero-plus,libero_10,,64,47,0.73437500,0.05520818,,/e/project1/m3/blank4/code/starVLA/playground/Checkpoints/ervla_zsup_pi_sharedz_ground_temporal/results/libero-plus/overall_results.json,False
starVLA,ervla_zsup_pi_sharedz_ground_temporal,shared-z/zsup,42,libero-plus,libero-plus,libero_goal,,64,50,0.78125000,0.05167483,,/e/project1/m3/blank4/code/starVLA/playground/Checkpoints/ervla_zsup_pi_sharedz_ground_temporal/results/libero-plus/overall_results.json,False
starVLA,ervla_zsup_pi_sharedz_ground_temporal,shared-z/zsup,42,libero-plus,libero-plus,libero_object,,64,52,0.81250000,0.04878905,,/e/project1/m3/blank4/code/starVLA/playground/Checkpoints/ervla_zsup_pi_sharedz_ground_temporal/results/libero-plus/overall_results.json,False
starVLA,ervla_zsup_pi_sharedz_ground_temporal,shared-z/zsup,42,libero-plus,libero-plus,libero_spatial,,64,53,0.82812500,0.04715897,,/e/project1/m3/blank4/code/starVLA/playground/Checkpoints/ervla_zsup_pi_sharedz_ground_temporal/results/libero-plus/overall_results.json,False
starVLA,ervla_zsup_pi_sharedz_ground_temporal,shared-z/zsup,42,libero-plus,libero-plus/libero_10,libero_10,,64,47,0.73437500,0.05520818,,/e/project1/m3/blank4/code/starVLA/playground/Checkpoints/ervla_zsup_pi_sharedz_ground_temporal/results/libero-plus/libero_10/overall_results.json,False
starVLA,ervla_zsup_pi_sharedz_ground_temporal,shared-z/zsup,42,libero-plus,libero-plus/libero_goal,libero_goal,,64,50,0.78125000,0.05167483,,/e/project1/m3/blank4/code/starVLA/playground/Checkpoints/ervla_zsup_pi_sharedz_ground_temporal/results/libero-plus/libero_goal/overall_results.json,False
starVLA,ervla_zsup_pi_sharedz_ground_temporal,shared-z/zsup,42,libero-plus,libero-plus/libero_object,libero_object,,64,52,0.81250000,0.04878905,,/e/project1/m3/blank4/code/starVLA/playground/Checkpoints/ervla_zsup_pi_sharedz_ground_temporal/results/libero-plus/libero_object/overall_results.json,False
starVLA,ervla_zsup_pi_sharedz_ground_temporal,shared-z/zsup,42,libero-plus,libero-plus/libero_spatial,libero_spatial,,64,53,0.82812500,0.04715897,,/e/project1/m3/blank4/code/starVLA/playground/Checkpoints/ervla_zsup_pi_sharedz_ground_temporal/results/libero-plus/libero_spatial/overall_results.json,False
starVLA,ervla_zsupdec_pi_sharedz_ground_temporal,shared-z/zsup,42,libero-plus,libero-plus,libero_10,,64,42,0.65625000,0.05936986,,/e/project1/m3/blank4/code/starVLA/playground/Checkpoints/ervla_zsupdec_pi_sharedz_ground_temporal/results/libero-plus/overall_results.json,False
starVLA,ervla_zsupdec_pi_sharedz_ground_temporal,shared-z/zsup,42,libero-plus,libero-plus,libero_goal,,64,51,0.79687500,0.05029060,,/e/project1/m3/blank4/code/starVLA/playground/Checkpoints/ervla_zsupdec_pi_sharedz_ground_temporal/results/libero-plus/overall_results.json,False
starVLA,ervla_zsupdec_pi_sharedz_ground_temporal,shared-z/zsup,42,libero-plus,libero-plus,libero_object,,64,50,0.78125000,0.05167483,,/e/project1/m3/blank4/code/starVLA/playground/Checkpoints/ervla_zsupdec_pi_sharedz_ground_temporal/results/libero-plus/overall_results.json,False
starVLA,ervla_zsupdec_pi_sharedz_ground_temporal,shared-z/zsup,42,libero-plus,libero-plus,libero_spatial,,64,49,0.76562500,0.05295094,,/e/project1/m3/blank4/code/starVLA/playground/Checkpoints/ervla_zsupdec_pi_sharedz_ground_temporal/results/libero-plus/overall_results.json,False
starVLA,ervla_zsupdec_pi_sharedz_ground_temporal,shared-z/zsup,42,libero-plus,libero-plus/libero_10,libero_10,,64,42,0.65625000,0.05936986,,/e/project1/m3/blank4/code/starVLA/playground/Checkpoints/ervla_zsupdec_pi_sharedz_ground_temporal/results/libero-plus/libero_10/overall_results.json,False
starVLA,ervla_zsupdec_pi_sharedz_ground_temporal,shared-z/zsup,42,libero-plus,libero-plus/libero_goal,libero_goal,,64,51,0.79687500,0.05029060,,/e/project1/m3/blank4/code/starVLA/playground/Checkpoints/ervla_zsupdec_pi_sharedz_ground_temporal/results/libero-plus/libero_goal/overall_results.json,False
starVLA,ervla_zsupdec_pi_sharedz_ground_temporal,shared-z/zsup,42,libero-plus,libero-plus/libero_object,libero_object,,64,50,0.78125000,0.05167483,,/e/project1/m3/blank4/code/starVLA/playground/Checkpoints/ervla_zsupdec_pi_sharedz_ground_temporal/results/libero-plus/libero_object/overall_results.json,False
starVLA,ervla_zsupdec_pi_sharedz_ground_temporal,shared-z/zsup,42,libero-plus,libero-plus/libero_spatial,libero_spatial,,64,49,0.76562500,0.05295094,,/e/project1/m3/blank4/code/starVLA/playground/Checkpoints/ervla_zsupdec_pi_sharedz_ground_temporal/results/libero-plus/libero_spatial/overall_results.json,False
starVLA,ervla_zunsup_pi_sharedz_dist,shared-z/zonly,42,libero-plus,libero-plus,libero_10,,64,39,0.60937500,0.06098631,,/e/project1/m3/blank4/code/starVLA/playground/Checkpoints/ervla_zunsup_pi_sharedz_dist/results/libero-plus/overall_results.json,False
starVLA,ervla_zunsup_pi_sharedz_dist,shared-z/zonly,42,libero-plus,libero-plus,libero_goal,,64,50,0.78125000,0.05167483,,/e/project1/m3/blank4/code/starVLA/playground/Checkpoints/ervla_zunsup_pi_sharedz_dist/results/libero-plus/overall_results.json,False
starVLA,ervla_zunsup_pi_sharedz_dist,shared-z/zonly,42,libero-plus,libero-plus,libero_object,,64,54,0.84375000,0.04538652,,/e/project1/m3/blank4/code/starVLA/playground/Checkpoints/ervla_zunsup_pi_sharedz_dist/results/libero-plus/overall_results.json,False
starVLA,ervla_zunsup_pi_sharedz_dist,shared-z/zonly,42,libero-plus,libero-plus,libero_spatial,,64,43,0.67187500,0.05869133,,/e/project1/m3/blank4/code/starVLA/playground/Checkpoints/ervla_zunsup_pi_sharedz_dist/results/libero-plus/overall_results.json,False
starVLA,ervla_zunsup_pi_sharedz_dist,shared-z/zonly,42,libero-plus,libero-plus/libero_10,libero_10,,64,39,0.60937500,0.06098631,,/e/project1/m3/blank4/code/starVLA/playground/Checkpoints/ervla_zunsup_pi_sharedz_dist/results/libero-plus/libero_10/overall_results.json,False
starVLA,ervla_zunsup_pi_sharedz_dist,shared-z/zonly,42,libero-plus,libero-plus/libero_goal,libero_goal,,64,50,0.78125000,0.05167483,,/e/project1/m3/blank4/code/starVLA/playground/Checkpoints/ervla_zunsup_pi_sharedz_dist/results/libero-plus/libero_goal/overall_results.json,False
starVLA,ervla_zunsup_pi_sharedz_dist,shared-z/zonly,42,libero-plus,libero-plus/libero_object,libero_object,,64,54,0.84375000,0.04538652,,/e/project1/m3/blank4/code/starVLA/playground/Checkpoints/ervla_zunsup_pi_sharedz_dist/results/libero-plus/libero_object/overall_results.json,False
starVLA,ervla_zunsup_pi_sharedz_dist,shared-z/zonly,42,libero-plus,libero-plus/libero_spatial,libero_spatial,,64,43,0.67187500,0.05869133,,/e/project1/m3/blank4/code/starVLA/playground/Checkpoints/ervla_zunsup_pi_sharedz_dist/results/libero-plus/libero_spatial/overall_results.json,False
starVLA,libero_encdec_arm_base,encoder,42,libero-plus,libero-plus,libero_10,,144,0,0.00000000,0.00000000,,/e/project1/m3/blank4/code/starVLA/playground/Checkpoints/libero_encdec_arm_base/results/libero-plus/overall_results.json,False
starVLA,libero_encdec_arm_base,encoder,42,libero-plus,libero-plus,libero_goal,,92,1,0.01086957,0.01081033,,/e/project1/m3/blank4/code/starVLA/playground/Checkpoints/libero_encdec_arm_base/results/libero-plus/overall_results.json,False
starVLA,libero_encdec_arm_base,encoder,42,libero-plus,libero-plus,libero_object,,92,1,0.01086957,0.01081033,,/e/project1/m3/blank4/code/starVLA/playground/Checkpoints/libero_encdec_arm_base/results/libero-plus/overall_results.json,False
starVLA,libero_encdec_arm_base,encoder,42,libero-plus,libero-plus,libero_spatial,,92,0,0.00000000,0.00000000,,/e/project1/m3/blank4/code/starVLA/playground/Checkpoints/libero_encdec_arm_base/results/libero-plus/overall_results.json,False
starVLA,libero_encdec_arm_base,encoder,42,libero-plus,libero-plus/libero_10,libero_10,,144,0,0.00000000,0.00000000,,/e/project1/m3/blank4/code/starVLA/playground/Checkpoints/libero_encdec_arm_base/results/libero-plus/libero_10/overall_results.json,False
starVLA,libero_encdec_arm_base,encoder,42,libero-plus,libero-plus/libero_goal,libero_goal,,92,1,0.01086957,0.01081033,,/e/project1/m3/blank4/code/starVLA/playground/Checkpoints/libero_encdec_arm_base/results/libero-plus/libero_goal/overall_results.json,False
starVLA,libero_encdec_arm_base,encoder,42,libero-plus,libero-plus/libero_object,libero_object,,92,1,0.01086957,0.01081033,,/e/project1/m3/blank4/code/starVLA/playground/Checkpoints/libero_encdec_arm_base/results/libero-plus/libero_object/overall_results.json,False
starVLA,libero_encdec_arm_base,encoder,42,libero-plus,libero-plus/libero_spatial,libero_spatial,,92,0,0.00000000,0.00000000,,/e/project1/m3/blank4/code/starVLA/playground/Checkpoints/libero_encdec_arm_base/results/libero-plus/libero_spatial/overall_results.json,False
starVLA,libero_encdec_arm_blind,encoder,42,libero-plus,libero-plus,libero_10,,116,0,0.00000000,0.00000000,,/e/project1/m3/blank4/code/starVLA/playground/Checkpoints/libero_encdec_arm_blind/results/libero-plus/overall_results.json,False
starVLA,libero_encdec_arm_blind,encoder,42,libero-plus,libero-plus,libero_goal,,64,0,0.00000000,0.00000000,,/e/project1/m3/blank4/code/starVLA/playground/Checkpoints/libero_encdec_arm_blind/results/libero-plus/overall_results.json,False
starVLA,libero_encdec_arm_blind,encoder,42,libero-plus,libero-plus,libero_object,,64,0,0.00000000,0.00000000,,/e/project1/m3/blank4/code/starVLA/playground/Checkpoints/libero_encdec_arm_blind/results/libero-plus/overall_results.json,False
starVLA,libero_encdec_arm_blind,encoder,42,libero-plus,libero-plus,libero_spatial,,64,0,0.00000000,0.00000000,,/e/project1/m3/blank4/code/starVLA/playground/Checkpoints/libero_encdec_arm_blind/results/libero-plus/overall_results.json,False
starVLA,libero_encdec_arm_blind,encoder,42,libero-plus,libero-plus/libero_10,libero_10,,116,0,0.00000000,0.00000000,,/e/project1/m3/blank4/code/starVLA/playground/Checkpoints/libero_encdec_arm_blind/results/libero-plus/libero_10/overall_results.json,False
starVLA,libero_encdec_arm_blind,encoder,42,libero-plus,libero-plus/libero_goal,libero_goal,,64,0,0.00000000,0.00000000,,/e/project1/m3/blank4/code/starVLA/playground/Checkpoints/libero_encdec_arm_blind/results/libero-plus/libero_goal/overall_results.json,False
starVLA,libero_encdec_arm_blind,encoder,42,libero-plus,libero-plus/libero_object,libero_object,,64,0,0.00000000,0.00000000,,/e/project1/m3/blank4/code/starVLA/playground/Checkpoints/libero_encdec_arm_blind/results/libero-plus/libero_object/overall_results.json,False
starVLA,libero_encdec_arm_blind,encoder,42,libero-plus,libero-plus/libero_spatial,libero_spatial,,64,0,0.00000000,0.00000000,,/e/project1/m3/blank4/code/starVLA/playground/Checkpoints/libero_encdec_arm_blind/results/libero-plus/libero_spatial/overall_results.json,False
starVLA,libero_encdec_arm_causal_maskft_all4,encoder,42,libero-plus,libero-plus,libero_10,,103,0,0.00000000,0.00000000,,/e/project1/m3/blank4/code/starVLA/playground/Checkpoints/libero_encdec_arm_causal_maskft_all4/results/libero-plus/overall_results.json,False
starVLA,libero_encdec_arm_causal_maskft_all4,encoder,42,libero-plus,libero-plus,libero_goal,,64,0,0.00000000,0.00000000,,/e/project1/m3/blank4/code/starVLA/playground/Checkpoints/libero_encdec_arm_causal_maskft_all4/results/libero-plus/overall_results.json,False
starVLA,libero_encdec_arm_causal_maskft_all4,encoder,42,libero-plus,libero-plus,libero_object,,64,0,0.00000000,0.00000000,,/e/project1/m3/blank4/code/starVLA/playground/Checkpoints/libero_encdec_arm_causal_maskft_all4/results/libero-plus/overall_results.json,False
starVLA,libero_encdec_arm_causal_maskft_all4,encoder,42,libero-plus,libero-plus,libero_spatial,,64,0,0.00000000,0.00000000,,/e/project1/m3/blank4/code/starVLA/playground/Checkpoints/libero_encdec_arm_causal_maskft_all4/results/libero-plus/overall_results.json,False
starVLA,libero_encdec_arm_causal_maskft_all4,encoder,42,libero-plus,libero-plus/libero_10,libero_10,,103,0,0.00000000,0.00000000,,/e/project1/m3/blank4/code/starVLA/playground/Checkpoints/libero_encdec_arm_causal_maskft_all4/results/libero-plus/libero_10/overall_results.json,False
starVLA,libero_encdec_arm_causal_maskft_all4,encoder,42,libero-plus,libero-plus/libero_goal,libero_goal,,64,0,0.00000000,0.00000000,,/e/project1/m3/blank4/code/starVLA/playground/Checkpoints/libero_encdec_arm_causal_maskft_all4/results/libero-plus/libero_goal/overall_results.json,False
starVLA,libero_encdec_arm_causal_maskft_all4,encoder,42,libero-plus,libero-plus/libero_object,libero_object,,64,0,0.00000000,0.00000000,,/e/project1/m3/blank4/code/starVLA/playground/Checkpoints/libero_encdec_arm_causal_maskft_all4/results/libero-plus/libero_object/overall_results.json,False
starVLA,libero_encdec_arm_causal_maskft_all4,encoder,42,libero-plus,libero-plus/libero_spatial,libero_spatial,,64,0,0.00000000,0.00000000,,/e/project1/m3/blank4/code/starVLA/playground/Checkpoints/libero_encdec_arm_causal_maskft_all4/results/libero-plus/libero_spatial/overall_results.json,False
starVLA,libero_encdec_arm_encdec,encoder,42,libero-plus,libero-plus,libero_10,,144,0,0.00000000,0.00000000,,/e/project1/m3/blank4/code/starVLA/playground/Checkpoints/libero_encdec_arm_encdec/results/libero-plus/overall_results.json,False
starVLA,libero_encdec_arm_encdec,encoder,42,libero-plus,libero-plus,libero_goal,,92,0,0.00000000,0.00000000,,/e/project1/m3/blank4/code/starVLA/playground/Checkpoints/libero_encdec_arm_encdec/results/libero-plus/overall_results.json,False
starVLA,libero_encdec_arm_encdec,encoder,42,libero-plus,libero-plus,libero_object,,92,0,0.00000000,0.00000000,,/e/project1/m3/blank4/code/starVLA/playground/Checkpoints/libero_encdec_arm_encdec/results/libero-plus/overall_results.json,False
starVLA,libero_encdec_arm_encdec,encoder,42,libero-plus,libero-plus,libero_spatial,,92,0,0.00000000,0.00000000,,/e/project1/m3/blank4/code/starVLA/playground/Checkpoints/libero_encdec_arm_encdec/results/libero-plus/overall_results.json,False
starVLA,libero_encdec_arm_encdec,encoder,42,libero-plus,libero-plus/libero_10,libero_10,,144,0,0.00000000,0.00000000,,/e/project1/m3/blank4/code/starVLA/playground/Checkpoints/libero_encdec_arm_encdec/results/libero-plus/libero_10/overall_results.json,False
starVLA,libero_encdec_arm_encdec,encoder,42,libero-plus,libero-plus/libero_goal,libero_goal,,92,0,0.00000000,0.00000000,,/e/project1/m3/blank4/code/starVLA/playground/Checkpoints/libero_encdec_arm_encdec/results/libero-plus/libero_goal/overall_results.json,False
starVLA,libero_encdec_arm_encdec,encoder,42,libero-plus,libero-plus/libero_object,libero_object,,92,0,0.00000000,0.00000000,,/e/project1/m3/blank4/code/starVLA/playground/Checkpoints/libero_encdec_arm_encdec/results/libero-plus/libero_object/overall_results.json,False
starVLA,libero_encdec_arm_encdec,encoder,42,libero-plus,libero-plus/libero_spatial,libero_spatial,,92,0,0.00000000,0.00000000,,/e/project1/m3/blank4/code/starVLA/playground/Checkpoints/libero_encdec_arm_encdec/results/libero-plus/libero_spatial/overall_results.json,False
starVLA,libero_encdec_arm_futuremask_all4,encoder,42,libero-plus,libero-plus,libero_10,,103,0,0.00000000,0.00000000,,/e/project1/m3/blank4/code/starVLA/playground/Checkpoints/libero_encdec_arm_futuremask_all4/results/libero-plus/overall_results.json,False
starVLA,libero_encdec_arm_futuremask_all4,encoder,42,libero-plus,libero-plus,libero_goal,,64,0,0.00000000,0.00000000,,/e/project1/m3/blank4/code/starVLA/playground/Checkpoints/libero_encdec_arm_futuremask_all4/results/libero-plus/overall_results.json,False
starVLA,libero_encdec_arm_futuremask_all4,encoder,42,libero-plus,libero-plus,libero_object,,64,0,0.00000000,0.00000000,,/e/project1/m3/blank4/code/starVLA/playground/Checkpoints/libero_encdec_arm_futuremask_all4/results/libero-plus/overall_results.json,False
starVLA,libero_encdec_arm_futuremask_all4,encoder,42,libero-plus,libero-plus,libero_spatial,,64,0,0.00000000,0.00000000,,/e/project1/m3/blank4/code/starVLA/playground/Checkpoints/libero_encdec_arm_futuremask_all4/results/libero-plus/overall_results.json,False
starVLA,libero_encdec_arm_futuremask_all4,encoder,42,libero-plus,libero-plus/libero_10,libero_10,,103,0,0.00000000,0.00000000,,/e/project1/m3/blank4/code/starVLA/playground/Checkpoints/libero_encdec_arm_futuremask_all4/results/libero-plus/libero_10/overall_results.json,False
starVLA,libero_encdec_arm_futuremask_all4,encoder,42,libero-plus,libero-plus/libero_goal,libero_goal,,64,0,0.00000000,0.00000000,,/e/project1/m3/blank4/code/starVLA/playground/Checkpoints/libero_encdec_arm_futuremask_all4/results/libero-plus/libero_goal/overall_results.json,False
starVLA,libero_encdec_arm_futuremask_all4,encoder,42,libero-plus,libero-plus/libero_object,libero_object,,64,0,0.00000000,0.00000000,,/e/project1/m3/blank4/code/starVLA/playground/Checkpoints/libero_encdec_arm_futuremask_all4/results/libero-plus/libero_object/overall_results.json,False
starVLA,libero_encdec_arm_futuremask_all4,encoder,42,libero-plus,libero-plus/libero_spatial,libero_spatial,,64,0,0.00000000,0.00000000,,/e/project1/m3/blank4/code/starVLA/playground/Checkpoints/libero_encdec_arm_futuremask_all4/results/libero-plus/libero_spatial/overall_results.json,False
starVLA,libero_encdec_arm_maskft,encoder,42,libero-plus,libero-plus,libero_10,,116,0,0.00000000,0.00000000,,/e/project1/m3/blank4/code/starVLA/playground/Checkpoints/libero_encdec_arm_maskft/results/libero-plus/overall_results.json,False
starVLA,libero_encdec_arm_maskft,encoder,42,libero-plus,libero-plus,libero_goal,,64,0,0.00000000,0.00000000,,/e/project1/m3/blank4/code/starVLA/playground/Checkpoints/libero_encdec_arm_maskft/results/libero-plus/overall_results.json,False
starVLA,libero_encdec_arm_maskft,encoder,42,libero-plus,libero-plus,libero_object,,64,0,0.00000000,0.00000000,,/e/project1/m3/blank4/code/starVLA/playground/Checkpoints/libero_encdec_arm_maskft/results/libero-plus/overall_results.json,False
starVLA,libero_encdec_arm_maskft,encoder,42,libero-plus,libero-plus,libero_spatial,,64,0,0.00000000,0.00000000,,/e/project1/m3/blank4/code/starVLA/playground/Checkpoints/libero_encdec_arm_maskft/results/libero-plus/overall_results.json,False
starVLA,libero_encdec_arm_maskft,encoder,42,libero-plus,libero-plus/libero_10,libero_10,,116,0,0.00000000,0.00000000,,/e/project1/m3/blank4/code/starVLA/playground/Checkpoints/libero_encdec_arm_maskft/results/libero-plus/libero_10/overall_results.json,False
starVLA,libero_encdec_arm_maskft,encoder,42,libero-plus,libero-plus/libero_goal,libero_goal,,64,0,0.00000000,0.00000000,,/e/project1/m3/blank4/code/starVLA/playground/Checkpoints/libero_encdec_arm_maskft/results/libero-plus/libero_goal/overall_results.json,False
starVLA,libero_encdec_arm_maskft,encoder,42,libero-plus,libero-plus/libero_object,libero_object,,64,0,0.00000000,0.00000000,,/e/project1/m3/blank4/code/starVLA/playground/Checkpoints/libero_encdec_arm_maskft/results/libero-plus/libero_object/overall_results.json,False
starVLA,libero_encdec_arm_maskft,encoder,42,libero-plus,libero-plus/libero_spatial,libero_spatial,,64,0,0.00000000,0.00000000,,/e/project1/m3/blank4/code/starVLA/playground/Checkpoints/libero_encdec_arm_maskft/results/libero-plus/libero_spatial/overall_results.json,False
starVLA,libero_encdec_arm_maskft_all4,encoder,42,libero-plus,libero-plus,libero_10,,116,0,0.00000000,0.00000000,,/e/project1/m3/blank4/code/starVLA/playground/Checkpoints/libero_encdec_arm_maskft_all4/results/libero-plus/overall_results.json,False
starVLA,libero_encdec_arm_maskft_all4,encoder,42,libero-plus,libero-plus,libero_goal,,64,0,0.00000000,0.00000000,,/e/project1/m3/blank4/code/starVLA/playground/Checkpoints/libero_encdec_arm_maskft_all4/results/libero-plus/overall_results.json,False
starVLA,libero_encdec_arm_maskft_all4,encoder,42,libero-plus,libero-plus,libero_object,,64,0,0.00000000,0.00000000,,/e/project1/m3/blank4/code/starVLA/playground/Checkpoints/libero_encdec_arm_maskft_all4/results/libero-plus/overall_results.json,False
starVLA,libero_encdec_arm_maskft_all4,encoder,42,libero-plus,libero-plus,libero_spatial,,64,0,0.00000000,0.00000000,,/e/project1/m3/blank4/code/starVLA/playground/Checkpoints/libero_encdec_arm_maskft_all4/results/libero-plus/overall_results.json,False
starVLA,libero_encdec_arm_maskft_all4,encoder,42,libero-plus,libero-plus/libero_10,libero_10,,116,0,0.00000000,0.00000000,,/e/project1/m3/blank4/code/starVLA/playground/Checkpoints/libero_encdec_arm_maskft_all4/results/libero-plus/libero_10/overall_results.json,False
starVLA,libero_encdec_arm_maskft_all4,encoder,42,libero-plus,libero-plus/libero_goal,libero_goal,,64,0,0.00000000,0.00000000,,/e/project1/m3/blank4/code/starVLA/playground/Checkpoints/libero_encdec_arm_maskft_all4/results/libero-plus/libero_goal/overall_results.json,False
starVLA,libero_encdec_arm_maskft_all4,encoder,42,libero-plus,libero-plus/libero_object,libero_object,,64,0,0.00000000,0.00000000,,/e/project1/m3/blank4/code/starVLA/playground/Checkpoints/libero_encdec_arm_maskft_all4/results/libero-plus/libero_object/overall_results.json,False
starVLA,libero_encdec_arm_maskft_all4,encoder,42,libero-plus,libero-plus/libero_spatial,libero_spatial,,64,0,0.00000000,0.00000000,,/e/project1/m3/blank4/code/starVLA/playground/Checkpoints/libero_encdec_arm_maskft_all4/results/libero-plus/libero_spatial/overall_results.json,False
starVLA,libero_gr00t_arm_base,GR00T/other-backbone,42,libero-plus,libero-plus,libero_10,,64,16,0.25000000,0.05412659,,/e/project1/m3/blank4/code/starVLA/playground/Checkpoints/libero_gr00t_arm_base/results/libero-plus/overall_results.json,False
starVLA,libero_gr00t_arm_base,GR00T/other-backbone,42,libero-plus,libero-plus,libero_goal,,64,18,0.28125000,0.05620115,,/e/project1/m3/blank4/code/starVLA/playground/Checkpoints/libero_gr00t_arm_base/results/libero-plus/overall_results.json,False
starVLA,libero_gr00t_arm_base,GR00T/other-backbone,42,libero-plus,libero-plus,libero_object,,64,22,0.34375000,0.05936986,,/e/project1/m3/blank4/code/starVLA/playground/Checkpoints/libero_gr00t_arm_base/results/libero-plus/overall_results.json,False
starVLA,libero_gr00t_arm_base,GR00T/other-backbone,42,libero-plus,libero-plus,libero_spatial,,64,27,0.42187500,0.06173235,,/e/project1/m3/blank4/code/starVLA/playground/Checkpoints/libero_gr00t_arm_base/results/libero-plus/overall_results.json,False
starVLA,libero_gr00t_arm_base,GR00T/other-backbone,42,libero-plus,libero-plus/libero_10,libero_10,,64,16,0.25000000,0.05412659,,/e/project1/m3/blank4/code/starVLA/playground/Checkpoints/libero_gr00t_arm_base/results/libero-plus/libero_10/overall_results.json,False
starVLA,libero_gr00t_arm_base,GR00T/other-backbone,42,libero-plus,libero-plus/libero_goal,libero_goal,,64,18,0.28125000,0.05620115,,/e/project1/m3/blank4/code/starVLA/playground/Checkpoints/libero_gr00t_arm_base/results/libero-plus/libero_goal/overall_results.json,False
starVLA,libero_gr00t_arm_base,GR00T/other-backbone,42,libero-plus,libero-plus/libero_object,libero_object,,64,22,0.34375000,0.05936986,,/e/project1/m3/blank4/code/starVLA/playground/Checkpoints/libero_gr00t_arm_base/results/libero-plus/libero_object/overall_results.json,False
starVLA,libero_gr00t_arm_base,GR00T/other-backbone,42,libero-plus,libero-plus/libero_spatial,libero_spatial,,64,27,0.42187500,0.06173235,,/e/project1/m3/blank4/code/starVLA/playground/Checkpoints/libero_gr00t_arm_base/results/libero-plus/libero_spatial/overall_results.json,False
starVLA,libero_gr00t_arm_bothcam,GR00T/other-backbone,42,libero-plus,libero-plus,libero_10,,64,16,0.25000000,0.05412659,,/e/project1/m3/blank4/code/starVLA/playground/Checkpoints/libero_gr00t_arm_bothcam/results/libero-plus/overall_results.json,False
starVLA,libero_gr00t_arm_bothcam,GR00T/other-backbone,42,libero-plus,libero-plus,libero_goal,,64,30,0.46875000,0.06237781,,/e/project1/m3/blank4/code/starVLA/playground/Checkpoints/libero_gr00t_arm_bothcam/results/libero-plus/overall_results.json,False
starVLA,libero_gr00t_arm_bothcam,GR00T/other-backbone,42,libero-plus,libero-plus,libero_object,,64,31,0.48437500,0.06246947,,/e/project1/m3/blank4/code/starVLA/playground/Checkpoints/libero_gr00t_arm_bothcam/results/libero-plus/overall_results.json,False
starVLA,libero_gr00t_arm_bothcam,GR00T/other-backbone,42,libero-plus,libero-plus,libero_spatial,,64,29,0.45312500,0.06222474,,/e/project1/m3/blank4/code/starVLA/playground/Checkpoints/libero_gr00t_arm_bothcam/results/libero-plus/overall_results.json,False
starVLA,libero_gr00t_arm_bothcam,GR00T/other-backbone,42,libero-plus,libero-plus/libero_10,libero_10,,64,16,0.25000000,0.05412659,,/e/project1/m3/blank4/code/starVLA/playground/Checkpoints/libero_gr00t_arm_bothcam/results/libero-plus/libero_10/overall_results.json,False
starVLA,libero_gr00t_arm_bothcam,GR00T/other-backbone,42,libero-plus,libero-plus/libero_goal,libero_goal,,64,30,0.46875000,0.06237781,,/e/project1/m3/blank4/code/starVLA/playground/Checkpoints/libero_gr00t_arm_bothcam/results/libero-plus/libero_goal/overall_results.json,False
starVLA,libero_gr00t_arm_bothcam,GR00T/other-backbone,42,libero-plus,libero-plus/libero_object,libero_object,,64,31,0.48437500,0.06246947,,/e/project1/m3/blank4/code/starVLA/playground/Checkpoints/libero_gr00t_arm_bothcam/results/libero-plus/libero_object/overall_results.json,False
starVLA,libero_gr00t_arm_bothcam,GR00T/other-backbone,42,libero-plus,libero-plus/libero_spatial,libero_spatial,,64,29,0.45312500,0.06222474,,/e/project1/m3/blank4/code/starVLA/playground/Checkpoints/libero_gr00t_arm_bothcam/results/libero-plus/libero_spatial/overall_results.json,False
starVLA,libero_gr00t_arm_causal_maskft,causal,42,libero-plus,libero-plus,libero_10,,38,5,0.13157895,0.05483610,,/e/project1/m3/blank4/code/starVLA/playground/Checkpoints/libero_gr00t_arm_causal_maskft/results/libero-plus/overall_results.json,False
starVLA,libero_gr00t_arm_causal_maskft,causal,42,libero-plus,libero-plus,libero_goal,,32,9,0.28125000,0.07948043,,/e/project1/m3/blank4/code/starVLA/playground/Checkpoints/libero_gr00t_arm_causal_maskft/results/libero-plus/overall_results.json,False
starVLA,libero_gr00t_arm_causal_maskft,causal,42,libero-plus,libero-plus,libero_object,,32,4,0.12500000,0.05846340,,/e/project1/m3/blank4/code/starVLA/playground/Checkpoints/libero_gr00t_arm_causal_maskft/results/libero-plus/overall_results.json,False
starVLA,libero_gr00t_arm_causal_maskft,causal,42,libero-plus,libero-plus,libero_spatial,,32,13,0.40625000,0.08682075,,/e/project1/m3/blank4/code/starVLA/playground/Checkpoints/libero_gr00t_arm_causal_maskft/results/libero-plus/overall_results.json,False
starVLA,libero_gr00t_arm_causal_maskft,causal,42,libero-plus,libero-plus/libero_10,libero_10,,38,5,0.13157895,0.05483610,,/e/project1/m3/blank4/code/starVLA/playground/Checkpoints/libero_gr00t_arm_causal_maskft/results/libero-plus/libero_10/overall_results.json,False
starVLA,libero_gr00t_arm_causal_maskft,causal,42,libero-plus,libero-plus/libero_goal,libero_goal,,32,9,0.28125000,0.07948043,,/e/project1/m3/blank4/code/starVLA/playground/Checkpoints/libero_gr00t_arm_causal_maskft/results/libero-plus/libero_goal/overall_results.json,False
starVLA,libero_gr00t_arm_causal_maskft,causal,42,libero-plus,libero-plus/libero_object,libero_object,,32,4,0.12500000,0.05846340,,/e/project1/m3/blank4/code/starVLA/playground/Checkpoints/libero_gr00t_arm_causal_maskft/results/libero-plus/libero_object/overall_results.json,False
starVLA,libero_gr00t_arm_causal_maskft,causal,42,libero-plus,libero-plus/libero_spatial,libero_spatial,,32,13,0.40625000,0.08682075,,/e/project1/m3/blank4/code/starVLA/playground/Checkpoints/libero_gr00t_arm_causal_maskft/results/libero-plus/libero_spatial/overall_results.json,False
starVLA,libero_gr00t_arm_crand,GR00T/other-backbone,42,libero-plus,libero-plus,libero_10,,64,19,0.29687500,0.05711012,,/e/project1/m3/blank4/code/starVLA/playground/Checkpoints/libero_gr00t_arm_crand/results/libero-plus/overall_results.json,False
starVLA,libero_gr00t_arm_crand,GR00T/other-backbone,42,libero-plus,libero-plus,libero_goal,,64,27,0.42187500,0.06173235,,/e/project1/m3/blank4/code/starVLA/playground/Checkpoints/libero_gr00t_arm_crand/results/libero-plus/overall_results.json,False
starVLA,libero_gr00t_arm_crand,GR00T/other-backbone,42,libero-plus,libero-plus,libero_object,,64,32,0.50000000,0.06250000,,/e/project1/m3/blank4/code/starVLA/playground/Checkpoints/libero_gr00t_arm_crand/results/libero-plus/overall_results.json,False
starVLA,libero_gr00t_arm_crand,GR00T/other-backbone,42,libero-plus,libero-plus,libero_spatial,,64,36,0.56250000,0.06200980,,/e/project1/m3/blank4/code/starVLA/playground/Checkpoints/libero_gr00t_arm_crand/results/libero-plus/overall_results.json,False
starVLA,libero_gr00t_arm_crand,GR00T/other-backbone,42,libero-plus,libero-plus/libero_10,libero_10,,64,19,0.29687500,0.05711012,,/e/project1/m3/blank4/code/starVLA/playground/Checkpoints/libero_gr00t_arm_crand/results/libero-plus/libero_10/overall_results.json,False
starVLA,libero_gr00t_arm_crand,GR00T/other-backbone,42,libero-plus,libero-plus/libero_goal,libero_goal,,64,27,0.42187500,0.06173235,,/e/project1/m3/blank4/code/starVLA/playground/Checkpoints/libero_gr00t_arm_crand/results/libero-plus/libero_goal/overall_results.json,False
starVLA,libero_gr00t_arm_crand,GR00T/other-backbone,42,libero-plus,libero-plus/libero_object,libero_object,,64,32,0.50000000,0.06250000,,/e/project1/m3/blank4/code/starVLA/playground/Checkpoints/libero_gr00t_arm_crand/results/libero-plus/libero_object/overall_results.json,False
starVLA,libero_gr00t_arm_crand,GR00T/other-backbone,42,libero-plus,libero-plus/libero_spatial,libero_spatial,,64,36,0.56250000,0.06200980,,/e/project1/m3/blank4/code/starVLA/playground/Checkpoints/libero_gr00t_arm_crand/results/libero-plus/libero_spatial/overall_results.json,False
starVLA,libero_gr00t_arm_crand_bare,GR00T/other-backbone,42,libero-plus,libero-plus,libero_10,,64,15,0.23437500,0.05295094,,/e/project1/m3/blank4/code/starVLA/playground/Checkpoints/libero_gr00t_arm_crand_bare/results/libero-plus/overall_results.json,False
starVLA,libero_gr00t_arm_crand_bare,GR00T/other-backbone,42,libero-plus,libero-plus,libero_goal,,64,14,0.21875000,0.05167483,,/e/project1/m3/blank4/code/starVLA/playground/Checkpoints/libero_gr00t_arm_crand_bare/results/libero-plus/overall_results.json,False
starVLA,libero_gr00t_arm_crand_bare,GR00T/other-backbone,42,libero-plus,libero-plus,libero_object,,64,28,0.43750000,0.06200980,,/e/project1/m3/blank4/code/starVLA/playground/Checkpoints/libero_gr00t_arm_crand_bare/results/libero-plus/overall_results.json,False
starVLA,libero_gr00t_arm_crand_bare,GR00T/other-backbone,42,libero-plus,libero-plus,libero_spatial,,64,29,0.45312500,0.06222474,,/e/project1/m3/blank4/code/starVLA/playground/Checkpoints/libero_gr00t_arm_crand_bare/results/libero-plus/overall_results.json,False
starVLA,libero_gr00t_arm_crand_bare,GR00T/other-backbone,42,libero-plus,libero-plus/libero_10,libero_10,,64,15,0.23437500,0.05295094,,/e/project1/m3/blank4/code/starVLA/playground/Checkpoints/libero_gr00t_arm_crand_bare/results/libero-plus/libero_10/overall_results.json,False
starVLA,libero_gr00t_arm_crand_bare,GR00T/other-backbone,42,libero-plus,libero-plus/libero_goal,libero_goal,,64,14,0.21875000,0.05167483,,/e/project1/m3/blank4/code/starVLA/playground/Checkpoints/libero_gr00t_arm_crand_bare/results/libero-plus/libero_goal/overall_results.json,False
starVLA,libero_gr00t_arm_crand_bare,GR00T/other-backbone,42,libero-plus,libero-plus/libero_object,libero_object,,64,28,0.43750000,0.06200980,,/e/project1/m3/blank4/code/starVLA/playground/Checkpoints/libero_gr00t_arm_crand_bare/results/libero-plus/libero_object/overall_results.json,False
starVLA,libero_gr00t_arm_crand_bare,GR00T/other-backbone,42,libero-plus,libero-plus/libero_spatial,libero_spatial,,64,29,0.45312500,0.06222474,,/e/project1/m3/blank4/code/starVLA/playground/Checkpoints/libero_gr00t_arm_crand_bare/results/libero-plus/libero_spatial/overall_results.json,False
starVLA,libero_gr00t_arm_creal,GR00T/other-backbone,42,libero-plus,libero-plus,libero_10,,64,22,0.34375000,0.05936986,,/e/project1/m3/blank4/code/starVLA/playground/Checkpoints/libero_gr00t_arm_creal/results/libero-plus/overall_results.json,False
starVLA,libero_gr00t_arm_creal,GR00T/other-backbone,42,libero-plus,libero-plus,libero_goal,,64,29,0.45312500,0.06222474,,/e/project1/m3/blank4/code/starVLA/playground/Checkpoints/libero_gr00t_arm_creal/results/libero-plus/overall_results.json,False
starVLA,libero_gr00t_arm_creal,GR00T/other-backbone,42,libero-plus,libero-plus,libero_object,,64,35,0.54687500,0.06222474,,/e/project1/m3/blank4/code/starVLA/playground/Checkpoints/libero_gr00t_arm_creal/results/libero-plus/overall_results.json,False
starVLA,libero_gr00t_arm_creal,GR00T/other-backbone,42,libero-plus,libero-plus,libero_spatial,,64,39,0.60937500,0.06098631,,/e/project1/m3/blank4/code/starVLA/playground/Checkpoints/libero_gr00t_arm_creal/results/libero-plus/overall_results.json,False
starVLA,libero_gr00t_arm_creal,GR00T/other-backbone,42,libero-plus,libero-plus/libero_10,libero_10,,64,22,0.34375000,0.05936986,,/e/project1/m3/blank4/code/starVLA/playground/Checkpoints/libero_gr00t_arm_creal/results/libero-plus/libero_10/overall_results.json,False
starVLA,libero_gr00t_arm_creal,GR00T/other-backbone,42,libero-plus,libero-plus/libero_goal,libero_goal,,64,29,0.45312500,0.06222474,,/e/project1/m3/blank4/code/starVLA/playground/Checkpoints/libero_gr00t_arm_creal/results/libero-plus/libero_goal/overall_results.json,False
starVLA,libero_gr00t_arm_creal,GR00T/other-backbone,42,libero-plus,libero-plus/libero_object,libero_object,,64,35,0.54687500,0.06222474,,/e/project1/m3/blank4/code/starVLA/playground/Checkpoints/libero_gr00t_arm_creal/results/libero-plus/libero_object/overall_results.json,False
starVLA,libero_gr00t_arm_creal,GR00T/other-backbone,42,libero-plus,libero-plus/libero_spatial,libero_spatial,,64,39,0.60937500,0.06098631,,/e/project1/m3/blank4/code/starVLA/playground/Checkpoints/libero_gr00t_arm_creal/results/libero-plus/libero_spatial/overall_results.json,False
starVLA,libero_gr00t_arm_creal_bare,GR00T/other-backbone,42,libero-plus,libero-plus,libero_10,,64,15,0.23437500,0.05295094,,/e/project1/m3/blank4/code/starVLA/playground/Checkpoints/libero_gr00t_arm_creal_bare/results/libero-plus/overall_results.json,False
starVLA,libero_gr00t_arm_creal_bare,GR00T/other-backbone,42,libero-plus,libero-plus,libero_goal,,64,18,0.28125000,0.05620115,,/e/project1/m3/blank4/code/starVLA/playground/Checkpoints/libero_gr00t_arm_creal_bare/results/libero-plus/overall_results.json,False
starVLA,libero_gr00t_arm_creal_bare,GR00T/other-backbone,42,libero-plus,libero-plus,libero_object,,64,31,0.48437500,0.06246947,,/e/project1/m3/blank4/code/starVLA/playground/Checkpoints/libero_gr00t_arm_creal_bare/results/libero-plus/overall_results.json,False
starVLA,libero_gr00t_arm_creal_bare,GR00T/other-backbone,42,libero-plus,libero-plus,libero_spatial,,64,31,0.48437500,0.06246947,,/e/project1/m3/blank4/code/starVLA/playground/Checkpoints/libero_gr00t_arm_creal_bare/results/libero-plus/overall_results.json,False
starVLA,libero_gr00t_arm_creal_bare,GR00T/other-backbone,42,libero-plus,libero-plus/libero_10,libero_10,,64,15,0.23437500,0.05295094,,/e/project1/m3/blank4/code/starVLA/playground/Checkpoints/libero_gr00t_arm_creal_bare/results/libero-plus/libero_10/overall_results.json,False
starVLA,libero_gr00t_arm_creal_bare,GR00T/other-backbone,42,libero-plus,libero-plus/libero_goal,libero_goal,,64,18,0.28125000,0.05620115,,/e/project1/m3/blank4/code/starVLA/playground/Checkpoints/libero_gr00t_arm_creal_bare/results/libero-plus/libero_goal/overall_results.json,False
starVLA,libero_gr00t_arm_creal_bare,GR00T/other-backbone,42,libero-plus,libero-plus/libero_object,libero_object,,64,31,0.48437500,0.06246947,,/e/project1/m3/blank4/code/starVLA/playground/Checkpoints/libero_gr00t_arm_creal_bare/results/libero-plus/libero_object/overall_results.json,False
starVLA,libero_gr00t_arm_creal_bare,GR00T/other-backbone,42,libero-plus,libero-plus/libero_spatial,libero_spatial,,64,31,0.48437500,0.06246947,,/e/project1/m3/blank4/code/starVLA/playground/Checkpoints/libero_gr00t_arm_creal_bare/results/libero-plus/libero_spatial/overall_results.json,False
starVLA,libero_gr00t_arm_maskft,GR00T/other-backbone,42,libero-plus,libero-plus,libero_10,,64,19,0.29687500,0.05711012,,/e/project1/m3/blank4/code/starVLA/playground/Checkpoints/libero_gr00t_arm_maskft/results/libero-plus/overall_results.json,False
starVLA,libero_gr00t_arm_maskft,GR00T/other-backbone,42,libero-plus,libero-plus,libero_goal,,64,20,0.31250000,0.05793905,,/e/project1/m3/blank4/code/starVLA/playground/Checkpoints/libero_gr00t_arm_maskft/results/libero-plus/overall_results.json,False
starVLA,libero_gr00t_arm_maskft,GR00T/other-backbone,42,libero-plus,libero-plus,libero_object,,64,35,0.54687500,0.06222474,,/e/project1/m3/blank4/code/starVLA/playground/Checkpoints/libero_gr00t_arm_maskft/results/libero-plus/overall_results.json,False
starVLA,libero_gr00t_arm_maskft,GR00T/other-backbone,42,libero-plus,libero-plus,libero_spatial,,64,31,0.48437500,0.06246947,,/e/project1/m3/blank4/code/starVLA/playground/Checkpoints/libero_gr00t_arm_maskft/results/libero-plus/overall_results.json,False
starVLA,libero_gr00t_arm_maskft,GR00T/other-backbone,42,libero-plus,libero-plus/libero_10,libero_10,,64,19,0.29687500,0.05711012,,/e/project1/m3/blank4/code/starVLA/playground/Checkpoints/libero_gr00t_arm_maskft/results/libero-plus/libero_10/overall_results.json,False
starVLA,libero_gr00t_arm_maskft,GR00T/other-backbone,42,libero-plus,libero-plus/libero_goal,libero_goal,,64,20,0.31250000,0.05793905,,/e/project1/m3/blank4/code/starVLA/playground/Checkpoints/libero_gr00t_arm_maskft/results/libero-plus/libero_goal/overall_results.json,False
starVLA,libero_gr00t_arm_maskft,GR00T/other-backbone,42,libero-plus,libero-plus/libero_object,libero_object,,64,35,0.54687500,0.06222474,,/e/project1/m3/blank4/code/starVLA/playground/Checkpoints/libero_gr00t_arm_maskft/results/libero-plus/libero_object/overall_results.json,False
starVLA,libero_gr00t_arm_maskft,GR00T/other-backbone,42,libero-plus,libero-plus/libero_spatial,libero_spatial,,64,31,0.48437500,0.06246947,,/e/project1/m3/blank4/code/starVLA/playground/Checkpoints/libero_gr00t_arm_maskft/results/libero-plus/libero_spatial/overall_results.json,False
starVLA,libero_gr00t_arm_maskft_all4,GR00T/other-backbone,42,libero-plus,libero-plus,libero_10,,64,24,0.37500000,0.06051536,,/e/project1/m3/blank4/code/starVLA/playground/Checkpoints/libero_gr00t_arm_maskft_all4/results/libero-plus/overall_results.json,False
starVLA,libero_gr00t_arm_maskft_all4,GR00T/other-backbone,42,libero-plus,libero-plus,libero_goal,,64,26,0.40625000,0.06139154,,/e/project1/m3/blank4/code/starVLA/playground/Checkpoints/libero_gr00t_arm_maskft_all4/results/libero-plus/overall_results.json,False
starVLA,libero_gr00t_arm_maskft_all4,GR00T/other-backbone,42,libero-plus,libero-plus,libero_object,,64,30,0.46875000,0.06237781,,/e/project1/m3/blank4/code/starVLA/playground/Checkpoints/libero_gr00t_arm_maskft_all4/results/libero-plus/overall_results.json,False
starVLA,libero_gr00t_arm_maskft_all4,GR00T/other-backbone,42,libero-plus,libero-plus,libero_spatial,,64,36,0.56250000,0.06200980,,/e/project1/m3/blank4/code/starVLA/playground/Checkpoints/libero_gr00t_arm_maskft_all4/results/libero-plus/overall_results.json,False
starVLA,libero_gr00t_arm_maskft_all4,GR00T/other-backbone,42,libero-plus,libero-plus/libero_10,libero_10,,64,24,0.37500000,0.06051536,,/e/project1/m3/blank4/code/starVLA/playground/Checkpoints/libero_gr00t_arm_maskft_all4/results/libero-plus/libero_10/overall_results.json,False
starVLA,libero_gr00t_arm_maskft_all4,GR00T/other-backbone,42,libero-plus,libero-plus/libero_goal,libero_goal,,64,26,0.40625000,0.06139154,,/e/project1/m3/blank4/code/starVLA/playground/Checkpoints/libero_gr00t_arm_maskft_all4/results/libero-plus/libero_goal/overall_results.json,False
starVLA,libero_gr00t_arm_maskft_all4,GR00T/other-backbone,42,libero-plus,libero-plus/libero_object,libero_object,,64,30,0.46875000,0.06237781,,/e/project1/m3/blank4/code/starVLA/playground/Checkpoints/libero_gr00t_arm_maskft_all4/results/libero-plus/libero_object/overall_results.json,False
starVLA,libero_gr00t_arm_maskft_all4,GR00T/other-backbone,42,libero-plus,libero-plus/libero_spatial,libero_spatial,,64,36,0.56250000,0.06200980,,/e/project1/m3/blank4/code/starVLA/playground/Checkpoints/libero_gr00t_arm_maskft_all4/results/libero-plus/libero_spatial/overall_results.json,False
starVLA,libero_gr00t_arm_maskft_bare,GR00T/other-backbone,42,libero-plus,libero-plus,libero_10,,64,16,0.25000000,0.05412659,,/e/project1/m3/blank4/code/starVLA/playground/Checkpoints/libero_gr00t_arm_maskft_bare/results/libero-plus/overall_results.json,False
starVLA,libero_gr00t_arm_maskft_bare,GR00T/other-backbone,42,libero-plus,libero-plus,libero_goal,,64,22,0.34375000,0.05936986,,/e/project1/m3/blank4/code/starVLA/playground/Checkpoints/libero_gr00t_arm_maskft_bare/results/libero-plus/overall_results.json,False
starVLA,libero_gr00t_arm_maskft_bare,GR00T/other-backbone,42,libero-plus,libero-plus,libero_object,,64,20,0.31250000,0.05793905,,/e/project1/m3/blank4/code/starVLA/playground/Checkpoints/libero_gr00t_arm_maskft_bare/results/libero-plus/overall_results.json,False
starVLA,libero_gr00t_arm_maskft_bare,GR00T/other-backbone,42,libero-plus,libero-plus,libero_spatial,,64,30,0.46875000,0.06237781,,/e/project1/m3/blank4/code/starVLA/playground/Checkpoints/libero_gr00t_arm_maskft_bare/results/libero-plus/overall_results.json,False
starVLA,libero_gr00t_arm_maskft_bare,GR00T/other-backbone,42,libero-plus,libero-plus/libero_10,libero_10,,64,16,0.25000000,0.05412659,,/e/project1/m3/blank4/code/starVLA/playground/Checkpoints/libero_gr00t_arm_maskft_bare/results/libero-plus/libero_10/overall_results.json,False
starVLA,libero_gr00t_arm_maskft_bare,GR00T/other-backbone,42,libero-plus,libero-plus/libero_goal,libero_goal,,64,22,0.34375000,0.05936986,,/e/project1/m3/blank4/code/starVLA/playground/Checkpoints/libero_gr00t_arm_maskft_bare/results/libero-plus/libero_goal/overall_results.json,False
starVLA,libero_gr00t_arm_maskft_bare,GR00T/other-backbone,42,libero-plus,libero-plus/libero_object,libero_object,,64,20,0.31250000,0.05793905,,/e/project1/m3/blank4/code/starVLA/playground/Checkpoints/libero_gr00t_arm_maskft_bare/results/libero-plus/libero_object/overall_results.json,False
starVLA,libero_gr00t_arm_maskft_bare,GR00T/other-backbone,42,libero-plus,libero-plus/libero_spatial,libero_spatial,,64,30,0.46875000,0.06237781,,/e/project1/m3/blank4/code/starVLA/playground/Checkpoints/libero_gr00t_arm_maskft_bare/results/libero-plus/libero_spatial/overall_results.json,False
starVLA,libero_gr00t_arm_maskft_ft,GR00T/other-backbone,42,libero-plus,libero-plus,libero_10,,64,36,0.56250000,0.06200980,,/e/project1/m3/blank4/code/starVLA/playground/Checkpoints/libero_gr00t_arm_maskft_ft/results/libero-plus/overall_results.json,False
starVLA,libero_gr00t_arm_maskft_ft,GR00T/other-backbone,42,libero-plus,libero-plus,libero_goal,,64,45,0.70312500,0.05711012,,/e/project1/m3/blank4/code/starVLA/playground/Checkpoints/libero_gr00t_arm_maskft_ft/results/libero-plus/overall_results.json,False
starVLA,libero_gr00t_arm_maskft_ft,GR00T/other-backbone,42,libero-plus,libero-plus,libero_object,,64,41,0.64062500,0.05997716,,/e/project1/m3/blank4/code/starVLA/playground/Checkpoints/libero_gr00t_arm_maskft_ft/results/libero-plus/overall_results.json,False
starVLA,libero_gr00t_arm_maskft_ft,GR00T/other-backbone,42,libero-plus,libero-plus,libero_spatial,,64,46,0.71875000,0.05620115,,/e/project1/m3/blank4/code/starVLA/playground/Checkpoints/libero_gr00t_arm_maskft_ft/results/libero-plus/overall_results.json,False
starVLA,libero_gr00t_arm_maskft_ft,GR00T/other-backbone,42,libero-plus,libero-plus/libero_10,libero_10,,64,36,0.56250000,0.06200980,,/e/project1/m3/blank4/code/starVLA/playground/Checkpoints/libero_gr00t_arm_maskft_ft/results/libero-plus/libero_10/overall_results.json,False
starVLA,libero_gr00t_arm_maskft_ft,GR00T/other-backbone,42,libero-plus,libero-plus/libero_goal,libero_goal,,64,45,0.70312500,0.05711012,,/e/project1/m3/blank4/code/starVLA/playground/Checkpoints/libero_gr00t_arm_maskft_ft/results/libero-plus/libero_goal/overall_results.json,False
starVLA,libero_gr00t_arm_maskft_ft,GR00T/other-backbone,42,libero-plus,libero-plus/libero_object,libero_object,,64,41,0.64062500,0.05997716,,/e/project1/m3/blank4/code/starVLA/playground/Checkpoints/libero_gr00t_arm_maskft_ft/results/libero-plus/libero_object/overall_results.json,False
starVLA,libero_gr00t_arm_maskft_ft,GR00T/other-backbone,42,libero-plus,libero-plus/libero_spatial,libero_spatial,,64,46,0.71875000,0.05620115,,/e/project1/m3/blank4/code/starVLA/playground/Checkpoints/libero_gr00t_arm_maskft_ft/results/libero-plus/libero_spatial/overall_results.json,False
starVLA,libero_gr00t_arm_maskft_s1,GR00T/other-backbone,43,libero-plus,libero-plus,libero_10,,48,12,0.25000000,0.06250000,,/e/project1/m3/blank4/code/starVLA/playground/Checkpoints/libero_gr00t_arm_maskft_s1/results/libero-plus/overall_results.json,False
starVLA,libero_gr00t_arm_maskft_s1,GR00T/other-backbone,43,libero-plus,libero-plus,libero_goal,,48,21,0.43750000,0.07160275,,/e/project1/m3/blank4/code/starVLA/playground/Checkpoints/libero_gr00t_arm_maskft_s1/results/libero-plus/overall_results.json,False
starVLA,libero_gr00t_arm_maskft_s1,GR00T/other-backbone,43,libero-plus,libero-plus,libero_object,,48,22,0.45833333,0.07191776,,/e/project1/m3/blank4/code/starVLA/playground/Checkpoints/libero_gr00t_arm_maskft_s1/results/libero-plus/overall_results.json,False
starVLA,libero_gr00t_arm_maskft_s1,GR00T/other-backbone,43,libero-plus,libero-plus,libero_spatial,,48,26,0.54166667,0.07191776,,/e/project1/m3/blank4/code/starVLA/playground/Checkpoints/libero_gr00t_arm_maskft_s1/results/libero-plus/overall_results.json,False
starVLA,libero_gr00t_arm_maskft_s1,GR00T/other-backbone,43,libero-plus,libero-plus/libero_10,libero_10,,48,12,0.25000000,0.06250000,,/e/project1/m3/blank4/code/starVLA/playground/Checkpoints/libero_gr00t_arm_maskft_s1/results/libero-plus/libero_10/overall_results.json,False
starVLA,libero_gr00t_arm_maskft_s1,GR00T/other-backbone,43,libero-plus,libero-plus/libero_goal,libero_goal,,48,21,0.43750000,0.07160275,,/e/project1/m3/blank4/code/starVLA/playground/Checkpoints/libero_gr00t_arm_maskft_s1/results/libero-plus/libero_goal/overall_results.json,False
starVLA,libero_gr00t_arm_maskft_s1,GR00T/other-backbone,43,libero-plus,libero-plus/libero_object,libero_object,,48,22,0.45833333,0.07191776,,/e/project1/m3/blank4/code/starVLA/playground/Checkpoints/libero_gr00t_arm_maskft_s1/results/libero-plus/libero_object/overall_results.json,False
starVLA,libero_gr00t_arm_maskft_s1,GR00T/other-backbone,43,libero-plus,libero-plus/libero_spatial,libero_spatial,,48,26,0.54166667,0.07191776,,/e/project1/m3/blank4/code/starVLA/playground/Checkpoints/libero_gr00t_arm_maskft_s1/results/libero-plus/libero_spatial/overall_results.json,False
starVLA,libero_gr00t_arm_object10,GR00T/other-backbone,42,libero-plus,libero-plus,libero_10,,52,16,0.30769231,0.06400387,,/e/project1/m3/blank4/code/starVLA/playground/Checkpoints/libero_gr00t_arm_object10/results/libero-plus/overall_results.json,False
starVLA,libero_gr00t_arm_object10,GR00T/other-backbone,42,libero-plus,libero-plus,libero_goal,,48,24,0.50000000,0.07216878,,/e/project1/m3/blank4/code/starVLA/playground/Checkpoints/libero_gr00t_arm_object10/results/libero-plus/overall_results.json,False
starVLA,libero_gr00t_arm_object10,GR00T/other-backbone,42,libero-plus,libero-plus,libero_object,,48,21,0.43750000,0.07160275,,/e/project1/m3/blank4/code/starVLA/playground/Checkpoints/libero_gr00t_arm_object10/results/libero-plus/overall_results.json,False
starVLA,libero_gr00t_arm_object10,GR00T/other-backbone,42,libero-plus,libero-plus,libero_spatial,,48,24,0.50000000,0.07216878,,/e/project1/m3/blank4/code/starVLA/playground/Checkpoints/libero_gr00t_arm_object10/results/libero-plus/overall_results.json,False
starVLA,libero_gr00t_arm_object10,GR00T/other-backbone,42,libero-plus,libero-plus/libero_10,libero_10,,52,16,0.30769231,0.06400387,,/e/project1/m3/blank4/code/starVLA/playground/Checkpoints/libero_gr00t_arm_object10/results/libero-plus/libero_10/overall_results.json,False
starVLA,libero_gr00t_arm_object10,GR00T/other-backbone,42,libero-plus,libero-plus/libero_goal,libero_goal,,48,24,0.50000000,0.07216878,,/e/project1/m3/blank4/code/starVLA/playground/Checkpoints/libero_gr00t_arm_object10/results/libero-plus/libero_goal/overall_results.json,False
starVLA,libero_gr00t_arm_object10,GR00T/other-backbone,42,libero-plus,libero-plus/libero_object,libero_object,,48,21,0.43750000,0.07160275,,/e/project1/m3/blank4/code/starVLA/playground/Checkpoints/libero_gr00t_arm_object10/results/libero-plus/libero_object/overall_results.json,False
starVLA,libero_gr00t_arm_object10,GR00T/other-backbone,42,libero-plus,libero-plus/libero_spatial,libero_spatial,,48,24,0.50000000,0.07216878,,/e/project1/m3/blank4/code/starVLA/playground/Checkpoints/libero_gr00t_arm_object10/results/libero-plus/libero_spatial/overall_results.json,False
starVLA,libero_gr00t_arm_plain,GR00T/other-backbone,42,libero-plus,libero-plus,libero_10,,64,24,0.37500000,0.06051536,,/e/project1/m3/blank4/code/starVLA/playground/Checkpoints/libero_gr00t_arm_plain/results/libero-plus/overall_results.json,False
starVLA,libero_gr00t_arm_plain,GR00T/other-backbone,42,libero-plus,libero-plus,libero_goal,,64,28,0.43750000,0.06200980,,/e/project1/m3/blank4/code/starVLA/playground/Checkpoints/libero_gr00t_arm_plain/results/libero-plus/overall_results.json,False
starVLA,libero_gr00t_arm_plain,GR00T/other-backbone,42,libero-plus,libero-plus,libero_object,,64,34,0.53125000,0.06237781,,/e/project1/m3/blank4/code/starVLA/playground/Checkpoints/libero_gr00t_arm_plain/results/libero-plus/overall_results.json,False
starVLA,libero_gr00t_arm_plain,GR00T/other-backbone,42,libero-plus,libero-plus,libero_spatial,,64,33,0.51562500,0.06246947,,/e/project1/m3/blank4/code/starVLA/playground/Checkpoints/libero_gr00t_arm_plain/results/libero-plus/overall_results.json,False
starVLA,libero_gr00t_arm_plain,GR00T/other-backbone,42,libero-plus,libero-plus/libero_10,libero_10,,64,24,0.37500000,0.06051536,,/e/project1/m3/blank4/code/starVLA/playground/Checkpoints/libero_gr00t_arm_plain/results/libero-plus/libero_10/overall_results.json,False
starVLA,libero_gr00t_arm_plain,GR00T/other-backbone,42,libero-plus,libero-plus/libero_goal,libero_goal,,64,28,0.43750000,0.06200980,,/e/project1/m3/blank4/code/starVLA/playground/Checkpoints/libero_gr00t_arm_plain/results/libero-plus/libero_goal/overall_results.json,False
starVLA,libero_gr00t_arm_plain,GR00T/other-backbone,42,libero-plus,libero-plus/libero_object,libero_object,,64,34,0.53125000,0.06237781,,/e/project1/m3/blank4/code/starVLA/playground/Checkpoints/libero_gr00t_arm_plain/results/libero-plus/libero_object/overall_results.json,False
starVLA,libero_gr00t_arm_plain,GR00T/other-backbone,42,libero-plus,libero-plus/libero_spatial,libero_spatial,,64,33,0.51562500,0.06246947,,/e/project1/m3/blank4/code/starVLA/playground/Checkpoints/libero_gr00t_arm_plain/results/libero-plus/libero_spatial/overall_results.json,False
starVLA,libero_gr00t_arm_plain_bare,GR00T/other-backbone,42,libero-plus,libero-plus,libero_10,,64,14,0.21875000,0.05167483,,/e/project1/m3/blank4/code/starVLA/playground/Checkpoints/libero_gr00t_arm_plain_bare/results/libero-plus/overall_results.json,False
starVLA,libero_gr00t_arm_plain_bare,GR00T/other-backbone,42,libero-plus,libero-plus,libero_goal,,64,21,0.32812500,0.05869133,,/e/project1/m3/blank4/code/starVLA/playground/Checkpoints/libero_gr00t_arm_plain_bare/results/libero-plus/overall_results.json,False
starVLA,libero_gr00t_arm_plain_bare,GR00T/other-backbone,42,libero-plus,libero-plus,libero_object,,64,26,0.40625000,0.06139154,,/e/project1/m3/blank4/code/starVLA/playground/Checkpoints/libero_gr00t_arm_plain_bare/results/libero-plus/overall_results.json,False
starVLA,libero_gr00t_arm_plain_bare,GR00T/other-backbone,42,libero-plus,libero-plus,libero_spatial,,64,28,0.43750000,0.06200980,,/e/project1/m3/blank4/code/starVLA/playground/Checkpoints/libero_gr00t_arm_plain_bare/results/libero-plus/overall_results.json,False
starVLA,libero_gr00t_arm_plain_bare,GR00T/other-backbone,42,libero-plus,libero-plus/libero_10,libero_10,,64,14,0.21875000,0.05167483,,/e/project1/m3/blank4/code/starVLA/playground/Checkpoints/libero_gr00t_arm_plain_bare/results/libero-plus/libero_10/overall_results.json,False
starVLA,libero_gr00t_arm_plain_bare,GR00T/other-backbone,42,libero-plus,libero-plus/libero_goal,libero_goal,,64,21,0.32812500,0.05869133,,/e/project1/m3/blank4/code/starVLA/playground/Checkpoints/libero_gr00t_arm_plain_bare/results/libero-plus/libero_goal/overall_results.json,False
starVLA,libero_gr00t_arm_plain_bare,GR00T/other-backbone,42,libero-plus,libero-plus/libero_object,libero_object,,64,26,0.40625000,0.06139154,,/e/project1/m3/blank4/code/starVLA/playground/Checkpoints/libero_gr00t_arm_plain_bare/results/libero-plus/libero_object/overall_results.json,False
starVLA,libero_gr00t_arm_plain_bare,GR00T/other-backbone,42,libero-plus,libero-plus/libero_spatial,libero_spatial,,64,28,0.43750000,0.06200980,,/e/project1/m3/blank4/code/starVLA/playground/Checkpoints/libero_gr00t_arm_plain_bare/results/libero-plus/libero_spatial/overall_results.json,False
starVLA,libero_gr00t_arm_plain_ft,GR00T/other-backbone,42,libero-plus,libero-plus,libero_10,,1000,607,0.60700000,0.01544510,,/e/project1/m3/blank4/code/starVLA/playground/Checkpoints/libero_gr00t_arm_plain_ft/results/libero-plus/overall_results.json,True
starVLA,libero_gr00t_arm_plain_ft,GR00T/other-backbone,42,libero-plus,libero-plus,libero_goal,,1000,753,0.75300000,0.01363785,,/e/project1/m3/blank4/code/starVLA/playground/Checkpoints/libero_gr00t_arm_plain_ft/results/libero-plus/overall_results.json,True
starVLA,libero_gr00t_arm_plain_ft,GR00T/other-backbone,42,libero-plus,libero-plus,libero_object,,1000,794,0.79400000,0.01278921,,/e/project1/m3/blank4/code/starVLA/playground/Checkpoints/libero_gr00t_arm_plain_ft/results/libero-plus/overall_results.json,True
starVLA,libero_gr00t_arm_plain_ft,GR00T/other-backbone,42,libero-plus,libero-plus,libero_spatial,,1000,779,0.77900000,0.01312094,,/e/project1/m3/blank4/code/starVLA/playground/Checkpoints/libero_gr00t_arm_plain_ft/results/libero-plus/overall_results.json,True
starVLA,libero_gr00t_arm_plain_ft,GR00T/other-backbone,42,libero-plus,libero-plus/libero_10,libero_10,,1000,607,0.60700000,0.01544510,,/e/project1/m3/blank4/code/starVLA/playground/Checkpoints/libero_gr00t_arm_plain_ft/results/libero-plus/libero_10/overall_results.json,False
starVLA,libero_gr00t_arm_plain_ft,GR00T/other-backbone,42,libero-plus,libero-plus/libero_goal,libero_goal,,1000,753,0.75300000,0.01363785,,/e/project1/m3/blank4/code/starVLA/playground/Checkpoints/libero_gr00t_arm_plain_ft/results/libero-plus/libero_goal/overall_results.json,False
starVLA,libero_gr00t_arm_plain_ft,GR00T/other-backbone,42,libero-plus,libero-plus/libero_object,libero_object,,1000,794,0.79400000,0.01278921,,/e/project1/m3/blank4/code/starVLA/playground/Checkpoints/libero_gr00t_arm_plain_ft/results/libero-plus/libero_object/overall_results.json,False
starVLA,libero_gr00t_arm_plain_ft,GR00T/other-backbone,42,libero-plus,libero-plus/libero_spatial,libero_spatial,,1000,779,0.77900000,0.01312094,,/e/project1/m3/blank4/code/starVLA/playground/Checkpoints/libero_gr00t_arm_plain_ft/results/libero-plus/libero_spatial/overall_results.json,False
starVLA,libero_gr00t_arm_vitft,GR00T/other-backbone,42,libero-plus,libero-plus,libero_10,,64,18,0.28125000,0.05620115,,/e/project1/m3/blank4/code/starVLA/playground/Checkpoints/libero_gr00t_arm_vitft/results/libero-plus/overall_results.json,False
starVLA,libero_gr00t_arm_vitft,GR00T/other-backbone,42,libero-plus,libero-plus,libero_goal,,64,28,0.43750000,0.06200980,,/e/project1/m3/blank4/code/starVLA/playground/Checkpoints/libero_gr00t_arm_vitft/results/libero-plus/overall_results.json,False
starVLA,libero_gr00t_arm_vitft,GR00T/other-backbone,42,libero-plus,libero-plus,libero_object,,64,33,0.51562500,0.06246947,,/e/project1/m3/blank4/code/starVLA/playground/Checkpoints/libero_gr00t_arm_vitft/results/libero-plus/overall_results.json,False
starVLA,libero_gr00t_arm_vitft,GR00T/other-backbone,42,libero-plus,libero-plus,libero_spatial,,64,35,0.54687500,0.06222474,,/e/project1/m3/blank4/code/starVLA/playground/Checkpoints/libero_gr00t_arm_vitft/results/libero-plus/overall_results.json,False
starVLA,libero_gr00t_arm_vitft,GR00T/other-backbone,42,libero-plus,libero-plus/libero_10,libero_10,,64,18,0.28125000,0.05620115,,/e/project1/m3/blank4/code/starVLA/playground/Checkpoints/libero_gr00t_arm_vitft/results/libero-plus/libero_10/overall_results.json,False
starVLA,libero_gr00t_arm_vitft,GR00T/other-backbone,42,libero-plus,libero-plus/libero_goal,libero_goal,,64,28,0.43750000,0.06200980,,/e/project1/m3/blank4/code/starVLA/playground/Checkpoints/libero_gr00t_arm_vitft/results/libero-plus/libero_goal/overall_results.json,False
starVLA,libero_gr00t_arm_vitft,GR00T/other-backbone,42,libero-plus,libero-plus/libero_object,libero_object,,64,33,0.51562500,0.06246947,,/e/project1/m3/blank4/code/starVLA/playground/Checkpoints/libero_gr00t_arm_vitft/results/libero-plus/libero_object/overall_results.json,False
starVLA,libero_gr00t_arm_vitft,GR00T/other-backbone,42,libero-plus,libero-plus/libero_spatial,libero_spatial,,64,35,0.54687500,0.06222474,,/e/project1/m3/blank4/code/starVLA/playground/Checkpoints/libero_gr00t_arm_vitft/results/libero-plus/libero_spatial/overall_results.json,False
starVLA,libero_pi_arm_maskft,other,42,libero-plus,libero-plus,libero_10,,64,26,0.40625000,0.06139154,,/e/project1/m3/blank4/code/starVLA/playground/Checkpoints/libero_pi_arm_maskft/results/libero-plus/overall_results.json,False
starVLA,libero_pi_arm_maskft,other,42,libero-plus,libero-plus,libero_goal,,64,30,0.46875000,0.06237781,,/e/project1/m3/blank4/code/starVLA/playground/Checkpoints/libero_pi_arm_maskft/results/libero-plus/overall_results.json,False
starVLA,libero_pi_arm_maskft,other,42,libero-plus,libero-plus,libero_object,,64,31,0.48437500,0.06246947,,/e/project1/m3/blank4/code/starVLA/playground/Checkpoints/libero_pi_arm_maskft/results/libero-plus/overall_results.json,False
starVLA,libero_pi_arm_maskft,other,42,libero-plus,libero-plus,libero_spatial,,64,34,0.53125000,0.06237781,,/e/project1/m3/blank4/code/starVLA/playground/Checkpoints/libero_pi_arm_maskft/results/libero-plus/overall_results.json,False
starVLA,libero_pi_arm_maskft,other,42,libero-plus,libero-plus/libero_10,libero_10,,64,26,0.40625000,0.06139154,,/e/project1/m3/blank4/code/starVLA/playground/Checkpoints/libero_pi_arm_maskft/results/libero-plus/libero_10/overall_results.json,False
starVLA,libero_pi_arm_maskft,other,42,libero-plus,libero-plus/libero_goal,libero_goal,,64,30,0.46875000,0.06237781,,/e/project1/m3/blank4/code/starVLA/playground/Checkpoints/libero_pi_arm_maskft/results/libero-plus/libero_goal/overall_results.json,False
starVLA,libero_pi_arm_maskft,other,42,libero-plus,libero-plus/libero_object,libero_object,,64,31,0.48437500,0.06246947,,/e/project1/m3/blank4/code/starVLA/playground/Checkpoints/libero_pi_arm_maskft/results/libero-plus/libero_object/overall_results.json,False
starVLA,libero_pi_arm_maskft,other,42,libero-plus,libero-plus/libero_spatial,libero_spatial,,64,34,0.53125000,0.06237781,,/e/project1/m3/blank4/code/starVLA/playground/Checkpoints/libero_pi_arm_maskft/results/libero-plus/libero_spatial/overall_results.json,False
starVLA,libero_plus_q35enc_deeps_aug_s42,other,42,libero-plus,libero-plus,libero_10,,1000,692,0.69200000,0.01459918,,/e/project1/m3/blank4/code/starVLA/playground/Checkpoints/libero_plus_q35enc_deeps_aug_s42/results/libero-plus/overall_results.json,True
starVLA,libero_plus_q35enc_deeps_aug_s42,other,42,libero-plus,libero-plus,libero_goal,,1000,520,0.52000000,0.01579873,,/e/project1/m3/blank4/code/starVLA/playground/Checkpoints/libero_plus_q35enc_deeps_aug_s42/results/libero-plus/overall_results.json,True
starVLA,libero_plus_q35enc_deeps_aug_s42,other,42,libero-plus,libero-plus,libero_object,,1000,695,0.69500000,0.01455936,,/e/project1/m3/blank4/code/starVLA/playground/Checkpoints/libero_plus_q35enc_deeps_aug_s42/results/libero-plus/overall_results.json,True
starVLA,libero_plus_q35enc_deeps_aug_s42,other,42,libero-plus,libero-plus,libero_spatial,,1000,576,0.57600000,0.01562767,,/e/project1/m3/blank4/code/starVLA/playground/Checkpoints/libero_plus_q35enc_deeps_aug_s42/results/libero-plus/overall_results.json,True
starVLA,libero_plus_q35enc_deeps_aug_s42,other,42,libero-plus,libero-plus/libero_10,libero_10,,1000,692,0.69200000,0.01459918,,/e/project1/m3/blank4/code/starVLA/playground/Checkpoints/libero_plus_q35enc_deeps_aug_s42/results/libero-plus/libero_10/overall_results.json,False
starVLA,libero_plus_q35enc_deeps_aug_s42,other,42,libero-plus,libero-plus/libero_goal,libero_goal,,1000,520,0.52000000,0.01579873,,/e/project1/m3/blank4/code/starVLA/playground/Checkpoints/libero_plus_q35enc_deeps_aug_s42/results/libero-plus/libero_goal/overall_results.json,False
starVLA,libero_plus_q35enc_deeps_aug_s42,other,42,libero-plus,libero-plus/libero_object,libero_object,,1000,695,0.69500000,0.01455936,,/e/project1/m3/blank4/code/starVLA/playground/Checkpoints/libero_plus_q35enc_deeps_aug_s42/results/libero-plus/libero_object/overall_results.json,False
starVLA,libero_plus_q35enc_deeps_aug_s42,other,42,libero-plus,libero-plus/libero_spatial,libero_spatial,,1000,576,0.57600000,0.01562767,,/e/project1/m3/blank4/code/starVLA/playground/Checkpoints/libero_plus_q35enc_deeps_aug_s42/results/libero-plus/libero_spatial/overall_results.json,False
starVLA,libero_plus_q35enc_deeps_s42,other,42,libero-plus,libero-plus,libero_10,,1000,717,0.71700000,0.01424468,,/e/project1/m3/blank4/code/starVLA/playground/Checkpoints/libero_plus_q35enc_deeps_s42/results/libero-plus/overall_results.json,True
starVLA,libero_plus_q35enc_deeps_s42,other,42,libero-plus,libero-plus,libero_goal,,1000,551,0.55100000,0.01572892,,/e/project1/m3/blank4/code/starVLA/playground/Checkpoints/libero_plus_q35enc_deeps_s42/results/libero-plus/overall_results.json,True
starVLA,libero_plus_q35enc_deeps_s42,other,42,libero-plus,libero-plus,libero_object,,1000,678,0.67800000,0.01477552,,/e/project1/m3/blank4/code/starVLA/playground/Checkpoints/libero_plus_q35enc_deeps_s42/results/libero-plus/overall_results.json,True
starVLA,libero_plus_q35enc_deeps_s42,other,42,libero-plus,libero-plus,libero_spatial,,1000,645,0.64500000,0.01513192,,/e/project1/m3/blank4/code/starVLA/playground/Checkpoints/libero_plus_q35enc_deeps_s42/results/libero-plus/overall_results.json,True
starVLA,libero_plus_q35enc_deeps_s42,other,42,libero-plus,libero-plus/libero_10,libero_10,,1000,717,0.71700000,0.01424468,,/e/project1/m3/blank4/code/starVLA/playground/Checkpoints/libero_plus_q35enc_deeps_s42/results/libero-plus/libero_10/overall_results.json,False
starVLA,libero_plus_q35enc_deeps_s42,other,42,libero-plus,libero-plus/libero_goal,libero_goal,,1000,551,0.55100000,0.01572892,,/e/project1/m3/blank4/code/starVLA/playground/Checkpoints/libero_plus_q35enc_deeps_s42/results/libero-plus/libero_goal/overall_results.json,False
starVLA,libero_plus_q35enc_deeps_s42,other,42,libero-plus,libero-plus/libero_object,libero_object,,1000,678,0.67800000,0.01477552,,/e/project1/m3/blank4/code/starVLA/playground/Checkpoints/libero_plus_q35enc_deeps_s42/results/libero-plus/libero_object/overall_results.json,False
starVLA,libero_plus_q35enc_deeps_s42,other,42,libero-plus,libero-plus/libero_spatial,libero_spatial,,1000,645,0.64500000,0.01513192,,/e/project1/m3/blank4/code/starVLA/playground/Checkpoints/libero_plus_q35enc_deeps_s42/results/libero-plus/libero_spatial/overall_results.json,False
starVLA,libero_plus_qwen08b_base,other,42,libero-plus,libero-plus,libero_10,,320,83,0.25937500,0.02450125,,/e/project1/m3/blank4/code/starVLA/playground/Checkpoints/libero_plus_qwen08b_base/results/libero-plus/overall_results.json,False
starVLA,libero_plus_qwen08b_base,other,42,libero-plus,libero-plus,libero_goal,,320,133,0.41562500,0.02755000,,/e/project1/m3/blank4/code/starVLA/playground/Checkpoints/libero_plus_qwen08b_base/results/libero-plus/overall_results.json,False
starVLA,libero_plus_qwen08b_base,other,42,libero-plus,libero-plus,libero_object,,320,206,0.64375000,0.02677078,,/e/project1/m3/blank4/code/starVLA/playground/Checkpoints/libero_plus_qwen08b_base/results/libero-plus/overall_results.json,False
starVLA,libero_plus_qwen08b_base,other,42,libero-plus,libero-plus,libero_spatial,,320,187,0.58437500,0.02755000,,/e/project1/m3/blank4/code/starVLA/playground/Checkpoints/libero_plus_qwen08b_base/results/libero-plus/overall_results.json,False
starVLA,libero_plus_qwen08b_base,other,42,libero-plus,libero-plus/libero_10,libero_10,,320,83,0.25937500,0.02450125,,/e/project1/m3/blank4/code/starVLA/playground/Checkpoints/libero_plus_qwen08b_base/results/libero-plus/libero_10/overall_results.json,False
starVLA,libero_plus_qwen08b_base,other,42,libero-plus,libero-plus/libero_goal,libero_goal,,320,133,0.41562500,0.02755000,,/e/project1/m3/blank4/code/starVLA/playground/Checkpoints/libero_plus_qwen08b_base/results/libero-plus/libero_goal/overall_results.json,False
starVLA,libero_plus_qwen08b_base,other,42,libero-plus,libero-plus/libero_object,libero_object,,320,206,0.64375000,0.02677078,,/e/project1/m3/blank4/code/starVLA/playground/Checkpoints/libero_plus_qwen08b_base/results/libero-plus/libero_object/overall_results.json,False
starVLA,libero_plus_qwen08b_base,other,42,libero-plus,libero-plus/libero_spatial,libero_spatial,,320,187,0.58437500,0.02755000,,/e/project1/m3/blank4/code/starVLA/playground/Checkpoints/libero_plus_qwen08b_base/results/libero-plus/libero_spatial/overall_results.json,False
starVLA,libero_plus_qwen08b_gr00t,GR00T/other-backbone,42,libero-plus,libero-plus,libero_10,,421,230,0.54631829,0.02426372,,/e/project1/m3/blank4/code/starVLA/playground/Checkpoints/libero_plus_qwen08b_gr00t/results/libero-plus/overall_results.json,False
starVLA,libero_plus_qwen08b_gr00t,GR00T/other-backbone,42,libero-plus,libero-plus,libero_goal,,287,186,0.64808362,0.02818995,,/e/project1/m3/blank4/code/starVLA/playground/Checkpoints/libero_plus_qwen08b_gr00t/results/libero-plus/overall_results.json,False
starVLA,libero_plus_qwen08b_gr00t,GR00T/other-backbone,42,libero-plus,libero-plus,libero_object,,256,193,0.75390625,0.02692086,,/e/project1/m3/blank4/code/starVLA/playground/Checkpoints/libero_plus_qwen08b_gr00t/results/libero-plus/overall_results.json,False
starVLA,libero_plus_qwen08b_gr00t,GR00T/other-backbone,42,libero-plus,libero-plus,libero_spatial,,354,289,0.81638418,0.02057788,,/e/project1/m3/blank4/code/starVLA/playground/Checkpoints/libero_plus_qwen08b_gr00t/results/libero-plus/overall_results.json,False
starVLA,libero_plus_qwen08b_gr00t,GR00T/other-backbone,42,libero-plus,libero-plus/libero_10,libero_10,,421,230,0.54631829,0.02426372,,/e/project1/m3/blank4/code/starVLA/playground/Checkpoints/libero_plus_qwen08b_gr00t/results/libero-plus/libero_10/overall_results.json,False
starVLA,libero_plus_qwen08b_gr00t,GR00T/other-backbone,42,libero-plus,libero-plus/libero_goal,libero_goal,,287,186,0.64808362,0.02818995,,/e/project1/m3/blank4/code/starVLA/playground/Checkpoints/libero_plus_qwen08b_gr00t/results/libero-plus/libero_goal/overall_results.json,False
starVLA,libero_plus_qwen08b_gr00t,GR00T/other-backbone,42,libero-plus,libero-plus/libero_object,libero_object,,256,193,0.75390625,0.02692086,,/e/project1/m3/blank4/code/starVLA/playground/Checkpoints/libero_plus_qwen08b_gr00t/results/libero-plus/libero_object/overall_results.json,False
starVLA,libero_plus_qwen08b_gr00t,GR00T/other-backbone,42,libero-plus,libero-plus/libero_spatial,libero_spatial,,354,289,0.81638418,0.02057788,,/e/project1/m3/blank4/code/starVLA/playground/Checkpoints/libero_plus_qwen08b_gr00t/results/libero-plus/libero_spatial/overall_results.json,False
starVLA,libero_plus_qwen08b_gr00t_cot_trace_det,CoT-trace,42,libero-plus,libero-plus,libero_10,,320,217,0.67812500,0.02611701,,/e/project1/m3/blank4/code/starVLA/playground/Checkpoints/libero_plus_qwen08b_gr00t_cot_trace_det/results/libero-plus/overall_results.json,False
starVLA,libero_plus_qwen08b_gr00t_cot_trace_det,CoT-trace,42,libero-plus,libero-plus,libero_goal,,320,237,0.74062500,0.02450125,,/e/project1/m3/blank4/code/starVLA/playground/Checkpoints/libero_plus_qwen08b_gr00t_cot_trace_det/results/libero-plus/overall_results.json,False
starVLA,libero_plus_qwen08b_gr00t_cot_trace_det,CoT-trace,42,libero-plus,libero-plus,libero_object,,320,268,0.83750000,0.02062263,,/e/project1/m3/blank4/code/starVLA/playground/Checkpoints/libero_plus_qwen08b_gr00t_cot_trace_det/results/libero-plus/overall_results.json,False
starVLA,libero_plus_qwen08b_gr00t_cot_trace_det,CoT-trace,42,libero-plus,libero-plus,libero_spatial,,320,272,0.85000000,0.01996090,,/e/project1/m3/blank4/code/starVLA/playground/Checkpoints/libero_plus_qwen08b_gr00t_cot_trace_det/results/libero-plus/overall_results.json,False
starVLA,libero_plus_qwen08b_gr00t_cot_trace_det,CoT-trace,42,libero-plus,libero-plus/libero_10,libero_10,,320,217,0.67812500,0.02611701,,/e/project1/m3/blank4/code/starVLA/playground/Checkpoints/libero_plus_qwen08b_gr00t_cot_trace_det/results/libero-plus/libero_10/overall_results.json,False
starVLA,libero_plus_qwen08b_gr00t_cot_trace_det,CoT-trace,42,libero-plus,libero-plus/libero_goal,libero_goal,,320,237,0.74062500,0.02450125,,/e/project1/m3/blank4/code/starVLA/playground/Checkpoints/libero_plus_qwen08b_gr00t_cot_trace_det/results/libero-plus/libero_goal/overall_results.json,False
starVLA,libero_plus_qwen08b_gr00t_cot_trace_det,CoT-trace,42,libero-plus,libero-plus/libero_object,libero_object,,320,268,0.83750000,0.02062263,,/e/project1/m3/blank4/code/starVLA/playground/Checkpoints/libero_plus_qwen08b_gr00t_cot_trace_det/results/libero-plus/libero_object/overall_results.json,False
starVLA,libero_plus_qwen08b_gr00t_cot_trace_det,CoT-trace,42,libero-plus,libero-plus/libero_spatial,libero_spatial,,320,272,0.85000000,0.01996090,,/e/project1/m3/blank4/code/starVLA/playground/Checkpoints/libero_plus_qwen08b_gr00t_cot_trace_det/results/libero-plus/libero_spatial/overall_results.json,False
starVLA,libero_plus_qwen08b_gr00t_cot_trace_det_centroid,CoT-trace,42,libero-plus,libero-plus,libero_10,,256,171,0.66796875,0.02943388,,/e/project1/m3/blank4/code/starVLA/playground/Checkpoints/libero_plus_qwen08b_gr00t_cot_trace_det_centroid/results/libero-plus/overall_results.json,False
starVLA,libero_plus_qwen08b_gr00t_cot_trace_det_centroid,CoT-trace,42,libero-plus,libero-plus,libero_goal,,287,181,0.63066202,0.02848849,,/e/project1/m3/blank4/code/starVLA/playground/Checkpoints/libero_plus_qwen08b_gr00t_cot_trace_det_centroid/results/libero-plus/overall_results.json,False
starVLA,libero_plus_qwen08b_gr00t_cot_trace_det_centroid,CoT-trace,42,libero-plus,libero-plus,libero_object,,256,219,0.85546875,0.02197672,,/e/project1/m3/blank4/code/starVLA/playground/Checkpoints/libero_plus_qwen08b_gr00t_cot_trace_det_centroid/results/libero-plus/overall_results.json,False
starVLA,libero_plus_qwen08b_gr00t_cot_trace_det_centroid,CoT-trace,42,libero-plus,libero-plus,libero_spatial,,354,295,0.83333333,0.01980761,,/e/project1/m3/blank4/code/starVLA/playground/Checkpoints/libero_plus_qwen08b_gr00t_cot_trace_det_centroid/results/libero-plus/overall_results.json,False
starVLA,libero_plus_qwen08b_gr00t_cot_trace_det_centroid,CoT-trace,42,libero-plus,libero-plus/libero_10,libero_10,,256,171,0.66796875,0.02943388,,/e/project1/m3/blank4/code/starVLA/playground/Checkpoints/libero_plus_qwen08b_gr00t_cot_trace_det_centroid/results/libero-plus/libero_10/overall_results.json,False
starVLA,libero_plus_qwen08b_gr00t_cot_trace_det_centroid,CoT-trace,42,libero-plus,libero-plus/libero_goal,libero_goal,,287,181,0.63066202,0.02848849,,/e/project1/m3/blank4/code/starVLA/playground/Checkpoints/libero_plus_qwen08b_gr00t_cot_trace_det_centroid/results/libero-plus/libero_goal/overall_results.json,False
starVLA,libero_plus_qwen08b_gr00t_cot_trace_det_centroid,CoT-trace,42,libero-plus,libero-plus/libero_object,libero_object,,256,219,0.85546875,0.02197672,,/e/project1/m3/blank4/code/starVLA/playground/Checkpoints/libero_plus_qwen08b_gr00t_cot_trace_det_centroid/results/libero-plus/libero_object/overall_results.json,False
starVLA,libero_plus_qwen08b_gr00t_cot_trace_det_centroid,CoT-trace,42,libero-plus,libero-plus/libero_spatial,libero_spatial,,354,295,0.83333333,0.01980761,,/e/project1/m3/blank4/code/starVLA/playground/Checkpoints/libero_plus_qwen08b_gr00t_cot_trace_det_centroid/results/libero-plus/libero_spatial/overall_results.json,False
starVLA,libero_plus_qwen08b_gr00t_cot_trace_det_cotw1_readout,CoT-trace,42,libero-plus,libero-plus,libero_10,,256,186,0.72656250,0.02785772,,/e/project1/m3/blank4/code/starVLA/playground/Checkpoints/libero_plus_qwen08b_gr00t_cot_trace_det_cotw1_readout/results/libero-plus/overall_results.json,False
starVLA,libero_plus_qwen08b_gr00t_cot_trace_det_cotw1_readout,CoT-trace,42,libero-plus,libero-plus,libero_goal,,287,204,0.71080139,0.02676278,,/e/project1/m3/blank4/code/starVLA/playground/Checkpoints/libero_plus_qwen08b_gr00t_cot_trace_det_cotw1_readout/results/libero-plus/overall_results.json,False
starVLA,libero_plus_qwen08b_gr00t_cot_trace_det_cotw1_readout,CoT-trace,42,libero-plus,libero-plus,libero_object,,256,217,0.84765625,0.02245961,,/e/project1/m3/blank4/code/starVLA/playground/Checkpoints/libero_plus_qwen08b_gr00t_cot_trace_det_cotw1_readout/results/libero-plus/overall_results.json,False
starVLA,libero_plus_qwen08b_gr00t_cot_trace_det_cotw1_readout,CoT-trace,42,libero-plus,libero-plus,libero_spatial,,354,304,0.85875706,0.01851045,,/e/project1/m3/blank4/code/starVLA/playground/Checkpoints/libero_plus_qwen08b_gr00t_cot_trace_det_cotw1_readout/results/libero-plus/overall_results.json,False
starVLA,libero_plus_qwen08b_gr00t_cot_trace_det_cotw1_readout,CoT-trace,42,libero-plus,libero-plus/libero_10,libero_10,,1000,726,0.72600000,0.01410404,,/e/project1/m3/blank4/code/starVLA/playground/Checkpoints/libero_plus_qwen08b_gr00t_cot_trace_det_cotw1_readout/results/libero-plus/libero_10/overall_results.json,False
starVLA,libero_plus_qwen08b_gr00t_cot_trace_det_cotw1_readout,CoT-trace,42,libero-plus,libero-plus/libero_goal,libero_goal,,287,204,0.71080139,0.02676278,,/e/project1/m3/blank4/code/starVLA/playground/Checkpoints/libero_plus_qwen08b_gr00t_cot_trace_det_cotw1_readout/results/libero-plus/libero_goal/overall_results.json,False
starVLA,libero_plus_qwen08b_gr00t_cot_trace_det_cotw1_readout,CoT-trace,42,libero-plus,libero-plus/libero_object,libero_object,,256,217,0.84765625,0.02245961,,/e/project1/m3/blank4/code/starVLA/playground/Checkpoints/libero_plus_qwen08b_gr00t_cot_trace_det_cotw1_readout/results/libero-plus/libero_object/overall_results.json,False
starVLA,libero_plus_qwen08b_gr00t_cot_trace_det_cotw1_readout,CoT-trace,42,libero-plus,libero-plus/libero_spatial,libero_spatial,,354,304,0.85875706,0.01851045,,/e/project1/m3/blank4/code/starVLA/playground/Checkpoints/libero_plus_qwen08b_gr00t_cot_trace_det_cotw1_readout/results/libero-plus/libero_spatial/overall_results.json,False
starVLA,libero_plus_qwen08b_gr00t_cot_trace_det_cotw1_traceonly,CoT-trace,42,libero-plus,libero-plus,libero_10,,256,111,0.43359375,0.03097316,,/e/project1/m3/blank4/code/starVLA/playground/Checkpoints/libero_plus_qwen08b_gr00t_cot_trace_det_cotw1_traceonly/results/libero-plus/overall_results.json,False
starVLA,libero_plus_qwen08b_gr00t_cot_trace_det_cotw1_traceonly,CoT-trace,42,libero-plus,libero-plus,libero_goal,,287,168,0.58536585,0.02908073,,/e/project1/m3/blank4/code/starVLA/playground/Checkpoints/libero_plus_qwen08b_gr00t_cot_trace_det_cotw1_traceonly/results/libero-plus/overall_results.json,False
starVLA,libero_plus_qwen08b_gr00t_cot_trace_det_cotw1_traceonly,CoT-trace,42,libero-plus,libero-plus,libero_object,,256,184,0.71875000,0.02810058,,/e/project1/m3/blank4/code/starVLA/playground/Checkpoints/libero_plus_qwen08b_gr00t_cot_trace_det_cotw1_traceonly/results/libero-plus/overall_results.json,False
starVLA,libero_plus_qwen08b_gr00t_cot_trace_det_cotw1_traceonly,CoT-trace,42,libero-plus,libero-plus,libero_spatial,,354,262,0.74011299,0.02330986,,/e/project1/m3/blank4/code/starVLA/playground/Checkpoints/libero_plus_qwen08b_gr00t_cot_trace_det_cotw1_traceonly/results/libero-plus/overall_results.json,False
starVLA,libero_plus_qwen08b_gr00t_cot_trace_det_cotw1_traceonly,CoT-trace,42,libero-plus,libero-plus/libero_10,libero_10,,256,111,0.43359375,0.03097316,,/e/project1/m3/blank4/code/starVLA/playground/Checkpoints/libero_plus_qwen08b_gr00t_cot_trace_det_cotw1_traceonly/results/libero-plus/libero_10/overall_results.json,False
starVLA,libero_plus_qwen08b_gr00t_cot_trace_det_cotw1_traceonly,CoT-trace,42,libero-plus,libero-plus/libero_goal,libero_goal,,287,168,0.58536585,0.02908073,,/e/project1/m3/blank4/code/starVLA/playground/Checkpoints/libero_plus_qwen08b_gr00t_cot_trace_det_cotw1_traceonly/results/libero-plus/libero_goal/overall_results.json,False
starVLA,libero_plus_qwen08b_gr00t_cot_trace_det_cotw1_traceonly,CoT-trace,42,libero-plus,libero-plus/libero_object,libero_object,,256,184,0.71875000,0.02810058,,/e/project1/m3/blank4/code/starVLA/playground/Checkpoints/libero_plus_qwen08b_gr00t_cot_trace_det_cotw1_traceonly/results/libero-plus/libero_object/overall_results.json,False
starVLA,libero_plus_qwen08b_gr00t_cot_trace_det_cotw1_traceonly,CoT-trace,42,libero-plus,libero-plus/libero_spatial,libero_spatial,,354,262,0.74011299,0.02330986,,/e/project1/m3/blank4/code/starVLA/playground/Checkpoints/libero_plus_qwen08b_gr00t_cot_trace_det_cotw1_traceonly/results/libero-plus/libero_spatial/overall_results.json,False
starVLA,libero_plus_qwen08b_gr00t_cot_trace_det_full,CoT-trace,42,libero-plus,libero-plus,libero_10,,256,177,0.69140625,0.02886956,,/e/project1/m3/blank4/code/starVLA/playground/Checkpoints/libero_plus_qwen08b_gr00t_cot_trace_det_full/results/libero-plus/overall_results.json,False
starVLA,libero_plus_qwen08b_gr00t_cot_trace_det_full,CoT-trace,42,libero-plus,libero-plus,libero_goal,,287,205,0.71428571,0.02666619,,/e/project1/m3/blank4/code/starVLA/playground/Checkpoints/libero_plus_qwen08b_gr00t_cot_trace_det_full/results/libero-plus/overall_results.json,False
starVLA,libero_plus_qwen08b_gr00t_cot_trace_det_full,CoT-trace,42,libero-plus,libero-plus,libero_object,,256,215,0.83984375,0.02292193,,/e/project1/m3/blank4/code/starVLA/playground/Checkpoints/libero_plus_qwen08b_gr00t_cot_trace_det_full/results/libero-plus/overall_results.json,False
starVLA,libero_plus_qwen08b_gr00t_cot_trace_det_full,CoT-trace,42,libero-plus,libero-plus,libero_spatial,,354,293,0.82768362,0.02007215,,/e/project1/m3/blank4/code/starVLA/playground/Checkpoints/libero_plus_qwen08b_gr00t_cot_trace_det_full/results/libero-plus/overall_results.json,False
starVLA,libero_plus_qwen08b_gr00t_cot_trace_det_full,CoT-trace,42,libero-plus,libero-plus/libero_10,libero_10,,256,177,0.69140625,0.02886956,,/e/project1/m3/blank4/code/starVLA/playground/Checkpoints/libero_plus_qwen08b_gr00t_cot_trace_det_full/results/libero-plus/libero_10/overall_results.json,False
starVLA,libero_plus_qwen08b_gr00t_cot_trace_det_full,CoT-trace,42,libero-plus,libero-plus/libero_goal,libero_goal,,287,205,0.71428571,0.02666619,,/e/project1/m3/blank4/code/starVLA/playground/Checkpoints/libero_plus_qwen08b_gr00t_cot_trace_det_full/results/libero-plus/libero_goal/overall_results.json,False
starVLA,libero_plus_qwen08b_gr00t_cot_trace_det_full,CoT-trace,42,libero-plus,libero-plus/libero_object,libero_object,,256,215,0.83984375,0.02292193,,/e/project1/m3/blank4/code/starVLA/playground/Checkpoints/libero_plus_qwen08b_gr00t_cot_trace_det_full/results/libero-plus/libero_object/overall_results.json,False
starVLA,libero_plus_qwen08b_gr00t_cot_trace_det_full,CoT-trace,42,libero-plus,libero-plus/libero_spatial,libero_spatial,,354,293,0.82768362,0.02007215,,/e/project1/m3/blank4/code/starVLA/playground/Checkpoints/libero_plus_qwen08b_gr00t_cot_trace_det_full/results/libero-plus/libero_spatial/overall_results.json,False
starVLA,libero_plus_qwen08b_gr00t_cot_trace_det_v2,CoT-trace,42,libero-plus,libero-plus,libero_10,,256,171,0.66796875,0.02943388,,/e/project1/m3/blank4/code/starVLA/playground/Checkpoints/libero_plus_qwen08b_gr00t_cot_trace_det_v2/results/libero-plus/overall_results.json,False
starVLA,libero_plus_qwen08b_gr00t_cot_trace_det_v2,CoT-trace,42,libero-plus,libero-plus,libero_goal,,287,186,0.64808362,0.02818995,,/e/project1/m3/blank4/code/starVLA/playground/Checkpoints/libero_plus_qwen08b_gr00t_cot_trace_det_v2/results/libero-plus/overall_results.json,False
starVLA,libero_plus_qwen08b_gr00t_cot_trace_det_v2,CoT-trace,42,libero-plus,libero-plus,libero_object,,256,215,0.83984375,0.02292193,,/e/project1/m3/blank4/code/starVLA/playground/Checkpoints/libero_plus_qwen08b_gr00t_cot_trace_det_v2/results/libero-plus/overall_results.json,False
starVLA,libero_plus_qwen08b_gr00t_cot_trace_det_v2,CoT-trace,42,libero-plus,libero-plus,libero_spatial,,354,305,0.86158192,0.01835452,,/e/project1/m3/blank4/code/starVLA/playground/Checkpoints/libero_plus_qwen08b_gr00t_cot_trace_det_v2/results/libero-plus/overall_results.json,False
starVLA,libero_plus_qwen08b_gr00t_cot_trace_det_v2,CoT-trace,42,libero-plus,libero-plus/libero_10,libero_10,,256,171,0.66796875,0.02943388,,/e/project1/m3/blank4/code/starVLA/playground/Checkpoints/libero_plus_qwen08b_gr00t_cot_trace_det_v2/results/libero-plus/libero_10/overall_results.json,False
starVLA,libero_plus_qwen08b_gr00t_cot_trace_det_v2,CoT-trace,42,libero-plus,libero-plus/libero_goal,libero_goal,,287,186,0.64808362,0.02818995,,/e/project1/m3/blank4/code/starVLA/playground/Checkpoints/libero_plus_qwen08b_gr00t_cot_trace_det_v2/results/libero-plus/libero_goal/overall_results.json,False
starVLA,libero_plus_qwen08b_gr00t_cot_trace_det_v2,CoT-trace,42,libero-plus,libero-plus/libero_object,libero_object,,256,215,0.83984375,0.02292193,,/e/project1/m3/blank4/code/starVLA/playground/Checkpoints/libero_plus_qwen08b_gr00t_cot_trace_det_v2/results/libero-plus/libero_object/overall_results.json,False
starVLA,libero_plus_qwen08b_gr00t_cot_trace_det_v2,CoT-trace,42,libero-plus,libero-plus/libero_spatial,libero_spatial,,354,305,0.86158192,0.01835452,,/e/project1/m3/blank4/code/starVLA/playground/Checkpoints/libero_plus_qwen08b_gr00t_cot_trace_det_v2/results/libero-plus/libero_spatial/overall_results.json,False
starVLA,libero_plus_qwen08b_gr00t_cot_trace_det_v3,CoT-trace,42,libero-plus,libero-plus,libero_10,,256,190,0.74218750,0.02733939,,/e/project1/m3/blank4/code/starVLA/playground/Checkpoints/libero_plus_qwen08b_gr00t_cot_trace_det_v3/results/libero-plus/overall_results.json,False
starVLA,libero_plus_qwen08b_gr00t_cot_trace_det_v3,CoT-trace,42,libero-plus,libero-plus,libero_goal,,287,198,0.68989547,0.02730265,,/e/project1/m3/blank4/code/starVLA/playground/Checkpoints/libero_plus_qwen08b_gr00t_cot_trace_det_v3/results/libero-plus/overall_results.json,False
starVLA,libero_plus_qwen08b_gr00t_cot_trace_det_v3,CoT-trace,42,libero-plus,libero-plus,libero_object,,256,207,0.80859375,0.02458800,,/e/project1/m3/blank4/code/starVLA/playground/Checkpoints/libero_plus_qwen08b_gr00t_cot_trace_det_v3/results/libero-plus/overall_results.json,False
starVLA,libero_plus_qwen08b_gr00t_cot_trace_det_v3,CoT-trace,42,libero-plus,libero-plus,libero_spatial,,354,305,0.86158192,0.01835452,,/e/project1/m3/blank4/code/starVLA/playground/Checkpoints/libero_plus_qwen08b_gr00t_cot_trace_det_v3/results/libero-plus/overall_results.json,False
starVLA,libero_plus_qwen08b_gr00t_cot_trace_det_v3,CoT-trace,42,libero-plus,libero-plus/libero_10,libero_10,,256,190,0.74218750,0.02733939,,/e/project1/m3/blank4/code/starVLA/playground/Checkpoints/libero_plus_qwen08b_gr00t_cot_trace_det_v3/results/libero-plus/libero_10/overall_results.json,False
starVLA,libero_plus_qwen08b_gr00t_cot_trace_det_v3,CoT-trace,42,libero-plus,libero-plus/libero_goal,libero_goal,,287,198,0.68989547,0.02730265,,/e/project1/m3/blank4/code/starVLA/playground/Checkpoints/libero_plus_qwen08b_gr00t_cot_trace_det_v3/results/libero-plus/libero_goal/overall_results.json,False
starVLA,libero_plus_qwen08b_gr00t_cot_trace_det_v3,CoT-trace,42,libero-plus,libero-plus/libero_object,libero_object,,256,207,0.80859375,0.02458800,,/e/project1/m3/blank4/code/starVLA/playground/Checkpoints/libero_plus_qwen08b_gr00t_cot_trace_det_v3/results/libero-plus/libero_object/overall_results.json,False
starVLA,libero_plus_qwen08b_gr00t_cot_trace_det_v3,CoT-trace,42,libero-plus,libero-plus/libero_spatial,libero_spatial,,354,305,0.86158192,0.01835452,,/e/project1/m3/blank4/code/starVLA/playground/Checkpoints/libero_plus_qwen08b_gr00t_cot_trace_det_v3/results/libero-plus/libero_spatial/overall_results.json,False
starVLA,libero_plus_qwen08b_gr00t_cot_trace_det_v3_cotw01,CoT-trace,1234,libero-plus,libero-plus,libero_10,,1000,787,0.78700000,0.01294724,,/e/project1/m3/blank4/code/starVLA/playground/Checkpoints/libero_plus_qwen08b_gr00t_cot_trace_det_v3_cotw01/results/libero-plus/overall_results.json,True
starVLA,libero_plus_qwen08b_gr00t_cot_trace_det_v3_cotw01,CoT-trace,1234,libero-plus,libero-plus,libero_goal,,1000,729,0.72900000,0.01405557,,/e/project1/m3/blank4/code/starVLA/playground/Checkpoints/libero_plus_qwen08b_gr00t_cot_trace_det_v3_cotw01/results/libero-plus/overall_results.json,True
starVLA,libero_plus_qwen08b_gr00t_cot_trace_det_v3_cotw01,CoT-trace,1234,libero-plus,libero-plus,libero_object,,1000,869,0.86900000,0.01066954,,/e/project1/m3/blank4/code/starVLA/playground/Checkpoints/libero_plus_qwen08b_gr00t_cot_trace_det_v3_cotw01/results/libero-plus/overall_results.json,True
starVLA,libero_plus_qwen08b_gr00t_cot_trace_det_v3_cotw01,CoT-trace,1234,libero-plus,libero-plus,libero_spatial,,1000,864,0.86400000,0.01083993,,/e/project1/m3/blank4/code/starVLA/playground/Checkpoints/libero_plus_qwen08b_gr00t_cot_trace_det_v3_cotw01/results/libero-plus/overall_results.json,True
starVLA,libero_plus_qwen08b_gr00t_cot_trace_det_v3_cotw01,CoT-trace,1234,libero-plus,libero-plus/libero_10,libero_10,,1000,787,0.78700000,0.01294724,,/e/project1/m3/blank4/code/starVLA/playground/Checkpoints/libero_plus_qwen08b_gr00t_cot_trace_det_v3_cotw01/results/libero-plus/libero_10/overall_results.json,False
starVLA,libero_plus_qwen08b_gr00t_cot_trace_det_v3_cotw01,CoT-trace,1234,libero-plus,libero-plus/libero_goal,libero_goal,,1000,729,0.72900000,0.01405557,,/e/project1/m3/blank4/code/starVLA/playground/Checkpoints/libero_plus_qwen08b_gr00t_cot_trace_det_v3_cotw01/results/libero-plus/libero_goal/overall_results.json,False
starVLA,libero_plus_qwen08b_gr00t_cot_trace_det_v3_cotw01,CoT-trace,1234,libero-plus,libero-plus/libero_object,libero_object,,1000,869,0.86900000,0.01066954,,/e/project1/m3/blank4/code/starVLA/playground/Checkpoints/libero_plus_qwen08b_gr00t_cot_trace_det_v3_cotw01/results/libero-plus/libero_object/overall_results.json,False
starVLA,libero_plus_qwen08b_gr00t_cot_trace_det_v3_cotw01,CoT-trace,1234,libero-plus,libero-plus/libero_spatial,libero_spatial,,1000,864,0.86400000,0.01083993,,/e/project1/m3/blank4/code/starVLA/playground/Checkpoints/libero_plus_qwen08b_gr00t_cot_trace_det_v3_cotw01/results/libero-plus/libero_spatial/overall_results.json,False
starVLA,libero_plus_qwen08b_gr00t_cot_trace_ours,CoT-trace,42,libero-plus,libero-plus,libero_10,,320,228,0.71250000,0.02530092,,/e/project1/m3/blank4/code/starVLA/playground/Checkpoints/libero_plus_qwen08b_gr00t_cot_trace_ours/results/libero-plus/overall_results.json,False
starVLA,libero_plus_qwen08b_gr00t_cot_trace_ours,CoT-trace,42,libero-plus,libero-plus,libero_goal,,320,189,0.59062500,0.02748790,,/e/project1/m3/blank4/code/starVLA/playground/Checkpoints/libero_plus_qwen08b_gr00t_cot_trace_ours/results/libero-plus/overall_results.json,False
starVLA,libero_plus_qwen08b_gr00t_cot_trace_ours,CoT-trace,42,libero-plus,libero-plus,libero_object,,320,237,0.74062500,0.02450125,,/e/project1/m3/blank4/code/starVLA/playground/Checkpoints/libero_plus_qwen08b_gr00t_cot_trace_ours/results/libero-plus/overall_results.json,False
starVLA,libero_plus_qwen08b_gr00t_cot_trace_ours,CoT-trace,42,libero-plus,libero-plus,libero_spatial,,320,258,0.80625000,0.02209432,,/e/project1/m3/blank4/code/starVLA/playground/Checkpoints/libero_plus_qwen08b_gr00t_cot_trace_ours/results/libero-plus/overall_results.json,False
starVLA,libero_plus_qwen08b_gr00t_cot_trace_ours,CoT-trace,42,libero-plus,libero-plus/libero_10,libero_10,,320,228,0.71250000,0.02530092,,/e/project1/m3/blank4/code/starVLA/playground/Checkpoints/libero_plus_qwen08b_gr00t_cot_trace_ours/results/libero-plus/libero_10/overall_results.json,False
starVLA,libero_plus_qwen08b_gr00t_cot_trace_ours,CoT-trace,42,libero-plus,libero-plus/libero_goal,libero_goal,,320,189,0.59062500,0.02748790,,/e/project1/m3/blank4/code/starVLA/playground/Checkpoints/libero_plus_qwen08b_gr00t_cot_trace_ours/results/libero-plus/libero_goal/overall_results.json,False
starVLA,libero_plus_qwen08b_gr00t_cot_trace_ours,CoT-trace,42,libero-plus,libero-plus/libero_object,libero_object,,320,237,0.74062500,0.02450125,,/e/project1/m3/blank4/code/starVLA/playground/Checkpoints/libero_plus_qwen08b_gr00t_cot_trace_ours/results/libero-plus/libero_object/overall_results.json,False
starVLA,libero_plus_qwen08b_gr00t_cot_trace_ours,CoT-trace,42,libero-plus,libero-plus/libero_spatial,libero_spatial,,320,258,0.80625000,0.02209432,,/e/project1/m3/blank4/code/starVLA/playground/Checkpoints/libero_plus_qwen08b_gr00t_cot_trace_ours/results/libero-plus/libero_spatial/overall_results.json,False
starVLA,libero_plus_qwen08b_gr00t_cot_trace_ours_centroid,CoT-trace,42,libero-plus,libero-plus,libero_10,,256,167,0.65234375,0.02976414,,/e/project1/m3/blank4/code/starVLA/playground/Checkpoints/libero_plus_qwen08b_gr00t_cot_trace_ours_centroid/results/libero-plus/overall_results.json,False
starVLA,libero_plus_qwen08b_gr00t_cot_trace_ours_centroid,CoT-trace,42,libero-plus,libero-plus,libero_goal,,287,199,0.69337979,0.02721730,,/e/project1/m3/blank4/code/starVLA/playground/Checkpoints/libero_plus_qwen08b_gr00t_cot_trace_ours_centroid/results/libero-plus/overall_results.json,False
starVLA,libero_plus_qwen08b_gr00t_cot_trace_ours_centroid,CoT-trace,42,libero-plus,libero-plus,libero_object,,256,216,0.84375000,0.02269326,,/e/project1/m3/blank4/code/starVLA/playground/Checkpoints/libero_plus_qwen08b_gr00t_cot_trace_ours_centroid/results/libero-plus/overall_results.json,False
starVLA,libero_plus_qwen08b_gr00t_cot_trace_ours_centroid,CoT-trace,42,libero-plus,libero-plus,libero_spatial,,354,298,0.84180791,0.01939533,,/e/project1/m3/blank4/code/starVLA/playground/Checkpoints/libero_plus_qwen08b_gr00t_cot_trace_ours_centroid/results/libero-plus/overall_results.json,False
starVLA,libero_plus_qwen08b_gr00t_cot_trace_ours_centroid,CoT-trace,42,libero-plus,libero-plus/libero_10,libero_10,,256,167,0.65234375,0.02976414,,/e/project1/m3/blank4/code/starVLA/playground/Checkpoints/libero_plus_qwen08b_gr00t_cot_trace_ours_centroid/results/libero-plus/libero_10/overall_results.json,False
starVLA,libero_plus_qwen08b_gr00t_cot_trace_ours_centroid,CoT-trace,42,libero-plus,libero-plus/libero_goal,libero_goal,,287,199,0.69337979,0.02721730,,/e/project1/m3/blank4/code/starVLA/playground/Checkpoints/libero_plus_qwen08b_gr00t_cot_trace_ours_centroid/results/libero-plus/libero_goal/overall_results.json,False
starVLA,libero_plus_qwen08b_gr00t_cot_trace_ours_centroid,CoT-trace,42,libero-plus,libero-plus/libero_object,libero_object,,256,216,0.84375000,0.02269326,,/e/project1/m3/blank4/code/starVLA/playground/Checkpoints/libero_plus_qwen08b_gr00t_cot_trace_ours_centroid/results/libero-plus/libero_object/overall_results.json,False
starVLA,libero_plus_qwen08b_gr00t_cot_trace_ours_centroid,CoT-trace,42,libero-plus,libero-plus/libero_spatial,libero_spatial,,354,298,0.84180791,0.01939533,,/e/project1/m3/blank4/code/starVLA/playground/Checkpoints/libero_plus_qwen08b_gr00t_cot_trace_ours_centroid/results/libero-plus/libero_spatial/overall_results.json,False
starVLA,libero_plus_qwen08b_gr00t_cot_trace_ours_cotw1_readout_scratch,CoT-trace,42,libero-plus,libero-plus,libero_10,,256,193,0.75390625,0.02692086,,/e/project1/m3/blank4/code/starVLA/playground/Checkpoints/libero_plus_qwen08b_gr00t_cot_trace_ours_cotw1_readout_scratch/results/libero-plus/overall_results.json,False
starVLA,libero_plus_qwen08b_gr00t_cot_trace_ours_cotw1_readout_scratch,CoT-trace,42,libero-plus,libero-plus,libero_goal,,287,192,0.66898955,0.02777727,,/e/project1/m3/blank4/code/starVLA/playground/Checkpoints/libero_plus_qwen08b_gr00t_cot_trace_ours_cotw1_readout_scratch/results/libero-plus/overall_results.json,False
starVLA,libero_plus_qwen08b_gr00t_cot_trace_ours_cotw1_readout_scratch,CoT-trace,42,libero-plus,libero-plus,libero_object,,256,220,0.85937500,0.02172714,,/e/project1/m3/blank4/code/starVLA/playground/Checkpoints/libero_plus_qwen08b_gr00t_cot_trace_ours_cotw1_readout_scratch/results/libero-plus/overall_results.json,False
starVLA,libero_plus_qwen08b_gr00t_cot_trace_ours_cotw1_readout_scratch,CoT-trace,42,libero-plus,libero-plus,libero_spatial,,354,302,0.85310734,0.01881483,,/e/project1/m3/blank4/code/starVLA/playground/Checkpoints/libero_plus_qwen08b_gr00t_cot_trace_ours_cotw1_readout_scratch/results/libero-plus/overall_results.json,False
starVLA,libero_plus_qwen08b_gr00t_cot_trace_ours_cotw1_readout_scratch,CoT-trace,42,libero-plus,libero-plus/libero_10,libero_10,,1000,740,0.74000000,0.01387083,,/e/project1/m3/blank4/code/starVLA/playground/Checkpoints/libero_plus_qwen08b_gr00t_cot_trace_ours_cotw1_readout_scratch/results/libero-plus/libero_10/overall_results.json,False
starVLA,libero_plus_qwen08b_gr00t_cot_trace_ours_cotw1_readout_scratch,CoT-trace,42,libero-plus,libero-plus/libero_goal,libero_goal,,287,192,0.66898955,0.02777727,,/e/project1/m3/blank4/code/starVLA/playground/Checkpoints/libero_plus_qwen08b_gr00t_cot_trace_ours_cotw1_readout_scratch/results/libero-plus/libero_goal/overall_results.json,False
starVLA,libero_plus_qwen08b_gr00t_cot_trace_ours_cotw1_readout_scratch,CoT-trace,42,libero-plus,libero-plus/libero_object,libero_object,,256,220,0.85937500,0.02172714,,/e/project1/m3/blank4/code/starVLA/playground/Checkpoints/libero_plus_qwen08b_gr00t_cot_trace_ours_cotw1_readout_scratch/results/libero-plus/libero_object/overall_results.json,False
starVLA,libero_plus_qwen08b_gr00t_cot_trace_ours_cotw1_readout_scratch,CoT-trace,42,libero-plus,libero-plus/libero_spatial,libero_spatial,,354,302,0.85310734,0.01881483,,/e/project1/m3/blank4/code/starVLA/playground/Checkpoints/libero_plus_qwen08b_gr00t_cot_trace_ours_cotw1_readout_scratch/results/libero-plus/libero_spatial/overall_results.json,False
starVLA,libero_plus_qwen08b_gr00t_cot_trace_ours_cotw1_traceonly_scratch,CoT-trace,42,libero-plus,libero-plus,libero_10,,256,162,0.63281250,0.03012739,,/e/project1/m3/blank4/code/starVLA/playground/Checkpoints/libero_plus_qwen08b_gr00t_cot_trace_ours_cotw1_traceonly_scratch/results/libero-plus/overall_results.json,False
starVLA,libero_plus_qwen08b_gr00t_cot_trace_ours_cotw1_traceonly_scratch,CoT-trace,42,libero-plus,libero-plus,libero_goal,,287,192,0.66898955,0.02777727,,/e/project1/m3/blank4/code/starVLA/playground/Checkpoints/libero_plus_qwen08b_gr00t_cot_trace_ours_cotw1_traceonly_scratch/results/libero-plus/overall_results.json,False
starVLA,libero_plus_qwen08b_gr00t_cot_trace_ours_cotw1_traceonly_scratch,CoT-trace,42,libero-plus,libero-plus,libero_object,,256,216,0.84375000,0.02269326,,/e/project1/m3/blank4/code/starVLA/playground/Checkpoints/libero_plus_qwen08b_gr00t_cot_trace_ours_cotw1_traceonly_scratch/results/libero-plus/overall_results.json,False
starVLA,libero_plus_qwen08b_gr00t_cot_trace_ours_cotw1_traceonly_scratch,CoT-trace,42,libero-plus,libero-plus,libero_spatial,,354,291,0.82203390,0.02032881,,/e/project1/m3/blank4/code/starVLA/playground/Checkpoints/libero_plus_qwen08b_gr00t_cot_trace_ours_cotw1_traceonly_scratch/results/libero-plus/overall_results.json,False
starVLA,libero_plus_qwen08b_gr00t_cot_trace_ours_cotw1_traceonly_scratch,CoT-trace,42,libero-plus,libero-plus/libero_10,libero_10,,256,162,0.63281250,0.03012739,,/e/project1/m3/blank4/code/starVLA/playground/Checkpoints/libero_plus_qwen08b_gr00t_cot_trace_ours_cotw1_traceonly_scratch/results/libero-plus/libero_10/overall_results.json,False
starVLA,libero_plus_qwen08b_gr00t_cot_trace_ours_cotw1_traceonly_scratch,CoT-trace,42,libero-plus,libero-plus/libero_goal,libero_goal,,287,192,0.66898955,0.02777727,,/e/project1/m3/blank4/code/starVLA/playground/Checkpoints/libero_plus_qwen08b_gr00t_cot_trace_ours_cotw1_traceonly_scratch/results/libero-plus/libero_goal/overall_results.json,False
starVLA,libero_plus_qwen08b_gr00t_cot_trace_ours_cotw1_traceonly_scratch,CoT-trace,42,libero-plus,libero-plus/libero_object,libero_object,,256,216,0.84375000,0.02269326,,/e/project1/m3/blank4/code/starVLA/playground/Checkpoints/libero_plus_qwen08b_gr00t_cot_trace_ours_cotw1_traceonly_scratch/results/libero-plus/libero_object/overall_results.json,False
starVLA,libero_plus_qwen08b_gr00t_cot_trace_ours_cotw1_traceonly_scratch,CoT-trace,42,libero-plus,libero-plus/libero_spatial,libero_spatial,,354,291,0.82203390,0.02032881,,/e/project1/m3/blank4/code/starVLA/playground/Checkpoints/libero_plus_qwen08b_gr00t_cot_trace_ours_cotw1_traceonly_scratch/results/libero-plus/libero_spatial/overall_results.json,False
starVLA,libero_plus_qwen08b_gr00t_cot_trace_ours_fixedbase,CoT-trace,42,libero-plus,libero-plus,libero_10,,320,211,0.65937500,0.02649290,,/e/project1/m3/blank4/code/starVLA/playground/Checkpoints/libero_plus_qwen08b_gr00t_cot_trace_ours_fixedbase/results/libero-plus/overall_results.json,False
starVLA,libero_plus_qwen08b_gr00t_cot_trace_ours_fixedbase,CoT-trace,42,libero-plus,libero-plus,libero_goal,,320,229,0.71562500,0.02521816,,/e/project1/m3/blank4/code/starVLA/playground/Checkpoints/libero_plus_qwen08b_gr00t_cot_trace_ours_fixedbase/results/libero-plus/overall_results.json,False
starVLA,libero_plus_qwen08b_gr00t_cot_trace_ours_fixedbase,CoT-trace,42,libero-plus,libero-plus,libero_object,,320,264,0.82500000,0.02124081,,/e/project1/m3/blank4/code/starVLA/playground/Checkpoints/libero_plus_qwen08b_gr00t_cot_trace_ours_fixedbase/results/libero-plus/overall_results.json,False
starVLA,libero_plus_qwen08b_gr00t_cot_trace_ours_fixedbase,CoT-trace,42,libero-plus,libero-plus,libero_spatial,,320,260,0.81250000,0.02181913,,/e/project1/m3/blank4/code/starVLA/playground/Checkpoints/libero_plus_qwen08b_gr00t_cot_trace_ours_fixedbase/results/libero-plus/overall_results.json,False
starVLA,libero_plus_qwen08b_gr00t_cot_trace_ours_fixedbase,CoT-trace,42,libero-plus,libero-plus/libero_10,libero_10,,320,211,0.65937500,0.02649290,,/e/project1/m3/blank4/code/starVLA/playground/Checkpoints/libero_plus_qwen08b_gr00t_cot_trace_ours_fixedbase/results/libero-plus/libero_10/overall_results.json,False
starVLA,libero_plus_qwen08b_gr00t_cot_trace_ours_fixedbase,CoT-trace,42,libero-plus,libero-plus/libero_goal,libero_goal,,320,229,0.71562500,0.02521816,,/e/project1/m3/blank4/code/starVLA/playground/Checkpoints/libero_plus_qwen08b_gr00t_cot_trace_ours_fixedbase/results/libero-plus/libero_goal/overall_results.json,False
starVLA,libero_plus_qwen08b_gr00t_cot_trace_ours_fixedbase,CoT-trace,42,libero-plus,libero-plus/libero_object,libero_object,,320,264,0.82500000,0.02124081,,/e/project1/m3/blank4/code/starVLA/playground/Checkpoints/libero_plus_qwen08b_gr00t_cot_trace_ours_fixedbase/results/libero-plus/libero_object/overall_results.json,False
starVLA,libero_plus_qwen08b_gr00t_cot_trace_ours_fixedbase,CoT-trace,42,libero-plus,libero-plus/libero_spatial,libero_spatial,,320,260,0.81250000,0.02181913,,/e/project1/m3/blank4/code/starVLA/playground/Checkpoints/libero_plus_qwen08b_gr00t_cot_trace_ours_fixedbase/results/libero-plus/libero_spatial/overall_results.json,False
starVLA,libero_plus_qwen08b_gr00t_cot_trace_ours_full,CoT-trace,42,libero-plus,libero-plus,libero_10,,256,165,0.64453125,0.02991594,,/e/project1/m3/blank4/code/starVLA/playground/Checkpoints/libero_plus_qwen08b_gr00t_cot_trace_ours_full/results/libero-plus/overall_results.json,False
starVLA,libero_plus_qwen08b_gr00t_cot_trace_ours_full,CoT-trace,42,libero-plus,libero-plus,libero_goal,,287,197,0.68641115,0.02738618,,/e/project1/m3/blank4/code/starVLA/playground/Checkpoints/libero_plus_qwen08b_gr00t_cot_trace_ours_full/results/libero-plus/overall_results.json,False
starVLA,libero_plus_qwen08b_gr00t_cot_trace_ours_full,CoT-trace,42,libero-plus,libero-plus,libero_object,,256,207,0.80859375,0.02458800,,/e/project1/m3/blank4/code/starVLA/playground/Checkpoints/libero_plus_qwen08b_gr00t_cot_trace_ours_full/results/libero-plus/overall_results.json,False
starVLA,libero_plus_qwen08b_gr00t_cot_trace_ours_full,CoT-trace,42,libero-plus,libero-plus,libero_spatial,,354,302,0.85310734,0.01881483,,/e/project1/m3/blank4/code/starVLA/playground/Checkpoints/libero_plus_qwen08b_gr00t_cot_trace_ours_full/results/libero-plus/overall_results.json,False
starVLA,libero_plus_qwen08b_gr00t_cot_trace_ours_full,CoT-trace,42,libero-plus,libero-plus/libero_10,libero_10,,256,165,0.64453125,0.02991594,,/e/project1/m3/blank4/code/starVLA/playground/Checkpoints/libero_plus_qwen08b_gr00t_cot_trace_ours_full/results/libero-plus/libero_10/overall_results.json,False
starVLA,libero_plus_qwen08b_gr00t_cot_trace_ours_full,CoT-trace,42,libero-plus,libero-plus/libero_goal,libero_goal,,287,197,0.68641115,0.02738618,,/e/project1/m3/blank4/code/starVLA/playground/Checkpoints/libero_plus_qwen08b_gr00t_cot_trace_ours_full/results/libero-plus/libero_goal/overall_results.json,False
starVLA,libero_plus_qwen08b_gr00t_cot_trace_ours_full,CoT-trace,42,libero-plus,libero-plus/libero_object,libero_object,,256,207,0.80859375,0.02458800,,/e/project1/m3/blank4/code/starVLA/playground/Checkpoints/libero_plus_qwen08b_gr00t_cot_trace_ours_full/results/libero-plus/libero_object/overall_results.json,False
starVLA,libero_plus_qwen08b_gr00t_cot_trace_ours_full,CoT-trace,42,libero-plus,libero-plus/libero_spatial,libero_spatial,,354,302,0.85310734,0.01881483,,/e/project1/m3/blank4/code/starVLA/playground/Checkpoints/libero_plus_qwen08b_gr00t_cot_trace_ours_full/results/libero-plus/libero_spatial/overall_results.json,False
starVLA,libero_plus_qwen08b_gr00t_cot_trace_ours_full_cotw1,CoT-trace,42,libero-plus,libero-plus,libero_10,,256,173,0.67578125,0.02925514,,/e/project1/m3/blank4/code/starVLA/playground/Checkpoints/libero_plus_qwen08b_gr00t_cot_trace_ours_full_cotw1/results/libero-plus/overall_results.json,False
starVLA,libero_plus_qwen08b_gr00t_cot_trace_ours_full_cotw1,CoT-trace,42,libero-plus,libero-plus,libero_goal,,287,210,0.73170732,0.02615364,,/e/project1/m3/blank4/code/starVLA/playground/Checkpoints/libero_plus_qwen08b_gr00t_cot_trace_ours_full_cotw1/results/libero-plus/overall_results.json,False
starVLA,libero_plus_qwen08b_gr00t_cot_trace_ours_full_cotw1,CoT-trace,42,libero-plus,libero-plus,libero_object,,256,218,0.85156250,0.02222082,,/e/project1/m3/blank4/code/starVLA/playground/Checkpoints/libero_plus_qwen08b_gr00t_cot_trace_ours_full_cotw1/results/libero-plus/overall_results.json,False
starVLA,libero_plus_qwen08b_gr00t_cot_trace_ours_full_cotw1,CoT-trace,42,libero-plus,libero-plus,libero_spatial,,354,306,0.86440678,0.01819602,,/e/project1/m3/blank4/code/starVLA/playground/Checkpoints/libero_plus_qwen08b_gr00t_cot_trace_ours_full_cotw1/results/libero-plus/overall_results.json,False
starVLA,libero_plus_qwen08b_gr00t_cot_trace_ours_full_cotw1,CoT-trace,42,libero-plus,libero-plus/libero_10,libero_10,,1000,649,0.64900000,0.01509301,,/e/project1/m3/blank4/code/starVLA/playground/Checkpoints/libero_plus_qwen08b_gr00t_cot_trace_ours_full_cotw1/results/libero-plus/libero_10/overall_results.json,False
starVLA,libero_plus_qwen08b_gr00t_cot_trace_ours_full_cotw1,CoT-trace,42,libero-plus,libero-plus/libero_goal,libero_goal,,287,210,0.73170732,0.02615364,,/e/project1/m3/blank4/code/starVLA/playground/Checkpoints/libero_plus_qwen08b_gr00t_cot_trace_ours_full_cotw1/results/libero-plus/libero_goal/overall_results.json,False
starVLA,libero_plus_qwen08b_gr00t_cot_trace_ours_full_cotw1,CoT-trace,42,libero-plus,libero-plus/libero_object,libero_object,,256,218,0.85156250,0.02222082,,/e/project1/m3/blank4/code/starVLA/playground/Checkpoints/libero_plus_qwen08b_gr00t_cot_trace_ours_full_cotw1/results/libero-plus/libero_object/overall_results.json,False
starVLA,libero_plus_qwen08b_gr00t_cot_trace_ours_full_cotw1,CoT-trace,42,libero-plus,libero-plus/libero_spatial,libero_spatial,,354,306,0.86440678,0.01819602,,/e/project1/m3/blank4/code/starVLA/playground/Checkpoints/libero_plus_qwen08b_gr00t_cot_trace_ours_full_cotw1/results/libero-plus/libero_spatial/overall_results.json,False
starVLA,libero_plus_qwen08b_gr00t_cot_trace_ours_full_ft,CoT-trace,42,libero-plus,libero-plus,libero_10,,242,160,0.66115702,0.03042593,,/e/project1/m3/blank4/code/starVLA/playground/Checkpoints/libero_plus_qwen08b_gr00t_cot_trace_ours_full_ft/results/libero-plus/overall_results.json,False
starVLA,libero_plus_qwen08b_gr00t_cot_trace_ours_full_ft,CoT-trace,42,libero-plus,libero-plus,libero_goal,,271,162,0.59778598,0.02978632,,/e/project1/m3/blank4/code/starVLA/playground/Checkpoints/libero_plus_qwen08b_gr00t_cot_trace_ours_full_ft/results/libero-plus/overall_results.json,False
starVLA,libero_plus_qwen08b_gr00t_cot_trace_ours_full_ft,CoT-trace,42,libero-plus,libero-plus,libero_object,,240,194,0.80833333,0.02540756,,/e/project1/m3/blank4/code/starVLA/playground/Checkpoints/libero_plus_qwen08b_gr00t_cot_trace_ours_full_ft/results/libero-plus/overall_results.json,False
starVLA,libero_plus_qwen08b_gr00t_cot_trace_ours_full_ft,CoT-trace,42,libero-plus,libero-plus,libero_spatial,,330,257,0.77878788,0.02284847,,/e/project1/m3/blank4/code/starVLA/playground/Checkpoints/libero_plus_qwen08b_gr00t_cot_trace_ours_full_ft/results/libero-plus/overall_results.json,False
starVLA,libero_plus_qwen08b_gr00t_cot_trace_ours_full_ft,CoT-trace,42,libero-plus,libero-plus/libero_10,libero_10,,242,160,0.66115702,0.03042593,,/e/project1/m3/blank4/code/starVLA/playground/Checkpoints/libero_plus_qwen08b_gr00t_cot_trace_ours_full_ft/results/libero-plus/libero_10/overall_results.json,False
starVLA,libero_plus_qwen08b_gr00t_cot_trace_ours_full_ft,CoT-trace,42,libero-plus,libero-plus/libero_goal,libero_goal,,271,162,0.59778598,0.02978632,,/e/project1/m3/blank4/code/starVLA/playground/Checkpoints/libero_plus_qwen08b_gr00t_cot_trace_ours_full_ft/results/libero-plus/libero_goal/overall_results.json,False
starVLA,libero_plus_qwen08b_gr00t_cot_trace_ours_full_ft,CoT-trace,42,libero-plus,libero-plus/libero_object,libero_object,,240,194,0.80833333,0.02540756,,/e/project1/m3/blank4/code/starVLA/playground/Checkpoints/libero_plus_qwen08b_gr00t_cot_trace_ours_full_ft/results/libero-plus/libero_object/overall_results.json,False
starVLA,libero_plus_qwen08b_gr00t_cot_trace_ours_full_ft,CoT-trace,42,libero-plus,libero-plus/libero_spatial,libero_spatial,,330,257,0.77878788,0.02284847,,/e/project1/m3/blank4/code/starVLA/playground/Checkpoints/libero_plus_qwen08b_gr00t_cot_trace_ours_full_ft/results/libero-plus/libero_spatial/overall_results.json,False
starVLA,libero_plus_qwen08b_gr00t_cot_trace_ours_v3_cotw01,CoT-trace,1234,libero-plus,libero-plus,libero_10,,1000,833,0.83300000,0.01179453,,/e/project1/m3/blank4/code/starVLA/playground/Checkpoints/libero_plus_qwen08b_gr00t_cot_trace_ours_v3_cotw01/results/libero-plus/overall_results.json,True
starVLA,libero_plus_qwen08b_gr00t_cot_trace_ours_v3_cotw01,CoT-trace,1234,libero-plus,libero-plus,libero_goal,,1000,765,0.76500000,0.01340802,,/e/project1/m3/blank4/code/starVLA/playground/Checkpoints/libero_plus_qwen08b_gr00t_cot_trace_ours_v3_cotw01/results/libero-plus/overall_results.json,True
starVLA,libero_plus_qwen08b_gr00t_cot_trace_ours_v3_cotw01,CoT-trace,1234,libero-plus,libero-plus,libero_object,,1000,869,0.86900000,0.01066954,,/e/project1/m3/blank4/code/starVLA/playground/Checkpoints/libero_plus_qwen08b_gr00t_cot_trace_ours_v3_cotw01/results/libero-plus/overall_results.json,True
starVLA,libero_plus_qwen08b_gr00t_cot_trace_ours_v3_cotw01,CoT-trace,1234,libero-plus,libero-plus,libero_spatial,,1000,856,0.85600000,0.01110243,,/e/project1/m3/blank4/code/starVLA/playground/Checkpoints/libero_plus_qwen08b_gr00t_cot_trace_ours_v3_cotw01/results/libero-plus/overall_results.json,True
starVLA,libero_plus_qwen08b_gr00t_cot_trace_ours_v3_cotw01,CoT-trace,1234,libero-plus,libero-plus/libero_10,libero_10,,1000,833,0.83300000,0.01179453,,/e/project1/m3/blank4/code/starVLA/playground/Checkpoints/libero_plus_qwen08b_gr00t_cot_trace_ours_v3_cotw01/results/libero-plus/libero_10/overall_results.json,False
starVLA,libero_plus_qwen08b_gr00t_cot_trace_ours_v3_cotw01,CoT-trace,1234,libero-plus,libero-plus/libero_goal,libero_goal,,1000,765,0.76500000,0.01340802,,/e/project1/m3/blank4/code/starVLA/playground/Checkpoints/libero_plus_qwen08b_gr00t_cot_trace_ours_v3_cotw01/results/libero-plus/libero_goal/overall_results.json,False
starVLA,libero_plus_qwen08b_gr00t_cot_trace_ours_v3_cotw01,CoT-trace,1234,libero-plus,libero-plus/libero_object,libero_object,,1000,869,0.86900000,0.01066954,,/e/project1/m3/blank4/code/starVLA/playground/Checkpoints/libero_plus_qwen08b_gr00t_cot_trace_ours_v3_cotw01/results/libero-plus/libero_object/overall_results.json,False
starVLA,libero_plus_qwen08b_gr00t_cot_trace_ours_v3_cotw01,CoT-trace,1234,libero-plus,libero-plus/libero_spatial,libero_spatial,,1000,856,0.85600000,0.01110243,,/e/project1/m3/blank4/code/starVLA/playground/Checkpoints/libero_plus_qwen08b_gr00t_cot_trace_ours_v3_cotw01/results/libero-plus/libero_spatial/overall_results.json,False
starVLA,libero_plus_qwen08b_gr00t_deeps,GR00T/other-backbone,42,libero-plus,libero-plus,libero_10,,1000,750,0.75000000,0.01369306,,/e/project1/m3/blank4/code/starVLA/playground/Checkpoints/libero_plus_qwen08b_gr00t_deeps/results/libero-plus/overall_results.json,True
starVLA,libero_plus_qwen08b_gr00t_deeps,GR00T/other-backbone,42,libero-plus,libero-plus,libero_goal,,1000,664,0.66400000,0.01493667,,/e/project1/m3/blank4/code/starVLA/playground/Checkpoints/libero_plus_qwen08b_gr00t_deeps/results/libero-plus/overall_results.json,True
starVLA,libero_plus_qwen08b_gr00t_deeps,GR00T/other-backbone,42,libero-plus,libero-plus,libero_object,,1000,829,0.82900000,0.01190626,,/e/project1/m3/blank4/code/starVLA/playground/Checkpoints/libero_plus_qwen08b_gr00t_deeps/results/libero-plus/overall_results.json,True
starVLA,libero_plus_qwen08b_gr00t_deeps,GR00T/other-backbone,42,libero-plus,libero-plus,libero_spatial,,1000,844,0.84400000,0.01147449,,/e/project1/m3/blank4/code/starVLA/playground/Checkpoints/libero_plus_qwen08b_gr00t_deeps/results/libero-plus/overall_results.json,True
starVLA,libero_plus_qwen08b_gr00t_deeps,GR00T/other-backbone,42,libero-plus,libero-plus/libero_10,libero_10,,1000,750,0.75000000,0.01369306,,/e/project1/m3/blank4/code/starVLA/playground/Checkpoints/libero_plus_qwen08b_gr00t_deeps/results/libero-plus/libero_10/overall_results.json,False
starVLA,libero_plus_qwen08b_gr00t_deeps,GR00T/other-backbone,42,libero-plus,libero-plus/libero_goal,libero_goal,,1000,664,0.66400000,0.01493667,,/e/project1/m3/blank4/code/starVLA/playground/Checkpoints/libero_plus_qwen08b_gr00t_deeps/results/libero-plus/libero_goal/overall_results.json,False
starVLA,libero_plus_qwen08b_gr00t_deeps,GR00T/other-backbone,42,libero-plus,libero-plus/libero_object,libero_object,,1000,829,0.82900000,0.01190626,,/e/project1/m3/blank4/code/starVLA/playground/Checkpoints/libero_plus_qwen08b_gr00t_deeps/results/libero-plus/libero_object/overall_results.json,False
starVLA,libero_plus_qwen08b_gr00t_deeps,GR00T/other-backbone,42,libero-plus,libero-plus/libero_spatial,libero_spatial,,1000,844,0.84400000,0.01147449,,/e/project1/m3/blank4/code/starVLA/playground/Checkpoints/libero_plus_qwen08b_gr00t_deeps/results/libero-plus/libero_spatial/overall_results.json,False
starVLA,libero_plus_qwen08b_gr00t_v2,GR00T/other-backbone,42,libero-plus,libero-plus,libero_10,,224,123,0.54910714,0.03324614,,/e/project1/m3/blank4/code/starVLA/playground/Checkpoints/libero_plus_qwen08b_gr00t_v2/results/libero-plus/overall_results.json,False
starVLA,libero_plus_qwen08b_gr00t_v2,GR00T/other-backbone,42,libero-plus,libero-plus,libero_goal,,247,144,0.58299595,0.03137288,,/e/project1/m3/blank4/code/starVLA/playground/Checkpoints/libero_plus_qwen08b_gr00t_v2/results/libero-plus/overall_results.json,False
starVLA,libero_plus_qwen08b_gr00t_v2,GR00T/other-backbone,42,libero-plus,libero-plus,libero_object,,224,182,0.81250000,0.02607884,,/e/project1/m3/blank4/code/starVLA/playground/Checkpoints/libero_plus_qwen08b_gr00t_v2/results/libero-plus/overall_results.json,False
starVLA,libero_plus_qwen08b_gr00t_v2,GR00T/other-backbone,42,libero-plus,libero-plus,libero_spatial,,314,262,0.83439490,0.02097770,,/e/project1/m3/blank4/code/starVLA/playground/Checkpoints/libero_plus_qwen08b_gr00t_v2/results/libero-plus/overall_results.json,False
starVLA,libero_plus_qwen08b_gr00t_v2,GR00T/other-backbone,42,libero-plus,libero-plus/libero_10,libero_10,,224,123,0.54910714,0.03324614,,/e/project1/m3/blank4/code/starVLA/playground/Checkpoints/libero_plus_qwen08b_gr00t_v2/results/libero-plus/libero_10/overall_results.json,False
starVLA,libero_plus_qwen08b_gr00t_v2,GR00T/other-backbone,42,libero-plus,libero-plus/libero_goal,libero_goal,,247,144,0.58299595,0.03137288,,/e/project1/m3/blank4/code/starVLA/playground/Checkpoints/libero_plus_qwen08b_gr00t_v2/results/libero-plus/libero_goal/overall_results.json,False
starVLA,libero_plus_qwen08b_gr00t_v2,GR00T/other-backbone,42,libero-plus,libero-plus/libero_object,libero_object,,224,182,0.81250000,0.02607884,,/e/project1/m3/blank4/code/starVLA/playground/Checkpoints/libero_plus_qwen08b_gr00t_v2/results/libero-plus/libero_object/overall_results.json,False
starVLA,libero_plus_qwen08b_gr00t_v2,GR00T/other-backbone,42,libero-plus,libero-plus/libero_spatial,libero_spatial,,314,262,0.83439490,0.02097770,,/e/project1/m3/blank4/code/starVLA/playground/Checkpoints/libero_plus_qwen08b_gr00t_v2/results/libero-plus/libero_spatial/overall_results.json,False
starVLA,libero_plus_qwen08b_oft_cot_trace_ours,CoT-trace,42,libero-plus,libero-plus,libero_10,,320,54,0.16875000,0.02093692,,/e/project1/m3/blank4/code/starVLA/playground/Checkpoints/libero_plus_qwen08b_oft_cot_trace_ours/results/libero-plus/overall_results.json,False
starVLA,libero_plus_qwen08b_oft_cot_trace_ours,CoT-trace,42,libero-plus,libero-plus,libero_goal,,320,109,0.34062500,0.02649290,,/e/project1/m3/blank4/code/starVLA/playground/Checkpoints/libero_plus_qwen08b_oft_cot_trace_ours/results/libero-plus/overall_results.json,False
starVLA,libero_plus_qwen08b_oft_cot_trace_ours,CoT-trace,42,libero-plus,libero-plus,libero_object,,320,210,0.65625000,0.02655101,,/e/project1/m3/blank4/code/starVLA/playground/Checkpoints/libero_plus_qwen08b_oft_cot_trace_ours/results/libero-plus/overall_results.json,False
starVLA,libero_plus_qwen08b_oft_cot_trace_ours,CoT-trace,42,libero-plus,libero-plus,libero_spatial,,320,135,0.42187500,0.02760754,,/e/project1/m3/blank4/code/starVLA/playground/Checkpoints/libero_plus_qwen08b_oft_cot_trace_ours/results/libero-plus/overall_results.json,False
starVLA,libero_plus_qwen08b_oft_cot_trace_ours,CoT-trace,42,libero-plus,libero-plus/libero_10,libero_10,,320,54,0.16875000,0.02093692,,/e/project1/m3/blank4/code/starVLA/playground/Checkpoints/libero_plus_qwen08b_oft_cot_trace_ours/results/libero-plus/libero_10/overall_results.json,False
starVLA,libero_plus_qwen08b_oft_cot_trace_ours,CoT-trace,42,libero-plus,libero-plus/libero_goal,libero_goal,,320,109,0.34062500,0.02649290,,/e/project1/m3/blank4/code/starVLA/playground/Checkpoints/libero_plus_qwen08b_oft_cot_trace_ours/results/libero-plus/libero_goal/overall_results.json,False
starVLA,libero_plus_qwen08b_oft_cot_trace_ours,CoT-trace,42,libero-plus,libero-plus/libero_object,libero_object,,320,210,0.65625000,0.02655101,,/e/project1/m3/blank4/code/starVLA/playground/Checkpoints/libero_plus_qwen08b_oft_cot_trace_ours/results/libero-plus/libero_object/overall_results.json,False
starVLA,libero_plus_qwen08b_oft_cot_trace_ours,CoT-trace,42,libero-plus,libero-plus/libero_spatial,libero_spatial,,320,135,0.42187500,0.02760754,,/e/project1/m3/blank4/code/starVLA/playground/Checkpoints/libero_plus_qwen08b_oft_cot_trace_ours/results/libero-plus/libero_spatial/overall_results.json,False
starVLA,libero_qwen08b_base_16chunk,other,42,libero-plus,libero-plus,libero_10,,560,351,0.62678571,0.02043829,,/e/project1/m3/blank4/code/starVLA/playground/Checkpoints/libero_qwen08b_base_16chunk/results/libero-plus/overall_results.json,False
starVLA,libero_qwen08b_base_16chunk,other,42,libero-plus,libero-plus,libero_goal,,560,381,0.68035714,0.01970638,,/e/project1/m3/blank4/code/starVLA/playground/Checkpoints/libero_qwen08b_base_16chunk/results/libero-plus/overall_results.json,False
starVLA,libero_qwen08b_base_16chunk,other,42,libero-plus,libero-plus,libero_object,,560,417,0.74464286,0.01842697,,/e/project1/m3/blank4/code/starVLA/playground/Checkpoints/libero_qwen08b_base_16chunk/results/libero-plus/overall_results.json,False
starVLA,libero_qwen08b_base_16chunk,other,42,libero-plus,libero-plus,libero_spatial,,640,479,0.74843750,0.01715184,,/e/project1/m3/blank4/code/starVLA/playground/Checkpoints/libero_qwen08b_base_16chunk/results/libero-plus/overall_results.json,False
starVLA,libero_qwen08b_base_16chunk,other,42,libero-plus,libero-plus/libero_10,libero_10,,560,351,0.62678571,0.02043829,,/e/project1/m3/blank4/code/starVLA/playground/Checkpoints/libero_qwen08b_base_16chunk/results/libero-plus/libero_10/overall_results.json,False
starVLA,libero_qwen08b_base_16chunk,other,42,libero-plus,libero-plus/libero_goal,libero_goal,,560,381,0.68035714,0.01970638,,/e/project1/m3/blank4/code/starVLA/playground/Checkpoints/libero_qwen08b_base_16chunk/results/libero-plus/libero_goal/overall_results.json,False
starVLA,libero_qwen08b_base_16chunk,other,42,libero-plus,libero-plus/libero_object,libero_object,,560,417,0.74464286,0.01842697,,/e/project1/m3/blank4/code/starVLA/playground/Checkpoints/libero_qwen08b_base_16chunk/results/libero-plus/libero_object/overall_results.json,False
starVLA,libero_qwen08b_base_16chunk,other,42,libero-plus,libero-plus/libero_spatial,libero_spatial,,640,479,0.74843750,0.01715184,,/e/project1/m3/blank4/code/starVLA/playground/Checkpoints/libero_qwen08b_base_16chunk/results/libero-plus/libero_spatial/overall_results.json,False
starVLA,libero_qwen08b_gr00t_cot_trace_ours,CoT-trace,42,libero-plus,libero-plus,libero_10,,560,313,0.55892857,0.02098160,,/e/project1/m3/blank4/code/starVLA/playground/Checkpoints/libero_qwen08b_gr00t_cot_trace_ours/results/libero-plus/overall_results.json,False
starVLA,libero_qwen08b_gr00t_cot_trace_ours,CoT-trace,42,libero-plus,libero-plus,libero_goal,,560,301,0.53750000,0.02106935,,/e/project1/m3/blank4/code/starVLA/playground/Checkpoints/libero_qwen08b_gr00t_cot_trace_ours/results/libero-plus/overall_results.json,False
starVLA,libero_qwen08b_gr00t_cot_trace_ours,CoT-trace,42,libero-plus,libero-plus,libero_object,,560,385,0.68750000,0.01958697,,/e/project1/m3/blank4/code/starVLA/playground/Checkpoints/libero_qwen08b_gr00t_cot_trace_ours/results/libero-plus/overall_results.json,False
starVLA,libero_qwen08b_gr00t_cot_trace_ours,CoT-trace,42,libero-plus,libero-plus,libero_spatial,,640,428,0.66875000,0.01860458,,/e/project1/m3/blank4/code/starVLA/playground/Checkpoints/libero_qwen08b_gr00t_cot_trace_ours/results/libero-plus/overall_results.json,False
starVLA,libero_qwen08b_gr00t_cot_trace_ours,CoT-trace,42,libero-plus,libero-plus/libero_10,libero_10,,560,313,0.55892857,0.02098160,,/e/project1/m3/blank4/code/starVLA/playground/Checkpoints/libero_qwen08b_gr00t_cot_trace_ours/results/libero-plus/libero_10/overall_results.json,False
starVLA,libero_qwen08b_gr00t_cot_trace_ours,CoT-trace,42,libero-plus,libero-plus/libero_goal,libero_goal,,560,301,0.53750000,0.02106935,,/e/project1/m3/blank4/code/starVLA/playground/Checkpoints/libero_qwen08b_gr00t_cot_trace_ours/results/libero-plus/libero_goal/overall_results.json,False
starVLA,libero_qwen08b_gr00t_cot_trace_ours,CoT-trace,42,libero-plus,libero-plus/libero_object,libero_object,,560,385,0.68750000,0.01958697,,/e/project1/m3/blank4/code/starVLA/playground/Checkpoints/libero_qwen08b_gr00t_cot_trace_ours/results/libero-plus/libero_object/overall_results.json,False
starVLA,libero_qwen08b_gr00t_cot_trace_ours,CoT-trace,42,libero-plus,libero-plus/libero_spatial,libero_spatial,,640,428,0.66875000,0.01860458,,/e/project1/m3/blank4/code/starVLA/playground/Checkpoints/libero_qwen08b_gr00t_cot_trace_ours/results/libero-plus/libero_spatial/overall_results.json,False
starVLA,libero_qwen08b_oft_cot_trace_det,CoT-trace,42,libero-plus,libero-plus/libero_10,libero_10,,560,272,0.48571429,0.02112023,,/e/project1/m3/blank4/code/starVLA/playground/Checkpoints/libero_qwen08b_oft_cot_trace_det/results/libero-plus/libero_10/overall_results.json,False
starVLA,libero_qwen08b_oft_cot_trace_det,CoT-trace,42,libero-plus,libero-plus/libero_goal,libero_goal,,560,305,0.54464286,0.02104447,,/e/project1/m3/blank4/code/starVLA/playground/Checkpoints/libero_qwen08b_oft_cot_trace_det/results/libero-plus/libero_goal/overall_results.json,False
starVLA,libero_qwen08b_oft_cot_trace_ours_ft,CoT-trace,42,libero-plus,libero-plus/libero_10,libero_10,,560,260,0.46428571,0.02107489,,/e/project1/m3/blank4/code/starVLA/playground/Checkpoints/libero_qwen08b_oft_cot_trace_ours_ft/results/libero-plus/libero_10/overall_results.json,False
starVLA,libero_qwen08b_oft_cot_trace_ours_ft,CoT-trace,42,libero-plus,libero-plus/libero_goal,libero_goal,,560,307,0.54821429,0.02103039,,/e/project1/m3/blank4/code/starVLA/playground/Checkpoints/libero_qwen08b_oft_cot_trace_ours_ft/results/libero-plus/libero_goal/overall_results.json,False
starVLA,ervla_k_pi_cam3d_cot05_masked,CoT-trace,42,libero-plus-256-rerun-20260903,libero-plus-256-rerun-20260903,libero_10,,64,50,0.78125000,0.05167483,,/e/project1/m3/blank4/code/starVLA/playground/Checkpoints/ervla_k_pi_cam3d_cot05_masked/results/libero-plus-256-rerun-20260903/overall_results.json,False
starVLA,ervla_k_pi_cam3d_cot05_masked,CoT-trace,42,libero-plus-256-rerun-20260903,libero-plus-256-rerun-20260903,libero_goal,,64,49,0.76562500,0.05295094,,/e/project1/m3/blank4/code/starVLA/playground/Checkpoints/ervla_k_pi_cam3d_cot05_masked/results/libero-plus-256-rerun-20260903/overall_results.json,False
starVLA,ervla_k_pi_cam3d_cot05_masked,CoT-trace,42,libero-plus-256-rerun-20260903,libero-plus-256-rerun-20260903,libero_object,,64,55,0.85937500,0.04345429,,/e/project1/m3/blank4/code/starVLA/playground/Checkpoints/ervla_k_pi_cam3d_cot05_masked/results/libero-plus-256-rerun-20260903/overall_results.json,False
starVLA,ervla_k_pi_cam3d_cot05_masked,CoT-trace,42,libero-plus-256-rerun-20260903,libero-plus-256-rerun-20260903,libero_spatial,,64,50,0.78125000,0.05167483,,/e/project1/m3/blank4/code/starVLA/playground/Checkpoints/ervla_k_pi_cam3d_cot05_masked/results/libero-plus-256-rerun-20260903/overall_results.json,False
starVLA,ervla_k_pi_cam3d_cot05_masked,CoT-trace,42,libero-plus-256-rerun-20260903,libero-plus-256-rerun-20260903/libero_10,libero_10,,64,50,0.78125000,0.05167483,,/e/project1/m3/blank4/code/starVLA/playground/Checkpoints/ervla_k_pi_cam3d_cot05_masked/results/libero-plus-256-rerun-20260903/libero_10/overall_results.json,False
starVLA,ervla_k_pi_cam3d_cot05_masked,CoT-trace,42,libero-plus-256-rerun-20260903,libero-plus-256-rerun-20260903/libero_goal,libero_goal,,64,49,0.76562500,0.05295094,,/e/project1/m3/blank4/code/starVLA/playground/Checkpoints/ervla_k_pi_cam3d_cot05_masked/results/libero-plus-256-rerun-20260903/libero_goal/overall_results.json,False
starVLA,ervla_k_pi_cam3d_cot05_masked,CoT-trace,42,libero-plus-256-rerun-20260903,libero-plus-256-rerun-20260903/libero_object,libero_object,,64,55,0.85937500,0.04345429,,/e/project1/m3/blank4/code/starVLA/playground/Checkpoints/ervla_k_pi_cam3d_cot05_masked/results/libero-plus-256-rerun-20260903/libero_object/overall_results.json,False
starVLA,ervla_k_pi_cam3d_cot05_masked,CoT-trace,42,libero-plus-256-rerun-20260903,libero-plus-256-rerun-20260903/libero_spatial,libero_spatial,,64,50,0.78125000,0.05167483,,/e/project1/m3/blank4/code/starVLA/playground/Checkpoints/ervla_k_pi_cam3d_cot05_masked/results/libero-plus-256-rerun-20260903/libero_spatial/overall_results.json,False
starVLA,ervla_w_pi_encoder_actiononly,encoder,42,libero-plus-256-rerun-20260903,libero-plus-256-rerun-20260903,libero_10,,64,40,0.62500000,0.06051536,,/e/project1/m3/blank4/code/starVLA/playground/Checkpoints/ervla_w_pi_encoder_actiononly/results/libero-plus-256-rerun-20260903/overall_results.json,False
starVLA,ervla_w_pi_encoder_actiononly,encoder,42,libero-plus-256-rerun-20260903,libero-plus-256-rerun-20260903,libero_goal,,64,51,0.79687500,0.05029060,,/e/project1/m3/blank4/code/starVLA/playground/Checkpoints/ervla_w_pi_encoder_actiononly/results/libero-plus-256-rerun-20260903/overall_results.json,False
starVLA,ervla_w_pi_encoder_actiononly,encoder,42,libero-plus-256-rerun-20260903,libero-plus-256-rerun-20260903,libero_object,,64,52,0.81250000,0.04878905,,/e/project1/m3/blank4/code/starVLA/playground/Checkpoints/ervla_w_pi_encoder_actiononly/results/libero-plus-256-rerun-20260903/overall_results.json,False
starVLA,ervla_w_pi_encoder_actiononly,encoder,42,libero-plus-256-rerun-20260903,libero-plus-256-rerun-20260903,libero_spatial,,64,49,0.76562500,0.05295094,,/e/project1/m3/blank4/code/starVLA/playground/Checkpoints/ervla_w_pi_encoder_actiononly/results/libero-plus-256-rerun-20260903/overall_results.json,False
starVLA,ervla_w_pi_encoder_actiononly,encoder,42,libero-plus-256-rerun-20260903,libero-plus-256-rerun-20260903/libero_10,libero_10,,64,40,0.62500000,0.06051536,,/e/project1/m3/blank4/code/starVLA/playground/Checkpoints/ervla_w_pi_encoder_actiononly/results/libero-plus-256-rerun-20260903/libero_10/overall_results.json,False
starVLA,ervla_w_pi_encoder_actiononly,encoder,42,libero-plus-256-rerun-20260903,libero-plus-256-rerun-20260903/libero_goal,libero_goal,,64,51,0.79687500,0.05029060,,/e/project1/m3/blank4/code/starVLA/playground/Checkpoints/ervla_w_pi_encoder_actiononly/results/libero-plus-256-rerun-20260903/libero_goal/overall_results.json,False
starVLA,ervla_w_pi_encoder_actiononly,encoder,42,libero-plus-256-rerun-20260903,libero-plus-256-rerun-20260903/libero_object,libero_object,,64,52,0.81250000,0.04878905,,/e/project1/m3/blank4/code/starVLA/playground/Checkpoints/ervla_w_pi_encoder_actiononly/results/libero-plus-256-rerun-20260903/libero_object/overall_results.json,False
starVLA,ervla_w_pi_encoder_actiononly,encoder,42,libero-plus-256-rerun-20260903,libero-plus-256-rerun-20260903/libero_spatial,libero_spatial,,64,49,0.76562500,0.05295094,,/e/project1/m3/blank4/code/starVLA/playground/Checkpoints/ervla_w_pi_encoder_actiononly/results/libero-plus-256-rerun-20260903/libero_spatial/overall_results.json,False
starVLA,ervla_k2_pi_cam3d_cot05_pifix_latent32,CoT-trace,42,libero-plus-4k-exact-correctedpi-k32-v1,libero-plus-4k-exact-correctedpi-k32-v1,libero_10,,1000,633,0.63300000,0.01524175,,/e/project1/m3/blank4/code/starVLA/playground/Checkpoints/ervla_k2_pi_cam3d_cot05_pifix_latent32/results/libero-plus-4k-exact-correctedpi-k32-v1/overall_results.json,True
starVLA,ervla_k2_pi_cam3d_cot05_pifix_latent32,CoT-trace,42,libero-plus-4k-exact-correctedpi-k32-v1,libero-plus-4k-exact-correctedpi-k32-v1,libero_goal,,1000,680,0.68000000,0.01475127,,/e/project1/m3/blank4/code/starVLA/playground/Checkpoints/ervla_k2_pi_cam3d_cot05_pifix_latent32/results/libero-plus-4k-exact-correctedpi-k32-v1/overall_results.json,True
starVLA,ervla_k2_pi_cam3d_cot05_pifix_latent32,CoT-trace,42,libero-plus-4k-exact-correctedpi-k32-v1,libero-plus-4k-exact-correctedpi-k32-v1,libero_object,,1000,778,0.77800000,0.01314215,,/e/project1/m3/blank4/code/starVLA/playground/Checkpoints/ervla_k2_pi_cam3d_cot05_pifix_latent32/results/libero-plus-4k-exact-correctedpi-k32-v1/overall_results.json,True
starVLA,ervla_k2_pi_cam3d_cot05_pifix_latent32,CoT-trace,42,libero-plus-4k-exact-correctedpi-k32-v1,libero-plus-4k-exact-correctedpi-k32-v1,libero_spatial,,1000,768,0.76800000,0.01334826,,/e/project1/m3/blank4/code/starVLA/playground/Checkpoints/ervla_k2_pi_cam3d_cot05_pifix_latent32/results/libero-plus-4k-exact-correctedpi-k32-v1/overall_results.json,True
starVLA,ervla_k2_pi_cam3d_cot05_pifix_latent32,CoT-trace,42,libero-plus-4k-exact-correctedpi-k32-v1,libero-plus-4k-exact-correctedpi-k32-v1/libero_10,libero_10,,1000,633,0.63300000,0.01524175,,/e/project1/m3/blank4/code/starVLA/playground/Checkpoints/ervla_k2_pi_cam3d_cot05_pifix_latent32/results/libero-plus-4k-exact-correctedpi-k32-v1/libero_10/overall_results.json,False
starVLA,ervla_k2_pi_cam3d_cot05_pifix_latent32,CoT-trace,42,libero-plus-4k-exact-correctedpi-k32-v1,libero-plus-4k-exact-correctedpi-k32-v1/libero_goal,libero_goal,,1000,680,0.68000000,0.01475127,,/e/project1/m3/blank4/code/starVLA/playground/Checkpoints/ervla_k2_pi_cam3d_cot05_pifix_latent32/results/libero-plus-4k-exact-correctedpi-k32-v1/libero_goal/overall_results.json,False
starVLA,ervla_k2_pi_cam3d_cot05_pifix_latent32,CoT-trace,42,libero-plus-4k-exact-correctedpi-k32-v1,libero-plus-4k-exact-correctedpi-k32-v1/libero_object,libero_object,,1000,778,0.77800000,0.01314215,,/e/project1/m3/blank4/code/starVLA/playground/Checkpoints/ervla_k2_pi_cam3d_cot05_pifix_latent32/results/libero-plus-4k-exact-correctedpi-k32-v1/libero_object/overall_results.json,False
starVLA,ervla_k2_pi_cam3d_cot05_pifix_latent32,CoT-trace,42,libero-plus-4k-exact-correctedpi-k32-v1,libero-plus-4k-exact-correctedpi-k32-v1/libero_spatial,libero_spatial,,1000,768,0.76800000,0.01334826,,/e/project1/m3/blank4/code/starVLA/playground/Checkpoints/ervla_k2_pi_cam3d_cot05_pifix_latent32/results/libero-plus-4k-exact-correctedpi-k32-v1/libero_spatial/overall_results.json,False
starVLA,ervla_k2_pi_cam3d_cot05_pifix_nolatent,CoT-trace,42,libero-plus-4k-exact-correctedpi-r2,libero-plus-4k-exact-correctedpi-r2,libero_10,,1000,665,0.66500000,0.01492565,,/e/project1/m3/blank4/code/starVLA/playground/Checkpoints/ervla_k2_pi_cam3d_cot05_pifix_nolatent/results/libero-plus-4k-exact-correctedpi-r2/overall_results.json,True
starVLA,ervla_k2_pi_cam3d_cot05_pifix_nolatent,CoT-trace,42,libero-plus-4k-exact-correctedpi-r2,libero-plus-4k-exact-correctedpi-r2,libero_goal,,1000,716,0.71600000,0.01425987,,/e/project1/m3/blank4/code/starVLA/playground/Checkpoints/ervla_k2_pi_cam3d_cot05_pifix_nolatent/results/libero-plus-4k-exact-correctedpi-r2/overall_results.json,True
starVLA,ervla_k2_pi_cam3d_cot05_pifix_nolatent,CoT-trace,42,libero-plus-4k-exact-correctedpi-r2,libero-plus-4k-exact-correctedpi-r2,libero_object,,1000,784,0.78400000,0.01301322,,/e/project1/m3/blank4/code/starVLA/playground/Checkpoints/ervla_k2_pi_cam3d_cot05_pifix_nolatent/results/libero-plus-4k-exact-correctedpi-r2/overall_results.json,True
starVLA,ervla_k2_pi_cam3d_cot05_pifix_nolatent,CoT-trace,42,libero-plus-4k-exact-correctedpi-r2,libero-plus-4k-exact-correctedpi-r2,libero_spatial,,1000,779,0.77900000,0.01312094,,/e/project1/m3/blank4/code/starVLA/playground/Checkpoints/ervla_k2_pi_cam3d_cot05_pifix_nolatent/results/libero-plus-4k-exact-correctedpi-r2/overall_results.json,True
starVLA,ervla_k2_pi_cam3d_cot05_pifix_nolatent,CoT-trace,42,libero-plus-4k-exact-correctedpi-r2,libero-plus-4k-exact-correctedpi-r2/libero_10,libero_10,,1000,665,0.66500000,0.01492565,,/e/project1/m3/blank4/code/starVLA/playground/Checkpoints/ervla_k2_pi_cam3d_cot05_pifix_nolatent/results/libero-plus-4k-exact-correctedpi-r2/libero_10/overall_results.json,False
starVLA,ervla_k2_pi_cam3d_cot05_pifix_nolatent,CoT-trace,42,libero-plus-4k-exact-correctedpi-r2,libero-plus-4k-exact-correctedpi-r2/libero_goal,libero_goal,,1000,716,0.71600000,0.01425987,,/e/project1/m3/blank4/code/starVLA/playground/Checkpoints/ervla_k2_pi_cam3d_cot05_pifix_nolatent/results/libero-plus-4k-exact-correctedpi-r2/libero_goal/overall_results.json,False
starVLA,ervla_k2_pi_cam3d_cot05_pifix_nolatent,CoT-trace,42,libero-plus-4k-exact-correctedpi-r2,libero-plus-4k-exact-correctedpi-r2/libero_object,libero_object,,1000,784,0.78400000,0.01301322,,/e/project1/m3/blank4/code/starVLA/playground/Checkpoints/ervla_k2_pi_cam3d_cot05_pifix_nolatent/results/libero-plus-4k-exact-correctedpi-r2/libero_object/overall_results.json,False
starVLA,ervla_k2_pi_cam3d_cot05_pifix_nolatent,CoT-trace,42,libero-plus-4k-exact-correctedpi-r2,libero-plus-4k-exact-correctedpi-r2/libero_spatial,libero_spatial,,1000,779,0.77900000,0.01312094,,/e/project1/m3/blank4/code/starVLA/playground/Checkpoints/ervla_k2_pi_cam3d_cot05_pifix_nolatent/results/libero-plus-4k-exact-correctedpi-r2/libero_spatial/overall_results.json,False
starVLA,ervla_w2_pi_encoder_actiononly_pifix_latent32,encoder,42,libero-plus-4k-exact-correctedpi-r2,libero-plus-4k-exact-correctedpi-r2,libero_10,,1000,636,0.63600000,0.01521526,,/e/project1/m3/blank4/code/starVLA/playground/Checkpoints/ervla_w2_pi_encoder_actiononly_pifix_latent32/results/libero-plus-4k-exact-correctedpi-r2/overall_results.json,True
starVLA,ervla_w2_pi_encoder_actiononly_pifix_latent32,encoder,42,libero-plus-4k-exact-correctedpi-r2,libero-plus-4k-exact-correctedpi-r2,libero_goal,,1000,751,0.75100000,0.01367476,,/e/project1/m3/blank4/code/starVLA/playground/Checkpoints/ervla_w2_pi_encoder_actiononly_pifix_latent32/results/libero-plus-4k-exact-correctedpi-r2/overall_results.json,True
starVLA,ervla_w2_pi_encoder_actiononly_pifix_latent32,encoder,42,libero-plus-4k-exact-correctedpi-r2,libero-plus-4k-exact-correctedpi-r2,libero_object,,1000,806,0.80600000,0.01250456,,/e/project1/m3/blank4/code/starVLA/playground/Checkpoints/ervla_w2_pi_encoder_actiononly_pifix_latent32/results/libero-plus-4k-exact-correctedpi-r2/overall_results.json,True
starVLA,ervla_w2_pi_encoder_actiononly_pifix_latent32,encoder,42,libero-plus-4k-exact-correctedpi-r2,libero-plus-4k-exact-correctedpi-r2,libero_spatial,,1000,787,0.78700000,0.01294724,,/e/project1/m3/blank4/code/starVLA/playground/Checkpoints/ervla_w2_pi_encoder_actiononly_pifix_latent32/results/libero-plus-4k-exact-correctedpi-r2/overall_results.json,True
starVLA,ervla_w2_pi_encoder_actiononly_pifix_latent32,encoder,42,libero-plus-4k-exact-correctedpi-r2,libero-plus-4k-exact-correctedpi-r2/libero_10,libero_10,,1000,636,0.63600000,0.01521526,,/e/project1/m3/blank4/code/starVLA/playground/Checkpoints/ervla_w2_pi_encoder_actiononly_pifix_latent32/results/libero-plus-4k-exact-correctedpi-r2/libero_10/overall_results.json,False
starVLA,ervla_w2_pi_encoder_actiononly_pifix_latent32,encoder,42,libero-plus-4k-exact-correctedpi-r2,libero-plus-4k-exact-correctedpi-r2/libero_goal,libero_goal,,1000,751,0.75100000,0.01367476,,/e/project1/m3/blank4/code/starVLA/playground/Checkpoints/ervla_w2_pi_encoder_actiononly_pifix_latent32/results/libero-plus-4k-exact-correctedpi-r2/libero_goal/overall_results.json,False
starVLA,ervla_w2_pi_encoder_actiononly_pifix_latent32,encoder,42,libero-plus-4k-exact-correctedpi-r2,libero-plus-4k-exact-correctedpi-r2/libero_object,libero_object,,1000,806,0.80600000,0.01250456,,/e/project1/m3/blank4/code/starVLA/playground/Checkpoints/ervla_w2_pi_encoder_actiononly_pifix_latent32/results/libero-plus-4k-exact-correctedpi-r2/libero_object/overall_results.json,False
starVLA,ervla_w2_pi_encoder_actiononly_pifix_latent32,encoder,42,libero-plus-4k-exact-correctedpi-r2,libero-plus-4k-exact-correctedpi-r2/libero_spatial,libero_spatial,,1000,787,0.78700000,0.01294724,,/e/project1/m3/blank4/code/starVLA/playground/Checkpoints/ervla_w2_pi_encoder_actiononly_pifix_latent32/results/libero-plus-4k-exact-correctedpi-r2/libero_spatial/overall_results.json,False
starVLA,ervla_w2_pi_encoder_actiononly_pifix_nolatent,encoder,42,libero-plus-4k-exact-correctedpi-r2,libero-plus-4k-exact-correctedpi-r2,libero_10,,1000,683,0.68300000,0.01471431,,/e/project1/m3/blank4/code/starVLA/playground/Checkpoints/ervla_w2_pi_encoder_actiononly_pifix_nolatent/results/libero-plus-4k-exact-correctedpi-r2/overall_results.json,True
starVLA,ervla_w2_pi_encoder_actiononly_pifix_nolatent,encoder,42,libero-plus-4k-exact-correctedpi-r2,libero-plus-4k-exact-correctedpi-r2,libero_goal,,1000,724,0.72400000,0.01413591,,/e/project1/m3/blank4/code/starVLA/playground/Checkpoints/ervla_w2_pi_encoder_actiononly_pifix_nolatent/results/libero-plus-4k-exact-correctedpi-r2/overall_results.json,True
starVLA,ervla_w2_pi_encoder_actiononly_pifix_nolatent,encoder,42,libero-plus-4k-exact-correctedpi-r2,libero-plus-4k-exact-correctedpi-r2,libero_object,,1000,805,0.80500000,0.01252897,,/e/project1/m3/blank4/code/starVLA/playground/Checkpoints/ervla_w2_pi_encoder_actiononly_pifix_nolatent/results/libero-plus-4k-exact-correctedpi-r2/overall_results.json,True
starVLA,ervla_w2_pi_encoder_actiononly_pifix_nolatent,encoder,42,libero-plus-4k-exact-correctedpi-r2,libero-plus-4k-exact-correctedpi-r2,libero_spatial,,1000,776,0.77600000,0.01318423,,/e/project1/m3/blank4/code/starVLA/playground/Checkpoints/ervla_w2_pi_encoder_actiononly_pifix_nolatent/results/libero-plus-4k-exact-correctedpi-r2/overall_results.json,True
starVLA,ervla_w2_pi_encoder_actiononly_pifix_nolatent,encoder,42,libero-plus-4k-exact-correctedpi-r2,libero-plus-4k-exact-correctedpi-r2/libero_10,libero_10,,1000,683,0.68300000,0.01471431,,/e/project1/m3/blank4/code/starVLA/playground/Checkpoints/ervla_w2_pi_encoder_actiononly_pifix_nolatent/results/libero-plus-4k-exact-correctedpi-r2/libero_10/overall_results.json,False
starVLA,ervla_w2_pi_encoder_actiononly_pifix_nolatent,encoder,42,libero-plus-4k-exact-correctedpi-r2,libero-plus-4k-exact-correctedpi-r2/libero_goal,libero_goal,,1000,724,0.72400000,0.01413591,,/e/project1/m3/blank4/code/starVLA/playground/Checkpoints/ervla_w2_pi_encoder_actiononly_pifix_nolatent/results/libero-plus-4k-exact-correctedpi-r2/libero_goal/overall_results.json,False
starVLA,ervla_w2_pi_encoder_actiononly_pifix_nolatent,encoder,42,libero-plus-4k-exact-correctedpi-r2,libero-plus-4k-exact-correctedpi-r2/libero_object,libero_object,,1000,805,0.80500000,0.01252897,,/e/project1/m3/blank4/code/starVLA/playground/Checkpoints/ervla_w2_pi_encoder_actiononly_pifix_nolatent/results/libero-plus-4k-exact-correctedpi-r2/libero_object/overall_results.json,False
starVLA,ervla_w2_pi_encoder_actiononly_pifix_nolatent,encoder,42,libero-plus-4k-exact-correctedpi-r2,libero-plus-4k-exact-correctedpi-r2/libero_spatial,libero_spatial,,1000,776,0.77600000,0.01318423,,/e/project1/m3/blank4/code/starVLA/playground/Checkpoints/ervla_w2_pi_encoder_actiononly_pifix_nolatent/results/libero-plus-4k-exact-correctedpi-r2/libero_spatial/overall_results.json,False
starVLA,ervla_mlm_pi_encoder_cam3d,encoder/mlm,42,libero-plus-4k-exact-mlm-fast-v1,libero-plus-4k-exact-mlm-fast-v1,libero_10,,1000,667,0.66700000,0.01490339,,/e/project1/m3/blank4/code/starVLA/playground/Checkpoints/ervla_mlm_pi_encoder_cam3d/results/libero-plus-4k-exact-mlm-fast-v1/overall_results.json,True
starVLA,ervla_mlm_pi_encoder_cam3d,encoder/mlm,42,libero-plus-4k-exact-mlm-fast-v1,libero-plus-4k-exact-mlm-fast-v1,libero_goal,,1000,718,0.71800000,0.01422941,,/e/project1/m3/blank4/code/starVLA/playground/Checkpoints/ervla_mlm_pi_encoder_cam3d/results/libero-plus-4k-exact-mlm-fast-v1/overall_results.json,True
starVLA,ervla_mlm_pi_encoder_cam3d,encoder/mlm,42,libero-plus-4k-exact-mlm-fast-v1,libero-plus-4k-exact-mlm-fast-v1,libero_object,,1000,831,0.83100000,0.01185070,,/e/project1/m3/blank4/code/starVLA/playground/Checkpoints/ervla_mlm_pi_encoder_cam3d/results/libero-plus-4k-exact-mlm-fast-v1/overall_results.json,True
starVLA,ervla_mlm_pi_encoder_cam3d,encoder/mlm,42,libero-plus-4k-exact-mlm-fast-v1,libero-plus-4k-exact-mlm-fast-v1,libero_spatial,,1000,741,0.74100000,0.01385348,,/e/project1/m3/blank4/code/starVLA/playground/Checkpoints/ervla_mlm_pi_encoder_cam3d/results/libero-plus-4k-exact-mlm-fast-v1/overall_results.json,True
starVLA,ervla_mlm_pi_encoder_cam3d,encoder/mlm,42,libero-plus-4k-exact-mlm-fast-v1,libero-plus-4k-exact-mlm-fast-v1/libero_10,libero_10,,1000,667,0.66700000,0.01490339,,/e/project1/m3/blank4/code/starVLA/playground/Checkpoints/ervla_mlm_pi_encoder_cam3d/results/libero-plus-4k-exact-mlm-fast-v1/libero_10/overall_results.json,False
starVLA,ervla_mlm_pi_encoder_cam3d,encoder/mlm,42,libero-plus-4k-exact-mlm-fast-v1,libero-plus-4k-exact-mlm-fast-v1/libero_goal,libero_goal,,1000,718,0.71800000,0.01422941,,/e/project1/m3/blank4/code/starVLA/playground/Checkpoints/ervla_mlm_pi_encoder_cam3d/results/libero-plus-4k-exact-mlm-fast-v1/libero_goal/overall_results.json,False
starVLA,ervla_mlm_pi_encoder_cam3d,encoder/mlm,42,libero-plus-4k-exact-mlm-fast-v1,libero-plus-4k-exact-mlm-fast-v1/libero_object,libero_object,,1000,831,0.83100000,0.01185070,,/e/project1/m3/blank4/code/starVLA/playground/Checkpoints/ervla_mlm_pi_encoder_cam3d/results/libero-plus-4k-exact-mlm-fast-v1/libero_object/overall_results.json,False
starVLA,ervla_mlm_pi_encoder_cam3d,encoder/mlm,42,libero-plus-4k-exact-mlm-fast-v1,libero-plus-4k-exact-mlm-fast-v1/libero_spatial,libero_spatial,,1000,741,0.74100000,0.01385348,,/e/project1/m3/blank4/code/starVLA/playground/Checkpoints/ervla_mlm_pi_encoder_cam3d/results/libero-plus-4k-exact-mlm-fast-v1/libero_spatial/overall_results.json,False
starVLA,ervla_mlm_pi_encoder_cam3d_rand,encoder/mlm,42,libero-plus-4k-exact-mlm-fast-v1,libero-plus-4k-exact-mlm-fast-v1,libero_10,,1000,599,0.59900000,0.01549835,,/e/project1/m3/blank4/code/starVLA/playground/Checkpoints/ervla_mlm_pi_encoder_cam3d_rand/results/libero-plus-4k-exact-mlm-fast-v1/overall_results.json,True
starVLA,ervla_mlm_pi_encoder_cam3d_rand,encoder/mlm,42,libero-plus-4k-exact-mlm-fast-v1,libero-plus-4k-exact-mlm-fast-v1,libero_goal,,1000,673,0.67300000,0.01483479,,/e/project1/m3/blank4/code/starVLA/playground/Checkpoints/ervla_mlm_pi_encoder_cam3d_rand/results/libero-plus-4k-exact-mlm-fast-v1/overall_results.json,True
starVLA,ervla_mlm_pi_encoder_cam3d_rand,encoder/mlm,42,libero-plus-4k-exact-mlm-fast-v1,libero-plus-4k-exact-mlm-fast-v1,libero_object,,1000,800,0.80000000,0.01264911,,/e/project1/m3/blank4/code/starVLA/playground/Checkpoints/ervla_mlm_pi_encoder_cam3d_rand/results/libero-plus-4k-exact-mlm-fast-v1/overall_results.json,True
starVLA,ervla_mlm_pi_encoder_cam3d_rand,encoder/mlm,42,libero-plus-4k-exact-mlm-fast-v1,libero-plus-4k-exact-mlm-fast-v1,libero_spatial,,1000,777,0.77700000,0.01316324,,/e/project1/m3/blank4/code/starVLA/playground/Checkpoints/ervla_mlm_pi_encoder_cam3d_rand/results/libero-plus-4k-exact-mlm-fast-v1/overall_results.json,True
starVLA,ervla_mlm_pi_encoder_cam3d_rand,encoder/mlm,42,libero-plus-4k-exact-mlm-fast-v1,libero-plus-4k-exact-mlm-fast-v1/libero_10,libero_10,,1000,599,0.59900000,0.01549835,,/e/project1/m3/blank4/code/starVLA/playground/Checkpoints/ervla_mlm_pi_encoder_cam3d_rand/results/libero-plus-4k-exact-mlm-fast-v1/libero_10/overall_results.json,False
starVLA,ervla_mlm_pi_encoder_cam3d_rand,encoder/mlm,42,libero-plus-4k-exact-mlm-fast-v1,libero-plus-4k-exact-mlm-fast-v1/libero_goal,libero_goal,,1000,673,0.67300000,0.01483479,,/e/project1/m3/blank4/code/starVLA/playground/Checkpoints/ervla_mlm_pi_encoder_cam3d_rand/results/libero-plus-4k-exact-mlm-fast-v1/libero_goal/overall_results.json,False
starVLA,ervla_mlm_pi_encoder_cam3d_rand,encoder/mlm,42,libero-plus-4k-exact-mlm-fast-v1,libero-plus-4k-exact-mlm-fast-v1/libero_object,libero_object,,1000,800,0.80000000,0.01264911,,/e/project1/m3/blank4/code/starVLA/playground/Checkpoints/ervla_mlm_pi_encoder_cam3d_rand/results/libero-plus-4k-exact-mlm-fast-v1/libero_object/overall_results.json,False
starVLA,ervla_mlm_pi_encoder_cam3d_rand,encoder/mlm,42,libero-plus-4k-exact-mlm-fast-v1,libero-plus-4k-exact-mlm-fast-v1/libero_spatial,libero_spatial,,1000,777,0.77700000,0.01316324,,/e/project1/m3/blank4/code/starVLA/playground/Checkpoints/ervla_mlm_pi_encoder_cam3d_rand/results/libero-plus-4k-exact-mlm-fast-v1/libero_spatial/overall_results.json,False
starVLA,ervla_mlm_pi_encoder_cam3d_slotdrop15_nolabeldrop_noditdrop,encoder/mlm,42,libero-plus-4k-exact-mlm-fast-v1,libero-plus-4k-exact-mlm-fast-v1,libero_10,,1000,638,0.63800000,0.01519724,,/e/project1/m3/blank4/code/starVLA/playground/Checkpoints/ervla_mlm_pi_encoder_cam3d_slotdrop15_nolabeldrop_noditdrop/results/libero-plus-4k-exact-mlm-fast-v1/overall_results.json,True
starVLA,ervla_mlm_pi_encoder_cam3d_slotdrop15_nolabeldrop_noditdrop,encoder/mlm,42,libero-plus-4k-exact-mlm-fast-v1,libero-plus-4k-exact-mlm-fast-v1,libero_goal,,1000,659,0.65900000,0.01499063,,/e/project1/m3/blank4/code/starVLA/playground/Checkpoints/ervla_mlm_pi_encoder_cam3d_slotdrop15_nolabeldrop_noditdrop/results/libero-plus-4k-exact-mlm-fast-v1/overall_results.json,True
starVLA,ervla_mlm_pi_encoder_cam3d_slotdrop15_nolabeldrop_noditdrop,encoder/mlm,42,libero-plus-4k-exact-mlm-fast-v1,libero-plus-4k-exact-mlm-fast-v1,libero_object,,1000,779,0.77900000,0.01312094,,/e/project1/m3/blank4/code/starVLA/playground/Checkpoints/ervla_mlm_pi_encoder_cam3d_slotdrop15_nolabeldrop_noditdrop/results/libero-plus-4k-exact-mlm-fast-v1/overall_results.json,True
starVLA,ervla_mlm_pi_encoder_cam3d_slotdrop15_nolabeldrop_noditdrop,encoder/mlm,42,libero-plus-4k-exact-mlm-fast-v1,libero-plus-4k-exact-mlm-fast-v1,libero_spatial,,1000,730,0.73000000,0.01403923,,/e/project1/m3/blank4/code/starVLA/playground/Checkpoints/ervla_mlm_pi_encoder_cam3d_slotdrop15_nolabeldrop_noditdrop/results/libero-plus-4k-exact-mlm-fast-v1/overall_results.json,True
starVLA,ervla_mlm_pi_encoder_cam3d_slotdrop15_nolabeldrop_noditdrop,encoder/mlm,42,libero-plus-4k-exact-mlm-fast-v1,libero-plus-4k-exact-mlm-fast-v1/libero_10,libero_10,,1000,638,0.63800000,0.01519724,,/e/project1/m3/blank4/code/starVLA/playground/Checkpoints/ervla_mlm_pi_encoder_cam3d_slotdrop15_nolabeldrop_noditdrop/results/libero-plus-4k-exact-mlm-fast-v1/libero_10/overall_results.json,False
starVLA,ervla_mlm_pi_encoder_cam3d_slotdrop15_nolabeldrop_noditdrop,encoder/mlm,42,libero-plus-4k-exact-mlm-fast-v1,libero-plus-4k-exact-mlm-fast-v1/libero_goal,libero_goal,,1000,659,0.65900000,0.01499063,,/e/project1/m3/blank4/code/starVLA/playground/Checkpoints/ervla_mlm_pi_encoder_cam3d_slotdrop15_nolabeldrop_noditdrop/results/libero-plus-4k-exact-mlm-fast-v1/libero_goal/overall_results.json,False
starVLA,ervla_mlm_pi_encoder_cam3d_slotdrop15_nolabeldrop_noditdrop,encoder/mlm,42,libero-plus-4k-exact-mlm-fast-v1,libero-plus-4k-exact-mlm-fast-v1/libero_object,libero_object,,1000,779,0.77900000,0.01312094,,/e/project1/m3/blank4/code/starVLA/playground/Checkpoints/ervla_mlm_pi_encoder_cam3d_slotdrop15_nolabeldrop_noditdrop/results/libero-plus-4k-exact-mlm-fast-v1/libero_object/overall_results.json,False
starVLA,ervla_mlm_pi_encoder_cam3d_slotdrop15_nolabeldrop_noditdrop,encoder/mlm,42,libero-plus-4k-exact-mlm-fast-v1,libero-plus-4k-exact-mlm-fast-v1/libero_spatial,libero_spatial,,1000,730,0.73000000,0.01403923,,/e/project1/m3/blank4/code/starVLA/playground/Checkpoints/ervla_mlm_pi_encoder_cam3d_slotdrop15_nolabeldrop_noditdrop/results/libero-plus-4k-exact-mlm-fast-v1/libero_spatial/overall_results.json,False
starVLA,ervla_mlm_pi_encoder_control,encoder/mlm,42,libero-plus-4k-exact-mlm-fast-v1,libero-plus-4k-exact-mlm-fast-v1,libero_10,,1000,675,0.67500000,0.01481131,,/e/project1/m3/blank4/code/starVLA/playground/Checkpoints/ervla_mlm_pi_encoder_control/results/libero-plus-4k-exact-mlm-fast-v1/overall_results.json,True
starVLA,ervla_mlm_pi_encoder_control,encoder/mlm,42,libero-plus-4k-exact-mlm-fast-v1,libero-plus-4k-exact-mlm-fast-v1,libero_goal,,1000,728,0.72800000,0.01407182,,/e/project1/m3/blank4/code/starVLA/playground/Checkpoints/ervla_mlm_pi_encoder_control/results/libero-plus-4k-exact-mlm-fast-v1/overall_results.json,True
starVLA,ervla_mlm_pi_encoder_control,encoder/mlm,42,libero-plus-4k-exact-mlm-fast-v1,libero-plus-4k-exact-mlm-fast-v1,libero_object,,1000,834,0.83400000,0.01176622,,/e/project1/m3/blank4/code/starVLA/playground/Checkpoints/ervla_mlm_pi_encoder_control/results/libero-plus-4k-exact-mlm-fast-v1/overall_results.json,True
starVLA,ervla_mlm_pi_encoder_control,encoder/mlm,42,libero-plus-4k-exact-mlm-fast-v1,libero-plus-4k-exact-mlm-fast-v1,libero_spatial,,1000,784,0.78400000,0.01301322,,/e/project1/m3/blank4/code/starVLA/playground/Checkpoints/ervla_mlm_pi_encoder_control/results/libero-plus-4k-exact-mlm-fast-v1/overall_results.json,True
starVLA,ervla_mlm_pi_encoder_control,encoder/mlm,42,libero-plus-4k-exact-mlm-fast-v1,libero-plus-4k-exact-mlm-fast-v1/libero_10,libero_10,,1000,675,0.67500000,0.01481131,,/e/project1/m3/blank4/code/starVLA/playground/Checkpoints/ervla_mlm_pi_encoder_control/results/libero-plus-4k-exact-mlm-fast-v1/libero_10/overall_results.json,False
starVLA,ervla_mlm_pi_encoder_control,encoder/mlm,42,libero-plus-4k-exact-mlm-fast-v1,libero-plus-4k-exact-mlm-fast-v1/libero_goal,libero_goal,,1000,728,0.72800000,0.01407182,,/e/project1/m3/blank4/code/starVLA/playground/Checkpoints/ervla_mlm_pi_encoder_control/results/libero-plus-4k-exact-mlm-fast-v1/libero_goal/overall_results.json,False
starVLA,ervla_mlm_pi_encoder_control,encoder/mlm,42,libero-plus-4k-exact-mlm-fast-v1,libero-plus-4k-exact-mlm-fast-v1/libero_object,libero_object,,1000,834,0.83400000,0.01176622,,/e/project1/m3/blank4/code/starVLA/playground/Checkpoints/ervla_mlm_pi_encoder_control/results/libero-plus-4k-exact-mlm-fast-v1/libero_object/overall_results.json,False
starVLA,ervla_mlm_pi_encoder_control,encoder/mlm,42,libero-plus-4k-exact-mlm-fast-v1,libero-plus-4k-exact-mlm-fast-v1/libero_spatial,libero_spatial,,1000,784,0.78400000,0.01301322,,/e/project1/m3/blank4/code/starVLA/playground/Checkpoints/ervla_mlm_pi_encoder_control/results/libero-plus-4k-exact-mlm-fast-v1/libero_spatial/overall_results.json,False
starVLA,ervla_pi_projected_numeric_shuffled,other,42,libero-plus-4k-exact-numeric-fast-v1,libero-plus-4k-exact-numeric-fast-v1/libero_10,libero_10,,1000,562,0.56200000,0.01568936,,/e/project1/m3/blank4/code/starVLA/playground/Checkpoints/ervla_pi_projected_numeric_shuffled/results/libero-plus-4k-exact-numeric-fast-v1/libero_10/overall_results.json,False
starVLA,ervla_pi_projected_numeric_correct,other,42,libero-plus-4k-exact-numeric-w4-restart-v3,libero-plus-4k-exact-numeric-w4-restart-v3,libero_10,,1000,635,0.63500000,0.01522416,,/e/project1/m3/blank4/code/starVLA/playground/Checkpoints/ervla_pi_projected_numeric_correct/results/libero-plus-4k-exact-numeric-w4-restart-v3/overall_results.json,True
starVLA,ervla_pi_projected_numeric_correct,other,42,libero-plus-4k-exact-numeric-w4-restart-v3,libero-plus-4k-exact-numeric-w4-restart-v3,libero_goal,,1000,674,0.67400000,0.01482309,,/e/project1/m3/blank4/code/starVLA/playground/Checkpoints/ervla_pi_projected_numeric_correct/results/libero-plus-4k-exact-numeric-w4-restart-v3/overall_results.json,True
starVLA,ervla_pi_projected_numeric_correct,other,42,libero-plus-4k-exact-numeric-w4-restart-v3,libero-plus-4k-exact-numeric-w4-restart-v3,libero_object,,1000,731,0.73100000,0.01402280,,/e/project1/m3/blank4/code/starVLA/playground/Checkpoints/ervla_pi_projected_numeric_correct/results/libero-plus-4k-exact-numeric-w4-restart-v3/overall_results.json,True
starVLA,ervla_pi_projected_numeric_correct,other,42,libero-plus-4k-exact-numeric-w4-restart-v3,libero-plus-4k-exact-numeric-w4-restart-v3,libero_spatial,,1000,730,0.73000000,0.01403923,,/e/project1/m3/blank4/code/starVLA/playground/Checkpoints/ervla_pi_projected_numeric_correct/results/libero-plus-4k-exact-numeric-w4-restart-v3/overall_results.json,True
starVLA,ervla_pi_projected_numeric_correct,other,42,libero-plus-4k-exact-numeric-w4-restart-v3,libero-plus-4k-exact-numeric-w4-restart-v3/libero_10,libero_10,,1000,635,0.63500000,0.01522416,,/e/project1/m3/blank4/code/starVLA/playground/Checkpoints/ervla_pi_projected_numeric_correct/results/libero-plus-4k-exact-numeric-w4-restart-v3/libero_10/overall_results.json,False
starVLA,ervla_pi_projected_numeric_correct,other,42,libero-plus-4k-exact-numeric-w4-restart-v3,libero-plus-4k-exact-numeric-w4-restart-v3/libero_goal,libero_goal,,1000,674,0.67400000,0.01482309,,/e/project1/m3/blank4/code/starVLA/playground/Checkpoints/ervla_pi_projected_numeric_correct/results/libero-plus-4k-exact-numeric-w4-restart-v3/libero_goal/overall_results.json,False
starVLA,ervla_pi_projected_numeric_correct,other,42,libero-plus-4k-exact-numeric-w4-restart-v3,libero-plus-4k-exact-numeric-w4-restart-v3/libero_object,libero_object,,1000,731,0.73100000,0.01402280,,/e/project1/m3/blank4/code/starVLA/playground/Checkpoints/ervla_pi_projected_numeric_correct/results/libero-plus-4k-exact-numeric-w4-restart-v3/libero_object/overall_results.json,False
starVLA,ervla_pi_projected_numeric_correct,other,42,libero-plus-4k-exact-numeric-w4-restart-v3,libero-plus-4k-exact-numeric-w4-restart-v3/libero_spatial,libero_spatial,,1000,730,0.73000000,0.01403923,,/e/project1/m3/blank4/code/starVLA/playground/Checkpoints/ervla_pi_projected_numeric_correct/results/libero-plus-4k-exact-numeric-w4-restart-v3/libero_spatial/overall_results.json,False
starVLA,ervla_pi_projected_numeric_noaux,other,42,libero-plus-4k-exact-numeric-w4-restart-v3,libero-plus-4k-exact-numeric-w4-restart-v3,libero_10,,1000,663,0.66300000,0.01494761,,/e/project1/m3/blank4/code/starVLA/playground/Checkpoints/ervla_pi_projected_numeric_noaux/results/libero-plus-4k-exact-numeric-w4-restart-v3/overall_results.json,True
starVLA,ervla_pi_projected_numeric_noaux,other,42,libero-plus-4k-exact-numeric-w4-restart-v3,libero-plus-4k-exact-numeric-w4-restart-v3,libero_goal,,1000,699,0.69900000,0.01450514,,/e/project1/m3/blank4/code/starVLA/playground/Checkpoints/ervla_pi_projected_numeric_noaux/results/libero-plus-4k-exact-numeric-w4-restart-v3/overall_results.json,True
starVLA,ervla_pi_projected_numeric_noaux,other,42,libero-plus-4k-exact-numeric-w4-restart-v3,libero-plus-4k-exact-numeric-w4-restart-v3,libero_object,,1000,812,0.81200000,0.01235540,,/e/project1/m3/blank4/code/starVLA/playground/Checkpoints/ervla_pi_projected_numeric_noaux/results/libero-plus-4k-exact-numeric-w4-restart-v3/overall_results.json,True
starVLA,ervla_pi_projected_numeric_noaux,other,42,libero-plus-4k-exact-numeric-w4-restart-v3,libero-plus-4k-exact-numeric-w4-restart-v3,libero_spatial,,1000,803,0.80300000,0.01257740,,/e/project1/m3/blank4/code/starVLA/playground/Checkpoints/ervla_pi_projected_numeric_noaux/results/libero-plus-4k-exact-numeric-w4-restart-v3/overall_results.json,True
starVLA,ervla_pi_projected_numeric_noaux,other,42,libero-plus-4k-exact-numeric-w4-restart-v3,libero-plus-4k-exact-numeric-w4-restart-v3/libero_10,libero_10,,1000,663,0.66300000,0.01494761,,/e/project1/m3/blank4/code/starVLA/playground/Checkpoints/ervla_pi_projected_numeric_noaux/results/libero-plus-4k-exact-numeric-w4-restart-v3/libero_10/overall_results.json,False
starVLA,ervla_pi_projected_numeric_noaux,other,42,libero-plus-4k-exact-numeric-w4-restart-v3,libero-plus-4k-exact-numeric-w4-restart-v3/libero_goal,libero_goal,,1000,699,0.69900000,0.01450514,,/e/project1/m3/blank4/code/starVLA/playground/Checkpoints/ervla_pi_projected_numeric_noaux/results/libero-plus-4k-exact-numeric-w4-restart-v3/libero_goal/overall_results.json,False
starVLA,ervla_pi_projected_numeric_noaux,other,42,libero-plus-4k-exact-numeric-w4-restart-v3,libero-plus-4k-exact-numeric-w4-restart-v3/libero_object,libero_object,,1000,812,0.81200000,0.01235540,,/e/project1/m3/blank4/code/starVLA/playground/Checkpoints/ervla_pi_projected_numeric_noaux/results/libero-plus-4k-exact-numeric-w4-restart-v3/libero_object/overall_results.json,False
starVLA,ervla_pi_projected_numeric_noaux,other,42,libero-plus-4k-exact-numeric-w4-restart-v3,libero-plus-4k-exact-numeric-w4-restart-v3/libero_spatial,libero_spatial,,1000,803,0.80300000,0.01257740,,/e/project1/m3/blank4/code/starVLA/playground/Checkpoints/ervla_pi_projected_numeric_noaux/results/libero-plus-4k-exact-numeric-w4-restart-v3/libero_spatial/overall_results.json,False
starVLA,ervla_pi_projected_numeric_shuffled,other,42,libero-plus-4k-exact-numeric-w4-restart-v3,libero-plus-4k-exact-numeric-w4-restart-v3,libero_10,,1000,552,0.55200000,0.01572565,,/e/project1/m3/blank4/code/starVLA/playground/Checkpoints/ervla_pi_projected_numeric_shuffled/results/libero-plus-4k-exact-numeric-w4-restart-v3/overall_results.json,True
starVLA,ervla_pi_projected_numeric_shuffled,other,42,libero-plus-4k-exact-numeric-w4-restart-v3,libero-plus-4k-exact-numeric-w4-restart-v3,libero_goal,,1000,656,0.65600000,0.01502212,,/e/project1/m3/blank4/code/starVLA/playground/Checkpoints/ervla_pi_projected_numeric_shuffled/results/libero-plus-4k-exact-numeric-w4-restart-v3/overall_results.json,True
starVLA,ervla_pi_projected_numeric_shuffled,other,42,libero-plus-4k-exact-numeric-w4-restart-v3,libero-plus-4k-exact-numeric-w4-restart-v3,libero_object,,1000,748,0.74800000,0.01372938,,/e/project1/m3/blank4/code/starVLA/playground/Checkpoints/ervla_pi_projected_numeric_shuffled/results/libero-plus-4k-exact-numeric-w4-restart-v3/overall_results.json,True
starVLA,ervla_pi_projected_numeric_shuffled,other,42,libero-plus-4k-exact-numeric-w4-restart-v3,libero-plus-4k-exact-numeric-w4-restart-v3,libero_spatial,,1000,788,0.78800000,0.01292501,,/e/project1/m3/blank4/code/starVLA/playground/Checkpoints/ervla_pi_projected_numeric_shuffled/results/libero-plus-4k-exact-numeric-w4-restart-v3/overall_results.json,True
starVLA,ervla_pi_projected_numeric_shuffled,other,42,libero-plus-4k-exact-numeric-w4-restart-v3,libero-plus-4k-exact-numeric-w4-restart-v3/libero_10,libero_10,,1000,552,0.55200000,0.01572565,,/e/project1/m3/blank4/code/starVLA/playground/Checkpoints/ervla_pi_projected_numeric_shuffled/results/libero-plus-4k-exact-numeric-w4-restart-v3/libero_10/overall_results.json,False
starVLA,ervla_pi_projected_numeric_shuffled,other,42,libero-plus-4k-exact-numeric-w4-restart-v3,libero-plus-4k-exact-numeric-w4-restart-v3/libero_goal,libero_goal,,1000,656,0.65600000,0.01502212,,/e/project1/m3/blank4/code/starVLA/playground/Checkpoints/ervla_pi_projected_numeric_shuffled/results/libero-plus-4k-exact-numeric-w4-restart-v3/libero_goal/overall_results.json,False
starVLA,ervla_pi_projected_numeric_shuffled,other,42,libero-plus-4k-exact-numeric-w4-restart-v3,libero-plus-4k-exact-numeric-w4-restart-v3/libero_object,libero_object,,1000,748,0.74800000,0.01372938,,/e/project1/m3/blank4/code/starVLA/playground/Checkpoints/ervla_pi_projected_numeric_shuffled/results/libero-plus-4k-exact-numeric-w4-restart-v3/libero_object/overall_results.json,False
starVLA,ervla_pi_projected_numeric_shuffled,other,42,libero-plus-4k-exact-numeric-w4-restart-v3,libero-plus-4k-exact-numeric-w4-restart-v3/libero_spatial,libero_spatial,,1000,788,0.78800000,0.01292501,,/e/project1/m3/blank4/code/starVLA/playground/Checkpoints/ervla_pi_projected_numeric_shuffled/results/libero-plus-4k-exact-numeric-w4-restart-v3/libero_spatial/overall_results.json,False
starVLA,ervla_k2_pi_cam3d_cot05_pifix_latent32,CoT-trace,42,libero-plus-4k-exact-rawcot32-v1,libero-plus-4k-exact-rawcot32-v1,libero_10,,1000,657,0.65700000,0.01501170,,/e/project1/m3/blank4/code/starVLA/playground/Checkpoints/ervla_k2_pi_cam3d_cot05_pifix_latent32/results/libero-plus-4k-exact-rawcot32-v1/overall_results.json,True
starVLA,ervla_k2_pi_cam3d_cot05_pifix_latent32,CoT-trace,42,libero-plus-4k-exact-rawcot32-v1,libero-plus-4k-exact-rawcot32-v1,libero_goal,,1000,676,0.67600000,0.01479946,,/e/project1/m3/blank4/code/starVLA/playground/Checkpoints/ervla_k2_pi_cam3d_cot05_pifix_latent32/results/libero-plus-4k-exact-rawcot32-v1/overall_results.json,True
starVLA,ervla_k2_pi_cam3d_cot05_pifix_latent32,CoT-trace,42,libero-plus-4k-exact-rawcot32-v1,libero-plus-4k-exact-rawcot32-v1,libero_object,,1000,790,0.79000000,0.01288022,,/e/project1/m3/blank4/code/starVLA/playground/Checkpoints/ervla_k2_pi_cam3d_cot05_pifix_latent32/results/libero-plus-4k-exact-rawcot32-v1/overall_results.json,True
starVLA,ervla_k2_pi_cam3d_cot05_pifix_latent32,CoT-trace,42,libero-plus-4k-exact-rawcot32-v1,libero-plus-4k-exact-rawcot32-v1,libero_spatial,,1000,774,0.77400000,0.01322588,,/e/project1/m3/blank4/code/starVLA/playground/Checkpoints/ervla_k2_pi_cam3d_cot05_pifix_latent32/results/libero-plus-4k-exact-rawcot32-v1/overall_results.json,True
starVLA,ervla_k2_pi_cam3d_cot05_pifix_latent32,CoT-trace,42,libero-plus-4k-exact-rawcot32-v1,libero-plus-4k-exact-rawcot32-v1/libero_10,libero_10,,1000,657,0.65700000,0.01501170,,/e/project1/m3/blank4/code/starVLA/playground/Checkpoints/ervla_k2_pi_cam3d_cot05_pifix_latent32/results/libero-plus-4k-exact-rawcot32-v1/libero_10/overall_results.json,False
starVLA,ervla_k2_pi_cam3d_cot05_pifix_latent32,CoT-trace,42,libero-plus-4k-exact-rawcot32-v1,libero-plus-4k-exact-rawcot32-v1/libero_goal,libero_goal,,1000,676,0.67600000,0.01479946,,/e/project1/m3/blank4/code/starVLA/playground/Checkpoints/ervla_k2_pi_cam3d_cot05_pifix_latent32/results/libero-plus-4k-exact-rawcot32-v1/libero_goal/overall_results.json,False
starVLA,ervla_k2_pi_cam3d_cot05_pifix_latent32,CoT-trace,42,libero-plus-4k-exact-rawcot32-v1,libero-plus-4k-exact-rawcot32-v1/libero_object,libero_object,,1000,790,0.79000000,0.01288022,,/e/project1/m3/blank4/code/starVLA/playground/Checkpoints/ervla_k2_pi_cam3d_cot05_pifix_latent32/results/libero-plus-4k-exact-rawcot32-v1/libero_object/overall_results.json,False
starVLA,ervla_k2_pi_cam3d_cot05_pifix_latent32,CoT-trace,42,libero-plus-4k-exact-rawcot32-v1,libero-plus-4k-exact-rawcot32-v1/libero_spatial,libero_spatial,,1000,774,0.77400000,0.01322588,,/e/project1/m3/blank4/code/starVLA/playground/Checkpoints/ervla_k2_pi_cam3d_cot05_pifix_latent32/results/libero-plus-4k-exact-rawcot32-v1/libero_spatial/overall_results.json,False
starVLA,ervla_u_pi_layerwise_decoder_cot,CoT-trace,42,libero-plus-4k-exact-rawcot32-v1,libero-plus-4k-exact-rawcot32-v1,libero_10,,1000,682,0.68200000,0.01472671,,/e/project1/m3/blank4/code/starVLA/playground/Checkpoints/ervla_u_pi_layerwise_decoder_cot/results/libero-plus-4k-exact-rawcot32-v1/overall_results.json,True
starVLA,ervla_u_pi_layerwise_decoder_cot,CoT-trace,42,libero-plus-4k-exact-rawcot32-v1,libero-plus-4k-exact-rawcot32-v1,libero_goal,,1000,755,0.75500000,0.01360055,,/e/project1/m3/blank4/code/starVLA/playground/Checkpoints/ervla_u_pi_layerwise_decoder_cot/results/libero-plus-4k-exact-rawcot32-v1/overall_results.json,True
starVLA,ervla_u_pi_layerwise_decoder_cot,CoT-trace,42,libero-plus-4k-exact-rawcot32-v1,libero-plus-4k-exact-rawcot32-v1,libero_object,,1000,805,0.80500000,0.01252897,,/e/project1/m3/blank4/code/starVLA/playground/Checkpoints/ervla_u_pi_layerwise_decoder_cot/results/libero-plus-4k-exact-rawcot32-v1/overall_results.json,True
starVLA,ervla_u_pi_layerwise_decoder_cot,CoT-trace,42,libero-plus-4k-exact-rawcot32-v1,libero-plus-4k-exact-rawcot32-v1,libero_spatial,,1000,797,0.79700000,0.01271971,,/e/project1/m3/blank4/code/starVLA/playground/Checkpoints/ervla_u_pi_layerwise_decoder_cot/results/libero-plus-4k-exact-rawcot32-v1/overall_results.json,True
starVLA,ervla_u_pi_layerwise_decoder_cot,CoT-trace,42,libero-plus-4k-exact-rawcot32-v1,libero-plus-4k-exact-rawcot32-v1/libero_10,libero_10,,1000,682,0.68200000,0.01472671,,/e/project1/m3/blank4/code/starVLA/playground/Checkpoints/ervla_u_pi_layerwise_decoder_cot/results/libero-plus-4k-exact-rawcot32-v1/libero_10/overall_results.json,False
starVLA,ervla_u_pi_layerwise_decoder_cot,CoT-trace,42,libero-plus-4k-exact-rawcot32-v1,libero-plus-4k-exact-rawcot32-v1/libero_goal,libero_goal,,1000,755,0.75500000,0.01360055,,/e/project1/m3/blank4/code/starVLA/playground/Checkpoints/ervla_u_pi_layerwise_decoder_cot/results/libero-plus-4k-exact-rawcot32-v1/libero_goal/overall_results.json,False
starVLA,ervla_u_pi_layerwise_decoder_cot,CoT-trace,42,libero-plus-4k-exact-rawcot32-v1,libero-plus-4k-exact-rawcot32-v1/libero_object,libero_object,,1000,805,0.80500000,0.01252897,,/e/project1/m3/blank4/code/starVLA/playground/Checkpoints/ervla_u_pi_layerwise_decoder_cot/results/libero-plus-4k-exact-rawcot32-v1/libero_object/overall_results.json,False
starVLA,ervla_u_pi_layerwise_decoder_cot,CoT-trace,42,libero-plus-4k-exact-rawcot32-v1,libero-plus-4k-exact-rawcot32-v1/libero_spatial,libero_spatial,,1000,797,0.79700000,0.01271971,,/e/project1/m3/blank4/code/starVLA/playground/Checkpoints/ervla_u_pi_layerwise_decoder_cot/results/libero-plus-4k-exact-rawcot32-v1/libero_spatial/overall_results.json,False
starVLA,ervla_zbase_pi_sharedz_control,encoder/shared-z-off-control,42,libero-plus-4k-exact-sharedz-v1,libero-plus-4k-exact-sharedz-v1,libero_10,,1000,598,0.59800000,0.01550471,,/e/project1/m3/blank4/code/starVLA/playground/Checkpoints/ervla_zbase_pi_sharedz_control/results/libero-plus-4k-exact-sharedz-v1/overall_results.json,True
starVLA,ervla_zbase_pi_sharedz_control,encoder/shared-z-off-control,42,libero-plus-4k-exact-sharedz-v1,libero-plus-4k-exact-sharedz-v1,libero_goal,,1000,716,0.71600000,0.01425987,,/e/project1/m3/blank4/code/starVLA/playground/Checkpoints/ervla_zbase_pi_sharedz_control/results/libero-plus-4k-exact-sharedz-v1/overall_results.json,True
starVLA,ervla_zbase_pi_sharedz_control,encoder/shared-z-off-control,42,libero-plus-4k-exact-sharedz-v1,libero-plus-4k-exact-sharedz-v1,libero_object,,1000,826,0.82600000,0.01198849,,/e/project1/m3/blank4/code/starVLA/playground/Checkpoints/ervla_zbase_pi_sharedz_control/results/libero-plus-4k-exact-sharedz-v1/overall_results.json,True
starVLA,ervla_zbase_pi_sharedz_control,encoder/shared-z-off-control,42,libero-plus-4k-exact-sharedz-v1,libero-plus-4k-exact-sharedz-v1,libero_spatial,,1000,722,0.72200000,0.01416743,,/e/project1/m3/blank4/code/starVLA/playground/Checkpoints/ervla_zbase_pi_sharedz_control/results/libero-plus-4k-exact-sharedz-v1/overall_results.json,True
starVLA,ervla_zbase_pi_sharedz_control,encoder/shared-z-off-control,42,libero-plus-4k-exact-sharedz-v1,libero-plus-4k-exact-sharedz-v1/libero_10,libero_10,,1000,598,0.59800000,0.01550471,,/e/project1/m3/blank4/code/starVLA/playground/Checkpoints/ervla_zbase_pi_sharedz_control/results/libero-plus-4k-exact-sharedz-v1/libero_10/overall_results.json,False
starVLA,ervla_zbase_pi_sharedz_control,encoder/shared-z-off-control,42,libero-plus-4k-exact-sharedz-v1,libero-plus-4k-exact-sharedz-v1/libero_goal,libero_goal,,1000,716,0.71600000,0.01425987,,/e/project1/m3/blank4/code/starVLA/playground/Checkpoints/ervla_zbase_pi_sharedz_control/results/libero-plus-4k-exact-sharedz-v1/libero_goal/overall_results.json,False
starVLA,ervla_zbase_pi_sharedz_control,encoder/shared-z-off-control,42,libero-plus-4k-exact-sharedz-v1,libero-plus-4k-exact-sharedz-v1/libero_object,libero_object,,1000,826,0.82600000,0.01198849,,/e/project1/m3/blank4/code/starVLA/playground/Checkpoints/ervla_zbase_pi_sharedz_control/results/libero-plus-4k-exact-sharedz-v1/libero_object/overall_results.json,False
starVLA,ervla_zbase_pi_sharedz_control,encoder/shared-z-off-control,42,libero-plus-4k-exact-sharedz-v1,libero-plus-4k-exact-sharedz-v1/libero_spatial,libero_spatial,,1000,722,0.72200000,0.01416743,,/e/project1/m3/blank4/code/starVLA/playground/Checkpoints/ervla_zbase_pi_sharedz_control/results/libero-plus-4k-exact-sharedz-v1/libero_spatial/overall_results.json,False
starVLA,ervla_zsup_pi_sharedz_ground_temporal,shared-z/zsup,42,libero-plus-4k-exact-sharedz-v1,libero-plus-4k-exact-sharedz-v1,libero_10,,1000,690,0.69000000,0.01462532,,/e/project1/m3/blank4/code/starVLA/playground/Checkpoints/ervla_zsup_pi_sharedz_ground_temporal/results/libero-plus-4k-exact-sharedz-v1/overall_results.json,True
starVLA,ervla_zsup_pi_sharedz_ground_temporal,shared-z/zsup,42,libero-plus-4k-exact-sharedz-v1,libero-plus-4k-exact-sharedz-v1,libero_goal,,1000,755,0.75500000,0.01360055,,/e/project1/m3/blank4/code/starVLA/playground/Checkpoints/ervla_zsup_pi_sharedz_ground_temporal/results/libero-plus-4k-exact-sharedz-v1/overall_results.json,True
starVLA,ervla_zsup_pi_sharedz_ground_temporal,shared-z/zsup,42,libero-plus-4k-exact-sharedz-v1,libero-plus-4k-exact-sharedz-v1,libero_object,,1000,845,0.84500000,0.01144443,,/e/project1/m3/blank4/code/starVLA/playground/Checkpoints/ervla_zsup_pi_sharedz_ground_temporal/results/libero-plus-4k-exact-sharedz-v1/overall_results.json,True
starVLA,ervla_zsup_pi_sharedz_ground_temporal,shared-z/zsup,42,libero-plus-4k-exact-sharedz-v1,libero-plus-4k-exact-sharedz-v1,libero_spatial,,1000,835,0.83500000,0.01173776,,/e/project1/m3/blank4/code/starVLA/playground/Checkpoints/ervla_zsup_pi_sharedz_ground_temporal/results/libero-plus-4k-exact-sharedz-v1/overall_results.json,True
starVLA,ervla_zsup_pi_sharedz_ground_temporal,shared-z/zsup,42,libero-plus-4k-exact-sharedz-v1,libero-plus-4k-exact-sharedz-v1/libero_10,libero_10,,1000,690,0.69000000,0.01462532,,/e/project1/m3/blank4/code/starVLA/playground/Checkpoints/ervla_zsup_pi_sharedz_ground_temporal/results/libero-plus-4k-exact-sharedz-v1/libero_10/overall_results.json,False
starVLA,ervla_zsup_pi_sharedz_ground_temporal,shared-z/zsup,42,libero-plus-4k-exact-sharedz-v1,libero-plus-4k-exact-sharedz-v1/libero_goal,libero_goal,,1000,755,0.75500000,0.01360055,,/e/project1/m3/blank4/code/starVLA/playground/Checkpoints/ervla_zsup_pi_sharedz_ground_temporal/results/libero-plus-4k-exact-sharedz-v1/libero_goal/overall_results.json,False
starVLA,ervla_zsup_pi_sharedz_ground_temporal,shared-z/zsup,42,libero-plus-4k-exact-sharedz-v1,libero-plus-4k-exact-sharedz-v1/libero_object,libero_object,,1000,845,0.84500000,0.01144443,,/e/project1/m3/blank4/code/starVLA/playground/Checkpoints/ervla_zsup_pi_sharedz_ground_temporal/results/libero-plus-4k-exact-sharedz-v1/libero_object/overall_results.json,False
starVLA,ervla_zsup_pi_sharedz_ground_temporal,shared-z/zsup,42,libero-plus-4k-exact-sharedz-v1,libero-plus-4k-exact-sharedz-v1/libero_spatial,libero_spatial,,1000,835,0.83500000,0.01173776,,/e/project1/m3/blank4/code/starVLA/playground/Checkpoints/ervla_zsup_pi_sharedz_ground_temporal/results/libero-plus-4k-exact-sharedz-v1/libero_spatial/overall_results.json,False
starVLA,ervla_zsupdec_pi_sharedz_ground_temporal,shared-z/zsup,42,libero-plus-4k-exact-sharedz-v1-w4,libero-plus-4k-exact-sharedz-v1-w4,libero_10,,1000,688,0.68800000,0.01465114,,/e/project1/m3/blank4/code/starVLA/playground/Checkpoints/ervla_zsupdec_pi_sharedz_ground_temporal/results/libero-plus-4k-exact-sharedz-v1-w4/overall_results.json,True
starVLA,ervla_zsupdec_pi_sharedz_ground_temporal,shared-z/zsup,42,libero-plus-4k-exact-sharedz-v1-w4,libero-plus-4k-exact-sharedz-v1-w4,libero_goal,,1000,753,0.75300000,0.01363785,,/e/project1/m3/blank4/code/starVLA/playground/Checkpoints/ervla_zsupdec_pi_sharedz_ground_temporal/results/libero-plus-4k-exact-sharedz-v1-w4/overall_results.json,True
starVLA,ervla_zsupdec_pi_sharedz_ground_temporal,shared-z/zsup,42,libero-plus-4k-exact-sharedz-v1-w4,libero-plus-4k-exact-sharedz-v1-w4,libero_object,,1000,815,0.81500000,0.01227905,,/e/project1/m3/blank4/code/starVLA/playground/Checkpoints/ervla_zsupdec_pi_sharedz_ground_temporal/results/libero-plus-4k-exact-sharedz-v1-w4/overall_results.json,True
starVLA,ervla_zsupdec_pi_sharedz_ground_temporal,shared-z/zsup,42,libero-plus-4k-exact-sharedz-v1-w4,libero-plus-4k-exact-sharedz-v1-w4,libero_spatial,,1000,794,0.79400000,0.01278921,,/e/project1/m3/blank4/code/starVLA/playground/Checkpoints/ervla_zsupdec_pi_sharedz_ground_temporal/results/libero-plus-4k-exact-sharedz-v1-w4/overall_results.json,True
starVLA,ervla_zsupdec_pi_sharedz_ground_temporal,shared-z/zsup,42,libero-plus-4k-exact-sharedz-v1-w4,libero-plus-4k-exact-sharedz-v1-w4/libero_10,libero_10,,1000,688,0.68800000,0.01465114,,/e/project1/m3/blank4/code/starVLA/playground/Checkpoints/ervla_zsupdec_pi_sharedz_ground_temporal/results/libero-plus-4k-exact-sharedz-v1-w4/libero_10/overall_results.json,False
starVLA,ervla_zsupdec_pi_sharedz_ground_temporal,shared-z/zsup,42,libero-plus-4k-exact-sharedz-v1-w4,libero-plus-4k-exact-sharedz-v1-w4/libero_goal,libero_goal,,1000,753,0.75300000,0.01363785,,/e/project1/m3/blank4/code/starVLA/playground/Checkpoints/ervla_zsupdec_pi_sharedz_ground_temporal/results/libero-plus-4k-exact-sharedz-v1-w4/libero_goal/overall_results.json,False
starVLA,ervla_zsupdec_pi_sharedz_ground_temporal,shared-z/zsup,42,libero-plus-4k-exact-sharedz-v1-w4,libero-plus-4k-exact-sharedz-v1-w4/libero_object,libero_object,,1000,815,0.81500000,0.01227905,,/e/project1/m3/blank4/code/starVLA/playground/Checkpoints/ervla_zsupdec_pi_sharedz_ground_temporal/results/libero-plus-4k-exact-sharedz-v1-w4/libero_object/overall_results.json,False
starVLA,ervla_zsupdec_pi_sharedz_ground_temporal,shared-z/zsup,42,libero-plus-4k-exact-sharedz-v1-w4,libero-plus-4k-exact-sharedz-v1-w4/libero_spatial,libero_spatial,,1000,794,0.79400000,0.01278921,,/e/project1/m3/blank4/code/starVLA/playground/Checkpoints/ervla_zsupdec_pi_sharedz_ground_temporal/results/libero-plus-4k-exact-sharedz-v1-w4/libero_spatial/overall_results.json,False
starVLA,ervla_zonly_pi_sharedz_ground_temporal,shared-z/zonly,42,libero-plus-4k-exact-sharedz-v2-w4,libero-plus-4k-exact-sharedz-v2-w4,libero_10,,1000,678,0.67800000,0.01477552,,/e/project1/m3/blank4/code/starVLA/playground/Checkpoints/ervla_zonly_pi_sharedz_ground_temporal/results/libero-plus-4k-exact-sharedz-v2-w4/overall_results.json,True
starVLA,ervla_zonly_pi_sharedz_ground_temporal,shared-z/zonly,42,libero-plus-4k-exact-sharedz-v2-w4,libero-plus-4k-exact-sharedz-v2-w4,libero_goal,,1000,775,0.77500000,0.01320511,,/e/project1/m3/blank4/code/starVLA/playground/Checkpoints/ervla_zonly_pi_sharedz_ground_temporal/results/libero-plus-4k-exact-sharedz-v2-w4/overall_results.json,True
starVLA,ervla_zonly_pi_sharedz_ground_temporal,shared-z/zonly,42,libero-plus-4k-exact-sharedz-v2-w4,libero-plus-4k-exact-sharedz-v2-w4,libero_object,,1000,839,0.83900000,0.01162235,,/e/project1/m3/blank4/code/starVLA/playground/Checkpoints/ervla_zonly_pi_sharedz_ground_temporal/results/libero-plus-4k-exact-sharedz-v2-w4/overall_results.json,True
starVLA,ervla_zonly_pi_sharedz_ground_temporal,shared-z/zonly,42,libero-plus-4k-exact-sharedz-v2-w4,libero-plus-4k-exact-sharedz-v2-w4,libero_spatial,,1000,772,0.77200000,0.01326710,,/e/project1/m3/blank4/code/starVLA/playground/Checkpoints/ervla_zonly_pi_sharedz_ground_temporal/results/libero-plus-4k-exact-sharedz-v2-w4/overall_results.json,True
starVLA,ervla_zonly_pi_sharedz_ground_temporal,shared-z/zonly,42,libero-plus-4k-exact-sharedz-v2-w4,libero-plus-4k-exact-sharedz-v2-w4/libero_10,libero_10,,1000,678,0.67800000,0.01477552,,/e/project1/m3/blank4/code/starVLA/playground/Checkpoints/ervla_zonly_pi_sharedz_ground_temporal/results/libero-plus-4k-exact-sharedz-v2-w4/libero_10/overall_results.json,False
starVLA,ervla_zonly_pi_sharedz_ground_temporal,shared-z/zonly,42,libero-plus-4k-exact-sharedz-v2-w4,libero-plus-4k-exact-sharedz-v2-w4/libero_goal,libero_goal,,1000,775,0.77500000,0.01320511,,/e/project1/m3/blank4/code/starVLA/playground/Checkpoints/ervla_zonly_pi_sharedz_ground_temporal/results/libero-plus-4k-exact-sharedz-v2-w4/libero_goal/overall_results.json,False
starVLA,ervla_zonly_pi_sharedz_ground_temporal,shared-z/zonly,42,libero-plus-4k-exact-sharedz-v2-w4,libero-plus-4k-exact-sharedz-v2-w4/libero_object,libero_object,,1000,839,0.83900000,0.01162235,,/e/project1/m3/blank4/code/starVLA/playground/Checkpoints/ervla_zonly_pi_sharedz_ground_temporal/results/libero-plus-4k-exact-sharedz-v2-w4/libero_object/overall_results.json,False
starVLA,ervla_zonly_pi_sharedz_ground_temporal,shared-z/zonly,42,libero-plus-4k-exact-sharedz-v2-w4,libero-plus-4k-exact-sharedz-v2-w4/libero_spatial,libero_spatial,,1000,772,0.77200000,0.01326710,,/e/project1/m3/blank4/code/starVLA/playground/Checkpoints/ervla_zonly_pi_sharedz_ground_temporal/results/libero-plus-4k-exact-sharedz-v2-w4/libero_spatial/overall_results.json,False
starVLA,ervla_a_causal,causal,42,libero-plus-4k-exact-v1,libero-plus-4k-exact-v1,libero_10,,1000,624,0.62400000,0.01531744,,/e/project1/m3/blank4/code/starVLA/playground/Checkpoints/ervla_a_causal/results/libero-plus-4k-exact-v1/overall_results.json,True
starVLA,ervla_a_causal,causal,42,libero-plus-4k-exact-v1,libero-plus-4k-exact-v1,libero_goal,,1000,666,0.66600000,0.01491456,,/e/project1/m3/blank4/code/starVLA/playground/Checkpoints/ervla_a_causal/results/libero-plus-4k-exact-v1/overall_results.json,True
starVLA,ervla_a_causal,causal,42,libero-plus-4k-exact-v1,libero-plus-4k-exact-v1,libero_object,,1000,766,0.76600000,0.01338820,,/e/project1/m3/blank4/code/starVLA/playground/Checkpoints/ervla_a_causal/results/libero-plus-4k-exact-v1/overall_results.json,True
starVLA,ervla_a_causal,causal,42,libero-plus-4k-exact-v1,libero-plus-4k-exact-v1,libero_spatial,,1000,725,0.72500000,0.01412002,,/e/project1/m3/blank4/code/starVLA/playground/Checkpoints/ervla_a_causal/results/libero-plus-4k-exact-v1/overall_results.json,True
starVLA,ervla_a_causal,causal,42,libero-plus-4k-exact-v1,libero-plus-4k-exact-v1/libero_10,libero_10,,1000,624,0.62400000,0.01531744,,/e/project1/m3/blank4/code/starVLA/playground/Checkpoints/ervla_a_causal/results/libero-plus-4k-exact-v1/libero_10/overall_results.json,False
starVLA,ervla_a_causal,causal,42,libero-plus-4k-exact-v1,libero-plus-4k-exact-v1/libero_goal,libero_goal,,1000,666,0.66600000,0.01491456,,/e/project1/m3/blank4/code/starVLA/playground/Checkpoints/ervla_a_causal/results/libero-plus-4k-exact-v1/libero_goal/overall_results.json,False
starVLA,ervla_a_causal,causal,42,libero-plus-4k-exact-v1,libero-plus-4k-exact-v1/libero_object,libero_object,,1000,766,0.76600000,0.01338820,,/e/project1/m3/blank4/code/starVLA/playground/Checkpoints/ervla_a_causal/results/libero-plus-4k-exact-v1/libero_object/overall_results.json,False
starVLA,ervla_a_causal,causal,42,libero-plus-4k-exact-v1,libero-plus-4k-exact-v1/libero_spatial,libero_spatial,,1000,725,0.72500000,0.01412002,,/e/project1/m3/blank4/code/starVLA/playground/Checkpoints/ervla_a_causal/results/libero-plus-4k-exact-v1/libero_spatial/overall_results.json,False
starVLA,ervla_b_bidir,encoder,42,libero-plus-4k-exact-v1,libero-plus-4k-exact-v1,libero_10,,1000,628,0.62800000,0.01528450,,/e/project1/m3/blank4/code/starVLA/playground/Checkpoints/ervla_b_bidir/results/libero-plus-4k-exact-v1/overall_results.json,True
starVLA,ervla_b_bidir,encoder,42,libero-plus-4k-exact-v1,libero-plus-4k-exact-v1,libero_goal,,1000,705,0.70500000,0.01442134,,/e/project1/m3/blank4/code/starVLA/playground/Checkpoints/ervla_b_bidir/results/libero-plus-4k-exact-v1/overall_results.json,True
starVLA,ervla_b_bidir,encoder,42,libero-plus-4k-exact-v1,libero-plus-4k-exact-v1,libero_object,,1000,798,0.79800000,0.01269630,,/e/project1/m3/blank4/code/starVLA/playground/Checkpoints/ervla_b_bidir/results/libero-plus-4k-exact-v1/overall_results.json,True
starVLA,ervla_b_bidir,encoder,42,libero-plus-4k-exact-v1,libero-plus-4k-exact-v1,libero_spatial,,1000,741,0.74100000,0.01385348,,/e/project1/m3/blank4/code/starVLA/playground/Checkpoints/ervla_b_bidir/results/libero-plus-4k-exact-v1/overall_results.json,True
starVLA,ervla_b_bidir,encoder,42,libero-plus-4k-exact-v1,libero-plus-4k-exact-v1/libero_10,libero_10,,1000,628,0.62800000,0.01528450,,/e/project1/m3/blank4/code/starVLA/playground/Checkpoints/ervla_b_bidir/results/libero-plus-4k-exact-v1/libero_10/overall_results.json,False
starVLA,ervla_b_bidir,encoder,42,libero-plus-4k-exact-v1,libero-plus-4k-exact-v1/libero_goal,libero_goal,,1000,705,0.70500000,0.01442134,,/e/project1/m3/blank4/code/starVLA/playground/Checkpoints/ervla_b_bidir/results/libero-plus-4k-exact-v1/libero_goal/overall_results.json,False
starVLA,ervla_b_bidir,encoder,42,libero-plus-4k-exact-v1,libero-plus-4k-exact-v1/libero_object,libero_object,,1000,798,0.79800000,0.01269630,,/e/project1/m3/blank4/code/starVLA/playground/Checkpoints/ervla_b_bidir/results/libero-plus-4k-exact-v1/libero_object/overall_results.json,False
starVLA,ervla_b_bidir,encoder,42,libero-plus-4k-exact-v1,libero-plus-4k-exact-v1/libero_spatial,libero_spatial,,1000,741,0.74100000,0.01385348,,/e/project1/m3/blank4/code/starVLA/playground/Checkpoints/ervla_b_bidir/results/libero-plus-4k-exact-v1/libero_spatial/overall_results.json,False
starVLA,ervla_d_cam3d_8gpu,other,42,libero-plus-4k-exact-v1,libero-plus-4k-exact-v1,libero_10,,1000,603,0.60300000,0.01547227,,/e/project1/m3/blank4/code/starVLA/playground/Checkpoints/ervla_d_cam3d_8gpu/results/libero-plus-4k-exact-v1/overall_results.json,True
starVLA,ervla_d_cam3d_8gpu,other,42,libero-plus-4k-exact-v1,libero-plus-4k-exact-v1,libero_goal,,1000,681,0.68100000,0.01473903,,/e/project1/m3/blank4/code/starVLA/playground/Checkpoints/ervla_d_cam3d_8gpu/results/libero-plus-4k-exact-v1/overall_results.json,True
starVLA,ervla_d_cam3d_8gpu,other,42,libero-plus-4k-exact-v1,libero-plus-4k-exact-v1,libero_object,,1000,745,0.74500000,0.01378314,,/e/project1/m3/blank4/code/starVLA/playground/Checkpoints/ervla_d_cam3d_8gpu/results/libero-plus-4k-exact-v1/overall_results.json,True
starVLA,ervla_d_cam3d_8gpu,other,42,libero-plus-4k-exact-v1,libero-plus-4k-exact-v1,libero_spatial,,1000,707,0.70700000,0.01439274,,/e/project1/m3/blank4/code/starVLA/playground/Checkpoints/ervla_d_cam3d_8gpu/results/libero-plus-4k-exact-v1/overall_results.json,True
starVLA,ervla_d_cam3d_8gpu,other,42,libero-plus-4k-exact-v1,libero-plus-4k-exact-v1/libero_10,libero_10,,1000,603,0.60300000,0.01547227,,/e/project1/m3/blank4/code/starVLA/playground/Checkpoints/ervla_d_cam3d_8gpu/results/libero-plus-4k-exact-v1/libero_10/overall_results.json,False
starVLA,ervla_d_cam3d_8gpu,other,42,libero-plus-4k-exact-v1,libero-plus-4k-exact-v1/libero_goal,libero_goal,,1000,681,0.68100000,0.01473903,,/e/project1/m3/blank4/code/starVLA/playground/Checkpoints/ervla_d_cam3d_8gpu/results/libero-plus-4k-exact-v1/libero_goal/overall_results.json,False
starVLA,ervla_d_cam3d_8gpu,other,42,libero-plus-4k-exact-v1,libero-plus-4k-exact-v1/libero_object,libero_object,,1000,745,0.74500000,0.01378314,,/e/project1/m3/blank4/code/starVLA/playground/Checkpoints/ervla_d_cam3d_8gpu/results/libero-plus-4k-exact-v1/libero_object/overall_results.json,False
starVLA,ervla_d_cam3d_8gpu,other,42,libero-plus-4k-exact-v1,libero-plus-4k-exact-v1/libero_spatial,libero_spatial,,1000,707,0.70700000,0.01439274,,/e/project1/m3/blank4/code/starVLA/playground/Checkpoints/ervla_d_cam3d_8gpu/results/libero-plus-4k-exact-v1/libero_spatial/overall_results.json,False
starVLA,ervla_d_cam3d_rand_8gpu,other,42,libero-plus-4k-exact-v1,libero-plus-4k-exact-v1,libero_10,,1000,608,0.60800000,0.01543813,,/e/project1/m3/blank4/code/starVLA/playground/Checkpoints/ervla_d_cam3d_rand_8gpu/results/libero-plus-4k-exact-v1/overall_results.json,True
starVLA,ervla_d_cam3d_rand_8gpu,other,42,libero-plus-4k-exact-v1,libero-plus-4k-exact-v1,libero_goal,,1000,699,0.69900000,0.01450514,,/e/project1/m3/blank4/code/starVLA/playground/Checkpoints/ervla_d_cam3d_rand_8gpu/results/libero-plus-4k-exact-v1/overall_results.json,True
starVLA,ervla_d_cam3d_rand_8gpu,other,42,libero-plus-4k-exact-v1,libero-plus-4k-exact-v1,libero_object,,1000,774,0.77400000,0.01322588,,/e/project1/m3/blank4/code/starVLA/playground/Checkpoints/ervla_d_cam3d_rand_8gpu/results/libero-plus-4k-exact-v1/overall_results.json,True
starVLA,ervla_d_cam3d_rand_8gpu,other,42,libero-plus-4k-exact-v1,libero-plus-4k-exact-v1,libero_spatial,,1000,737,0.73700000,0.01392232,,/e/project1/m3/blank4/code/starVLA/playground/Checkpoints/ervla_d_cam3d_rand_8gpu/results/libero-plus-4k-exact-v1/overall_results.json,True
starVLA,ervla_d_cam3d_rand_8gpu,other,42,libero-plus-4k-exact-v1,libero-plus-4k-exact-v1/libero_10,libero_10,,1000,608,0.60800000,0.01543813,,/e/project1/m3/blank4/code/starVLA/playground/Checkpoints/ervla_d_cam3d_rand_8gpu/results/libero-plus-4k-exact-v1/libero_10/overall_results.json,False
starVLA,ervla_d_cam3d_rand_8gpu,other,42,libero-plus-4k-exact-v1,libero-plus-4k-exact-v1/libero_goal,libero_goal,,1000,699,0.69900000,0.01450514,,/e/project1/m3/blank4/code/starVLA/playground/Checkpoints/ervla_d_cam3d_rand_8gpu/results/libero-plus-4k-exact-v1/libero_goal/overall_results.json,False
starVLA,ervla_d_cam3d_rand_8gpu,other,42,libero-plus-4k-exact-v1,libero-plus-4k-exact-v1/libero_object,libero_object,,1000,774,0.77400000,0.01322588,,/e/project1/m3/blank4/code/starVLA/playground/Checkpoints/ervla_d_cam3d_rand_8gpu/results/libero-plus-4k-exact-v1/libero_object/overall_results.json,False
starVLA,ervla_d_cam3d_rand_8gpu,other,42,libero-plus-4k-exact-v1,libero-plus-4k-exact-v1/libero_spatial,libero_spatial,,1000,737,0.73700000,0.01392232,,/e/project1/m3/blank4/code/starVLA/playground/Checkpoints/ervla_d_cam3d_rand_8gpu/results/libero-plus-4k-exact-v1/libero_spatial/overall_results.json,False
starVLA,ervla_g_cam3d_cot05,CoT-trace,42,libero-plus-4k-exact-v1,libero-plus-4k-exact-v1,libero_10,,1000,609,0.60900000,0.01543110,,/e/project1/m3/blank4/code/starVLA/playground/Checkpoints/ervla_g_cam3d_cot05/results/libero-plus-4k-exact-v1/overall_results.json,True
starVLA,ervla_g_cam3d_cot05,CoT-trace,42,libero-plus-4k-exact-v1,libero-plus-4k-exact-v1,libero_goal,,1000,672,0.67200000,0.01484641,,/e/project1/m3/blank4/code/starVLA/playground/Checkpoints/ervla_g_cam3d_cot05/results/libero-plus-4k-exact-v1/overall_results.json,True
starVLA,ervla_g_cam3d_cot05,CoT-trace,42,libero-plus-4k-exact-v1,libero-plus-4k-exact-v1,libero_object,,1000,771,0.77100000,0.01328755,,/e/project1/m3/blank4/code/starVLA/playground/Checkpoints/ervla_g_cam3d_cot05/results/libero-plus-4k-exact-v1/overall_results.json,True
starVLA,ervla_g_cam3d_cot05,CoT-trace,42,libero-plus-4k-exact-v1,libero-plus-4k-exact-v1,libero_spatial,,1000,741,0.74100000,0.01385348,,/e/project1/m3/blank4/code/starVLA/playground/Checkpoints/ervla_g_cam3d_cot05/results/libero-plus-4k-exact-v1/overall_results.json,True
starVLA,ervla_g_cam3d_cot05,CoT-trace,42,libero-plus-4k-exact-v1,libero-plus-4k-exact-v1/libero_10,libero_10,,1000,609,0.60900000,0.01543110,,/e/project1/m3/blank4/code/starVLA/playground/Checkpoints/ervla_g_cam3d_cot05/results/libero-plus-4k-exact-v1/libero_10/overall_results.json,False
starVLA,ervla_g_cam3d_cot05,CoT-trace,42,libero-plus-4k-exact-v1,libero-plus-4k-exact-v1/libero_goal,libero_goal,,1000,672,0.67200000,0.01484641,,/e/project1/m3/blank4/code/starVLA/playground/Checkpoints/ervla_g_cam3d_cot05/results/libero-plus-4k-exact-v1/libero_goal/overall_results.json,False
starVLA,ervla_g_cam3d_cot05,CoT-trace,42,libero-plus-4k-exact-v1,libero-plus-4k-exact-v1/libero_object,libero_object,,1000,771,0.77100000,0.01328755,,/e/project1/m3/blank4/code/starVLA/playground/Checkpoints/ervla_g_cam3d_cot05/results/libero-plus-4k-exact-v1/libero_object/overall_results.json,False
starVLA,ervla_g_cam3d_cot05,CoT-trace,42,libero-plus-4k-exact-v1,libero-plus-4k-exact-v1/libero_spatial,libero_spatial,,1000,741,0.74100000,0.01385348,,/e/project1/m3/blank4/code/starVLA/playground/Checkpoints/ervla_g_cam3d_cot05/results/libero-plus-4k-exact-v1/libero_spatial/overall_results.json,False
starVLA,ervla_g_cross_only,other,42,libero-plus-4k-exact-v1,libero-plus-4k-exact-v1,libero_10,,1000,630,0.63000000,0.01526761,,/e/project1/m3/blank4/code/starVLA/playground/Checkpoints/ervla_g_cross_only/results/libero-plus-4k-exact-v1/overall_results.json,True
starVLA,ervla_g_cross_only,other,42,libero-plus-4k-exact-v1,libero-plus-4k-exact-v1,libero_goal,,1000,665,0.66500000,0.01492565,,/e/project1/m3/blank4/code/starVLA/playground/Checkpoints/ervla_g_cross_only/results/libero-plus-4k-exact-v1/overall_results.json,True
starVLA,ervla_g_cross_only,other,42,libero-plus-4k-exact-v1,libero-plus-4k-exact-v1,libero_object,,1000,760,0.76000000,0.01350555,,/e/project1/m3/blank4/code/starVLA/playground/Checkpoints/ervla_g_cross_only/results/libero-plus-4k-exact-v1/overall_results.json,True
starVLA,ervla_g_cross_only,other,42,libero-plus-4k-exact-v1,libero-plus-4k-exact-v1,libero_spatial,,1000,743,0.74300000,0.01381850,,/e/project1/m3/blank4/code/starVLA/playground/Checkpoints/ervla_g_cross_only/results/libero-plus-4k-exact-v1/overall_results.json,True
starVLA,ervla_g_cross_only,other,42,libero-plus-4k-exact-v1,libero-plus-4k-exact-v1/libero_10,libero_10,,1000,630,0.63000000,0.01526761,,/e/project1/m3/blank4/code/starVLA/playground/Checkpoints/ervla_g_cross_only/results/libero-plus-4k-exact-v1/libero_10/overall_results.json,False
starVLA,ervla_g_cross_only,other,42,libero-plus-4k-exact-v1,libero-plus-4k-exact-v1/libero_goal,libero_goal,,1000,665,0.66500000,0.01492565,,/e/project1/m3/blank4/code/starVLA/playground/Checkpoints/ervla_g_cross_only/results/libero-plus-4k-exact-v1/libero_goal/overall_results.json,False
starVLA,ervla_g_cross_only,other,42,libero-plus-4k-exact-v1,libero-plus-4k-exact-v1/libero_object,libero_object,,1000,760,0.76000000,0.01350555,,/e/project1/m3/blank4/code/starVLA/playground/Checkpoints/ervla_g_cross_only/results/libero-plus-4k-exact-v1/libero_object/overall_results.json,False
starVLA,ervla_g_cross_only,other,42,libero-plus-4k-exact-v1,libero-plus-4k-exact-v1/libero_spatial,libero_spatial,,1000,743,0.74300000,0.01381850,,/e/project1/m3/blank4/code/starVLA/playground/Checkpoints/ervla_g_cross_only/results/libero-plus-4k-exact-v1/libero_spatial/overall_results.json,False
starVLA,ervla_h_enc_choice_cam3d,other,42,libero-plus-4k-exact-v1,libero-plus-4k-exact-v1,libero_10,,1000,613,0.61300000,0.01540231,,/e/project1/m3/blank4/code/starVLA/playground/Checkpoints/ervla_h_enc_choice_cam3d/results/libero-plus-4k-exact-v1/overall_results.json,True
starVLA,ervla_h_enc_choice_cam3d,other,42,libero-plus-4k-exact-v1,libero-plus-4k-exact-v1,libero_goal,,1000,682,0.68200000,0.01472671,,/e/project1/m3/blank4/code/starVLA/playground/Checkpoints/ervla_h_enc_choice_cam3d/results/libero-plus-4k-exact-v1/overall_results.json,True
starVLA,ervla_h_enc_choice_cam3d,other,42,libero-plus-4k-exact-v1,libero-plus-4k-exact-v1,libero_object,,1000,773,0.77300000,0.01324655,,/e/project1/m3/blank4/code/starVLA/playground/Checkpoints/ervla_h_enc_choice_cam3d/results/libero-plus-4k-exact-v1/overall_results.json,True
starVLA,ervla_h_enc_choice_cam3d,other,42,libero-plus-4k-exact-v1,libero-plus-4k-exact-v1,libero_spatial,,1000,753,0.75300000,0.01363785,,/e/project1/m3/blank4/code/starVLA/playground/Checkpoints/ervla_h_enc_choice_cam3d/results/libero-plus-4k-exact-v1/overall_results.json,True
starVLA,ervla_h_enc_choice_cam3d,other,42,libero-plus-4k-exact-v1,libero-plus-4k-exact-v1/libero_10,libero_10,,1000,613,0.61300000,0.01540231,,/e/project1/m3/blank4/code/starVLA/playground/Checkpoints/ervla_h_enc_choice_cam3d/results/libero-plus-4k-exact-v1/libero_10/overall_results.json,False
starVLA,ervla_h_enc_choice_cam3d,other,42,libero-plus-4k-exact-v1,libero-plus-4k-exact-v1/libero_goal,libero_goal,,1000,682,0.68200000,0.01472671,,/e/project1/m3/blank4/code/starVLA/playground/Checkpoints/ervla_h_enc_choice_cam3d/results/libero-plus-4k-exact-v1/libero_goal/overall_results.json,False
starVLA,ervla_h_enc_choice_cam3d,other,42,libero-plus-4k-exact-v1,libero-plus-4k-exact-v1/libero_object,libero_object,,1000,773,0.77300000,0.01324655,,/e/project1/m3/blank4/code/starVLA/playground/Checkpoints/ervla_h_enc_choice_cam3d/results/libero-plus-4k-exact-v1/libero_object/overall_results.json,False
starVLA,ervla_h_enc_choice_cam3d,other,42,libero-plus-4k-exact-v1,libero-plus-4k-exact-v1/libero_spatial,libero_spatial,,1000,753,0.75300000,0.01363785,,/e/project1/m3/blank4/code/starVLA/playground/Checkpoints/ervla_h_enc_choice_cam3d/results/libero-plus-4k-exact-v1/libero_spatial/overall_results.json,False
starVLA,ervla_i_dec_choice_cam3d,other,42,libero-plus-4k-exact-v1,libero-plus-4k-exact-v1,libero_10,,1000,634,0.63400000,0.01523299,,/e/project1/m3/blank4/code/starVLA/playground/Checkpoints/ervla_i_dec_choice_cam3d/results/libero-plus-4k-exact-v1/overall_results.json,True
starVLA,ervla_i_dec_choice_cam3d,other,42,libero-plus-4k-exact-v1,libero-plus-4k-exact-v1,libero_goal,,1000,679,0.67900000,0.01476343,,/e/project1/m3/blank4/code/starVLA/playground/Checkpoints/ervla_i_dec_choice_cam3d/results/libero-plus-4k-exact-v1/overall_results.json,True
starVLA,ervla_i_dec_choice_cam3d,other,42,libero-plus-4k-exact-v1,libero-plus-4k-exact-v1,libero_object,,1000,782,0.78200000,0.01305665,,/e/project1/m3/blank4/code/starVLA/playground/Checkpoints/ervla_i_dec_choice_cam3d/results/libero-plus-4k-exact-v1/overall_results.json,True
starVLA,ervla_i_dec_choice_cam3d,other,42,libero-plus-4k-exact-v1,libero-plus-4k-exact-v1,libero_spatial,,1000,747,0.74700000,0.01374740,,/e/project1/m3/blank4/code/starVLA/playground/Checkpoints/ervla_i_dec_choice_cam3d/results/libero-plus-4k-exact-v1/overall_results.json,True
starVLA,ervla_i_dec_choice_cam3d,other,42,libero-plus-4k-exact-v1,libero-plus-4k-exact-v1/libero_10,libero_10,,1000,634,0.63400000,0.01523299,,/e/project1/m3/blank4/code/starVLA/playground/Checkpoints/ervla_i_dec_choice_cam3d/results/libero-plus-4k-exact-v1/libero_10/overall_results.json,False
starVLA,ervla_i_dec_choice_cam3d,other,42,libero-plus-4k-exact-v1,libero-plus-4k-exact-v1/libero_goal,libero_goal,,1000,679,0.67900000,0.01476343,,/e/project1/m3/blank4/code/starVLA/playground/Checkpoints/ervla_i_dec_choice_cam3d/results/libero-plus-4k-exact-v1/libero_goal/overall_results.json,False
starVLA,ervla_i_dec_choice_cam3d,other,42,libero-plus-4k-exact-v1,libero-plus-4k-exact-v1/libero_object,libero_object,,1000,782,0.78200000,0.01305665,,/e/project1/m3/blank4/code/starVLA/playground/Checkpoints/ervla_i_dec_choice_cam3d/results/libero-plus-4k-exact-v1/libero_object/overall_results.json,False
starVLA,ervla_i_dec_choice_cam3d,other,42,libero-plus-4k-exact-v1,libero-plus-4k-exact-v1/libero_spatial,libero_spatial,,1000,747,0.74700000,0.01374740,,/e/project1/m3/blank4/code/starVLA/playground/Checkpoints/ervla_i_dec_choice_cam3d/results/libero-plus-4k-exact-v1/libero_spatial/overall_results.json,False
starVLA,ervla_j_dec_choice_staged_cam3d,other,42,libero-plus-4k-exact-v1,libero-plus-4k-exact-v1,libero_10,,1000,637,0.63700000,0.01520628,,/e/project1/m3/blank4/code/starVLA/playground/Checkpoints/ervla_j_dec_choice_staged_cam3d/results/libero-plus-4k-exact-v1/overall_results.json,True
starVLA,ervla_j_dec_choice_staged_cam3d,other,42,libero-plus-4k-exact-v1,libero-plus-4k-exact-v1,libero_goal,,1000,624,0.62400000,0.01531744,,/e/project1/m3/blank4/code/starVLA/playground/Checkpoints/ervla_j_dec_choice_staged_cam3d/results/libero-plus-4k-exact-v1/overall_results.json,True
starVLA,ervla_j_dec_choice_staged_cam3d,other,42,libero-plus-4k-exact-v1,libero-plus-4k-exact-v1,libero_object,,1000,755,0.75500000,0.01360055,,/e/project1/m3/blank4/code/starVLA/playground/Checkpoints/ervla_j_dec_choice_staged_cam3d/results/libero-plus-4k-exact-v1/overall_results.json,True
starVLA,ervla_j_dec_choice_staged_cam3d,other,42,libero-plus-4k-exact-v1,libero-plus-4k-exact-v1,libero_spatial,,1000,712,0.71200000,0.01431978,,/e/project1/m3/blank4/code/starVLA/playground/Checkpoints/ervla_j_dec_choice_staged_cam3d/results/libero-plus-4k-exact-v1/overall_results.json,True
starVLA,ervla_j_dec_choice_staged_cam3d,other,42,libero-plus-4k-exact-v1,libero-plus-4k-exact-v1/libero_10,libero_10,,1000,637,0.63700000,0.01520628,,/e/project1/m3/blank4/code/starVLA/playground/Checkpoints/ervla_j_dec_choice_staged_cam3d/results/libero-plus-4k-exact-v1/libero_10/overall_results.json,False
starVLA,ervla_j_dec_choice_staged_cam3d,other,42,libero-plus-4k-exact-v1,libero-plus-4k-exact-v1/libero_goal,libero_goal,,1000,624,0.62400000,0.01531744,,/e/project1/m3/blank4/code/starVLA/playground/Checkpoints/ervla_j_dec_choice_staged_cam3d/results/libero-plus-4k-exact-v1/libero_goal/overall_results.json,False
starVLA,ervla_j_dec_choice_staged_cam3d,other,42,libero-plus-4k-exact-v1,libero-plus-4k-exact-v1/libero_object,libero_object,,1000,755,0.75500000,0.01360055,,/e/project1/m3/blank4/code/starVLA/playground/Checkpoints/ervla_j_dec_choice_staged_cam3d/results/libero-plus-4k-exact-v1/libero_object/overall_results.json,False
starVLA,ervla_j_dec_choice_staged_cam3d,other,42,libero-plus-4k-exact-v1,libero-plus-4k-exact-v1/libero_spatial,libero_spatial,,1000,712,0.71200000,0.01431978,,/e/project1/m3/blank4/code/starVLA/playground/Checkpoints/ervla_j_dec_choice_staged_cam3d/results/libero-plus-4k-exact-v1/libero_spatial/overall_results.json,False
starVLA,ervla_k_pi_cam3d_cot05_masked,CoT-trace,42,libero-plus-4k-exact-v1,libero-plus-4k-exact-v1,libero_10,,1000,687,0.68700000,0.01466394,,/e/project1/m3/blank4/code/starVLA/playground/Checkpoints/ervla_k_pi_cam3d_cot05_masked/results/libero-plus-4k-exact-v1/overall_results.json,True
starVLA,ervla_k_pi_cam3d_cot05_masked,CoT-trace,42,libero-plus-4k-exact-v1,libero-plus-4k-exact-v1,libero_goal,,1000,756,0.75600000,0.01358175,,/e/project1/m3/blank4/code/starVLA/playground/Checkpoints/ervla_k_pi_cam3d_cot05_masked/results/libero-plus-4k-exact-v1/overall_results.json,True
starVLA,ervla_k_pi_cam3d_cot05_masked,CoT-trace,42,libero-plus-4k-exact-v1,libero-plus-4k-exact-v1,libero_object,,1000,817,0.81700000,0.01222747,,/e/project1/m3/blank4/code/starVLA/playground/Checkpoints/ervla_k_pi_cam3d_cot05_masked/results/libero-plus-4k-exact-v1/overall_results.json,True
starVLA,ervla_k_pi_cam3d_cot05_masked,CoT-trace,42,libero-plus-4k-exact-v1,libero-plus-4k-exact-v1,libero_spatial,,1000,814,0.81400000,0.01230463,,/e/project1/m3/blank4/code/starVLA/playground/Checkpoints/ervla_k_pi_cam3d_cot05_masked/results/libero-plus-4k-exact-v1/overall_results.json,True
starVLA,ervla_k_pi_cam3d_cot05_masked,CoT-trace,42,libero-plus-4k-exact-v1,libero-plus-4k-exact-v1/libero_10,libero_10,,1000,687,0.68700000,0.01466394,,/e/project1/m3/blank4/code/starVLA/playground/Checkpoints/ervla_k_pi_cam3d_cot05_masked/results/libero-plus-4k-exact-v1/libero_10/overall_results.json,False
starVLA,ervla_k_pi_cam3d_cot05_masked,CoT-trace,42,libero-plus-4k-exact-v1,libero-plus-4k-exact-v1/libero_goal,libero_goal,,1000,756,0.75600000,0.01358175,,/e/project1/m3/blank4/code/starVLA/playground/Checkpoints/ervla_k_pi_cam3d_cot05_masked/results/libero-plus-4k-exact-v1/libero_goal/overall_results.json,False
starVLA,ervla_k_pi_cam3d_cot05_masked,CoT-trace,42,libero-plus-4k-exact-v1,libero-plus-4k-exact-v1/libero_object,libero_object,,1000,817,0.81700000,0.01222747,,/e/project1/m3/blank4/code/starVLA/playground/Checkpoints/ervla_k_pi_cam3d_cot05_masked/results/libero-plus-4k-exact-v1/libero_object/overall_results.json,False
starVLA,ervla_k_pi_cam3d_cot05_masked,CoT-trace,42,libero-plus-4k-exact-v1,libero-plus-4k-exact-v1/libero_spatial,libero_spatial,,1000,814,0.81400000,0.01230463,,/e/project1/m3/blank4/code/starVLA/playground/Checkpoints/ervla_k_pi_cam3d_cot05_masked/results/libero-plus-4k-exact-v1/libero_spatial/overall_results.json,False
starVLA,ervla_k_pi_cam3d_cot05_masked_seed43,CoT-trace,43,libero-plus-4k-exact-v1,libero-plus-4k-exact-v1,libero_10,,1000,661,0.66100000,0.01496927,,/e/project1/m3/blank4/code/starVLA/playground/Checkpoints/ervla_k_pi_cam3d_cot05_masked_seed43/results/libero-plus-4k-exact-v1/overall_results.json,True
starVLA,ervla_k_pi_cam3d_cot05_masked_seed43,CoT-trace,43,libero-plus-4k-exact-v1,libero-plus-4k-exact-v1,libero_goal,,1000,712,0.71200000,0.01431978,,/e/project1/m3/blank4/code/starVLA/playground/Checkpoints/ervla_k_pi_cam3d_cot05_masked_seed43/results/libero-plus-4k-exact-v1/overall_results.json,True
starVLA,ervla_k_pi_cam3d_cot05_masked_seed43,CoT-trace,43,libero-plus-4k-exact-v1,libero-plus-4k-exact-v1,libero_object,,1000,829,0.82900000,0.01190626,,/e/project1/m3/blank4/code/starVLA/playground/Checkpoints/ervla_k_pi_cam3d_cot05_masked_seed43/results/libero-plus-4k-exact-v1/overall_results.json,True
starVLA,ervla_k_pi_cam3d_cot05_masked_seed43,CoT-trace,43,libero-plus-4k-exact-v1,libero-plus-4k-exact-v1,libero_spatial,,1000,765,0.76500000,0.01340802,,/e/project1/m3/blank4/code/starVLA/playground/Checkpoints/ervla_k_pi_cam3d_cot05_masked_seed43/results/libero-plus-4k-exact-v1/overall_results.json,True
starVLA,ervla_k_pi_cam3d_cot05_masked_seed43,CoT-trace,43,libero-plus-4k-exact-v1,libero-plus-4k-exact-v1/libero_10,libero_10,,1000,661,0.66100000,0.01496927,,/e/project1/m3/blank4/code/starVLA/playground/Checkpoints/ervla_k_pi_cam3d_cot05_masked_seed43/results/libero-plus-4k-exact-v1/libero_10/overall_results.json,False
starVLA,ervla_k_pi_cam3d_cot05_masked_seed43,CoT-trace,43,libero-plus-4k-exact-v1,libero-plus-4k-exact-v1/libero_goal,libero_goal,,1000,712,0.71200000,0.01431978,,/e/project1/m3/blank4/code/starVLA/playground/Checkpoints/ervla_k_pi_cam3d_cot05_masked_seed43/results/libero-plus-4k-exact-v1/libero_goal/overall_results.json,False
starVLA,ervla_k_pi_cam3d_cot05_masked_seed43,CoT-trace,43,libero-plus-4k-exact-v1,libero-plus-4k-exact-v1/libero_object,libero_object,,1000,829,0.82900000,0.01190626,,/e/project1/m3/blank4/code/starVLA/playground/Checkpoints/ervla_k_pi_cam3d_cot05_masked_seed43/results/libero-plus-4k-exact-v1/libero_object/overall_results.json,False
starVLA,ervla_k_pi_cam3d_cot05_masked_seed43,CoT-trace,43,libero-plus-4k-exact-v1,libero-plus-4k-exact-v1/libero_spatial,libero_spatial,,1000,765,0.76500000,0.01340802,,/e/project1/m3/blank4/code/starVLA/playground/Checkpoints/ervla_k_pi_cam3d_cot05_masked_seed43/results/libero-plus-4k-exact-v1/libero_spatial/overall_results.json,False
starVLA,ervla_p_causal_pi_masked,causal,42,libero-plus-4k-exact-v1,libero-plus-4k-exact-v1,libero_10,,1000,627,0.62700000,0.01529284,,/e/project1/m3/blank4/code/starVLA/playground/Checkpoints/ervla_p_causal_pi_masked/results/libero-plus-4k-exact-v1/overall_results.json,True
starVLA,ervla_p_causal_pi_masked,causal,42,libero-plus-4k-exact-v1,libero-plus-4k-exact-v1,libero_goal,,1000,653,0.65300000,0.01505294,,/e/project1/m3/blank4/code/starVLA/playground/Checkpoints/ervla_p_causal_pi_masked/results/libero-plus-4k-exact-v1/overall_results.json,True
starVLA,ervla_p_causal_pi_masked,causal,42,libero-plus-4k-exact-v1,libero-plus-4k-exact-v1,libero_object,,1000,801,0.80100000,0.01262533,,/e/project1/m3/blank4/code/starVLA/playground/Checkpoints/ervla_p_causal_pi_masked/results/libero-plus-4k-exact-v1/overall_results.json,True
starVLA,ervla_p_causal_pi_masked,causal,42,libero-plus-4k-exact-v1,libero-plus-4k-exact-v1,libero_spatial,,1000,751,0.75100000,0.01367476,,/e/project1/m3/blank4/code/starVLA/playground/Checkpoints/ervla_p_causal_pi_masked/results/libero-plus-4k-exact-v1/overall_results.json,True
starVLA,ervla_p_causal_pi_masked,causal,42,libero-plus-4k-exact-v1,libero-plus-4k-exact-v1/libero_10,libero_10,,1000,627,0.62700000,0.01529284,,/e/project1/m3/blank4/code/starVLA/playground/Checkpoints/ervla_p_causal_pi_masked/results/libero-plus-4k-exact-v1/libero_10/overall_results.json,False
starVLA,ervla_p_causal_pi_masked,causal,42,libero-plus-4k-exact-v1,libero-plus-4k-exact-v1/libero_goal,libero_goal,,1000,653,0.65300000,0.01505294,,/e/project1/m3/blank4/code/starVLA/playground/Checkpoints/ervla_p_causal_pi_masked/results/libero-plus-4k-exact-v1/libero_goal/overall_results.json,False
starVLA,ervla_p_causal_pi_masked,causal,42,libero-plus-4k-exact-v1,libero-plus-4k-exact-v1/libero_object,libero_object,,1000,801,0.80100000,0.01262533,,/e/project1/m3/blank4/code/starVLA/playground/Checkpoints/ervla_p_causal_pi_masked/results/libero-plus-4k-exact-v1/libero_object/overall_results.json,False
starVLA,ervla_p_causal_pi_masked,causal,42,libero-plus-4k-exact-v1,libero-plus-4k-exact-v1/libero_spatial,libero_spatial,,1000,751,0.75100000,0.01367476,,/e/project1/m3/blank4/code/starVLA/playground/Checkpoints/ervla_p_causal_pi_masked/results/libero-plus-4k-exact-v1/libero_spatial/overall_results.json,False
starVLA,ervla_u_pi_layerwise_decoder_cot,CoT-trace,42,libero-plus-4k-exact-v1,libero-plus-4k-exact-v1,libero_10,,1000,675,0.67500000,0.01481131,,/e/project1/m3/blank4/code/starVLA/playground/Checkpoints/ervla_u_pi_layerwise_decoder_cot/results/libero-plus-4k-exact-v1/overall_results.json,True
starVLA,ervla_u_pi_layerwise_decoder_cot,CoT-trace,42,libero-plus-4k-exact-v1,libero-plus-4k-exact-v1,libero_goal,,1000,767,0.76700000,0.01336828,,/e/project1/m3/blank4/code/starVLA/playground/Checkpoints/ervla_u_pi_layerwise_decoder_cot/results/libero-plus-4k-exact-v1/overall_results.json,True
starVLA,ervla_u_pi_layerwise_decoder_cot,CoT-trace,42,libero-plus-4k-exact-v1,libero-plus-4k-exact-v1,libero_object,,1000,804,0.80400000,0.01255325,,/e/project1/m3/blank4/code/starVLA/playground/Checkpoints/ervla_u_pi_layerwise_decoder_cot/results/libero-plus-4k-exact-v1/overall_results.json,True
starVLA,ervla_u_pi_layerwise_decoder_cot,CoT-trace,42,libero-plus-4k-exact-v1,libero-plus-4k-exact-v1,libero_spatial,,1000,793,0.79300000,0.01281214,,/e/project1/m3/blank4/code/starVLA/playground/Checkpoints/ervla_u_pi_layerwise_decoder_cot/results/libero-plus-4k-exact-v1/overall_results.json,True
starVLA,ervla_u_pi_layerwise_decoder_cot,CoT-trace,42,libero-plus-4k-exact-v1,libero-plus-4k-exact-v1/libero_10,libero_10,,1000,675,0.67500000,0.01481131,,/e/project1/m3/blank4/code/starVLA/playground/Checkpoints/ervla_u_pi_layerwise_decoder_cot/results/libero-plus-4k-exact-v1/libero_10/overall_results.json,False
starVLA,ervla_u_pi_layerwise_decoder_cot,CoT-trace,42,libero-plus-4k-exact-v1,libero-plus-4k-exact-v1/libero_goal,libero_goal,,1000,767,0.76700000,0.01336828,,/e/project1/m3/blank4/code/starVLA/playground/Checkpoints/ervla_u_pi_layerwise_decoder_cot/results/libero-plus-4k-exact-v1/libero_goal/overall_results.json,False
starVLA,ervla_u_pi_layerwise_decoder_cot,CoT-trace,42,libero-plus-4k-exact-v1,libero-plus-4k-exact-v1/libero_object,libero_object,,1000,804,0.80400000,0.01255325,,/e/project1/m3/blank4/code/starVLA/playground/Checkpoints/ervla_u_pi_layerwise_decoder_cot/results/libero-plus-4k-exact-v1/libero_object/overall_results.json,False
starVLA,ervla_u_pi_layerwise_decoder_cot,CoT-trace,42,libero-plus-4k-exact-v1,libero-plus-4k-exact-v1/libero_spatial,libero_spatial,,1000,793,0.79300000,0.01281214,,/e/project1/m3/blank4/code/starVLA/playground/Checkpoints/ervla_u_pi_layerwise_decoder_cot/results/libero-plus-4k-exact-v1/libero_spatial/overall_results.json,False
starVLA,ervla_w_pi_encoder_actiononly,encoder,42,libero-plus-4k-exact-v1,libero-plus-4k-exact-v1,libero_10,,1000,690,0.69000000,0.01462532,,/e/project1/m3/blank4/code/starVLA/playground/Checkpoints/ervla_w_pi_encoder_actiononly/results/libero-plus-4k-exact-v1/overall_results.json,True
starVLA,ervla_w_pi_encoder_actiononly,encoder,42,libero-plus-4k-exact-v1,libero-plus-4k-exact-v1,libero_goal,,1000,744,0.74400000,0.01380087,,/e/project1/m3/blank4/code/starVLA/playground/Checkpoints/ervla_w_pi_encoder_actiononly/results/libero-plus-4k-exact-v1/overall_results.json,True
starVLA,ervla_w_pi_encoder_actiononly,encoder,42,libero-plus-4k-exact-v1,libero-plus-4k-exact-v1,libero_object,,1000,832,0.83200000,0.01182269,,/e/project1/m3/blank4/code/starVLA/playground/Checkpoints/ervla_w_pi_encoder_actiononly/results/libero-plus-4k-exact-v1/overall_results.json,True
starVLA,ervla_w_pi_encoder_actiononly,encoder,42,libero-plus-4k-exact-v1,libero-plus-4k-exact-v1,libero_spatial,,1000,791,0.79100000,0.01285764,,/e/project1/m3/blank4/code/starVLA/playground/Checkpoints/ervla_w_pi_encoder_actiononly/results/libero-plus-4k-exact-v1/overall_results.json,True
starVLA,ervla_w_pi_encoder_actiononly,encoder,42,libero-plus-4k-exact-v1,libero-plus-4k-exact-v1/libero_10,libero_10,,1000,690,0.69000000,0.01462532,,/e/project1/m3/blank4/code/starVLA/playground/Checkpoints/ervla_w_pi_encoder_actiononly/results/libero-plus-4k-exact-v1/libero_10/overall_results.json,False
starVLA,ervla_w_pi_encoder_actiononly,encoder,42,libero-plus-4k-exact-v1,libero-plus-4k-exact-v1/libero_goal,libero_goal,,1000,744,0.74400000,0.01380087,,/e/project1/m3/blank4/code/starVLA/playground/Checkpoints/ervla_w_pi_encoder_actiononly/results/libero-plus-4k-exact-v1/libero_goal/overall_results.json,False
starVLA,ervla_w_pi_encoder_actiononly,encoder,42,libero-plus-4k-exact-v1,libero-plus-4k-exact-v1/libero_object,libero_object,,1000,832,0.83200000,0.01182269,,/e/project1/m3/blank4/code/starVLA/playground/Checkpoints/ervla_w_pi_encoder_actiononly/results/libero-plus-4k-exact-v1/libero_object/overall_results.json,False
starVLA,ervla_w_pi_encoder_actiononly,encoder,42,libero-plus-4k-exact-v1,libero-plus-4k-exact-v1/libero_spatial,libero_spatial,,1000,791,0.79100000,0.01285764,,/e/project1/m3/blank4/code/starVLA/playground/Checkpoints/ervla_w_pi_encoder_actiononly/results/libero-plus-4k-exact-v1/libero_spatial/overall_results.json,False
starVLA,ervla_k_pi_cam3d_cot05,CoT-trace,42,libero-plus-maskfix,libero-plus-maskfix,libero_10,,64,9,0.14062500,0.04345429,,/e/project1/m3/blank4/code/starVLA/playground/Checkpoints/ervla_k_pi_cam3d_cot05/results/libero-plus-maskfix/overall_results.json,False
starVLA,ervla_k_pi_cam3d_cot05,CoT-trace,42,libero-plus-maskfix,libero-plus-maskfix,libero_goal,,64,6,0.09375000,0.03643507,,/e/project1/m3/blank4/code/starVLA/playground/Checkpoints/ervla_k_pi_cam3d_cot05/results/libero-plus-maskfix/overall_results.json,False
starVLA,ervla_k_pi_cam3d_cot05,CoT-trace,42,libero-plus-maskfix,libero-plus-maskfix,libero_object,,64,19,0.29687500,0.05711012,,/e/project1/m3/blank4/code/starVLA/playground/Checkpoints/ervla_k_pi_cam3d_cot05/results/libero-plus-maskfix/overall_results.json,False
starVLA,ervla_k_pi_cam3d_cot05,CoT-trace,42,libero-plus-maskfix,libero-plus-maskfix,libero_spatial,,64,18,0.28125000,0.05620115,,/e/project1/m3/blank4/code/starVLA/playground/Checkpoints/ervla_k_pi_cam3d_cot05/results/libero-plus-maskfix/overall_results.json,False
starVLA,ervla_k_pi_cam3d_cot05,CoT-trace,42,libero-plus-maskfix,libero-plus-maskfix/libero_10,libero_10,,64,9,0.14062500,0.04345429,,/e/project1/m3/blank4/code/starVLA/playground/Checkpoints/ervla_k_pi_cam3d_cot05/results/libero-plus-maskfix/libero_10/overall_results.json,False
starVLA,ervla_k_pi_cam3d_cot05,CoT-trace,42,libero-plus-maskfix,libero-plus-maskfix/libero_goal,libero_goal,,64,6,0.09375000,0.03643507,,/e/project1/m3/blank4/code/starVLA/playground/Checkpoints/ervla_k_pi_cam3d_cot05/results/libero-plus-maskfix/libero_goal/overall_results.json,False
starVLA,ervla_k_pi_cam3d_cot05,CoT-trace,42,libero-plus-maskfix,libero-plus-maskfix/libero_object,libero_object,,64,19,0.29687500,0.05711012,,/e/project1/m3/blank4/code/starVLA/playground/Checkpoints/ervla_k_pi_cam3d_cot05/results/libero-plus-maskfix/libero_object/overall_results.json,False
starVLA,ervla_k_pi_cam3d_cot05,CoT-trace,42,libero-plus-maskfix,libero-plus-maskfix/libero_spatial,libero_spatial,,64,18,0.28125000,0.05620115,,/e/project1/m3/blank4/code/starVLA/playground/Checkpoints/ervla_k_pi_cam3d_cot05/results/libero-plus-maskfix/libero_spatial/overall_results.json,False
starVLA,libero_plus_qwen08b_gr00t_cot_trace_ours_v3_cotw01_promptonly_eval,CoT-trace,1234,libero-plus-promptonly-exact4k-v1,libero-plus-promptonly-exact4k-v1,libero_10,,1000,786,0.78600000,0.01296935,,/e/project1/m3/blank4/code/starVLA/playground/Checkpoints/libero_plus_qwen08b_gr00t_cot_trace_ours_v3_cotw01_promptonly_eval/results/libero-plus-promptonly-exact4k-v1/overall_results.json,True
starVLA,libero_plus_qwen08b_gr00t_cot_trace_ours_v3_cotw01_promptonly_eval,CoT-trace,1234,libero-plus-promptonly-exact4k-v1,libero-plus-promptonly-exact4k-v1,libero_goal,,1000,774,0.77400000,0.01322588,,/e/project1/m3/blank4/code/starVLA/playground/Checkpoints/libero_plus_qwen08b_gr00t_cot_trace_ours_v3_cotw01_promptonly_eval/results/libero-plus-promptonly-exact4k-v1/overall_results.json,True
starVLA,libero_plus_qwen08b_gr00t_cot_trace_ours_v3_cotw01_promptonly_eval,CoT-trace,1234,libero-plus-promptonly-exact4k-v1,libero-plus-promptonly-exact4k-v1,libero_object,,1000,867,0.86700000,0.01073830,,/e/project1/m3/blank4/code/starVLA/playground/Checkpoints/libero_plus_qwen08b_gr00t_cot_trace_ours_v3_cotw01_promptonly_eval/results/libero-plus-promptonly-exact4k-v1/overall_results.json,True
starVLA,libero_plus_qwen08b_gr00t_cot_trace_ours_v3_cotw01_promptonly_eval,CoT-trace,1234,libero-plus-promptonly-exact4k-v1,libero-plus-promptonly-exact4k-v1,libero_spatial,,1000,857,0.85700000,0.01107028,,/e/project1/m3/blank4/code/starVLA/playground/Checkpoints/libero_plus_qwen08b_gr00t_cot_trace_ours_v3_cotw01_promptonly_eval/results/libero-plus-promptonly-exact4k-v1/overall_results.json,True
starVLA,libero_plus_qwen08b_gr00t_cot_trace_ours_v3_cotw01_promptonly_eval,CoT-trace,1234,libero-plus-promptonly-exact4k-v1,libero-plus-promptonly-exact4k-v1/libero_10,libero_10,,1000,786,0.78600000,0.01296935,,/e/project1/m3/blank4/code/starVLA/playground/Checkpoints/libero_plus_qwen08b_gr00t_cot_trace_ours_v3_cotw01_promptonly_eval/results/libero-plus-promptonly-exact4k-v1/libero_10/overall_results.json,False
starVLA,libero_plus_qwen08b_gr00t_cot_trace_ours_v3_cotw01_promptonly_eval,CoT-trace,1234,libero-plus-promptonly-exact4k-v1,libero-plus-promptonly-exact4k-v1/libero_goal,libero_goal,,1000,774,0.77400000,0.01322588,,/e/project1/m3/blank4/code/starVLA/playground/Checkpoints/libero_plus_qwen08b_gr00t_cot_trace_ours_v3_cotw01_promptonly_eval/results/libero-plus-promptonly-exact4k-v1/libero_goal/overall_results.json,False
starVLA,libero_plus_qwen08b_gr00t_cot_trace_ours_v3_cotw01_promptonly_eval,CoT-trace,1234,libero-plus-promptonly-exact4k-v1,libero-plus-promptonly-exact4k-v1/libero_object,libero_object,,1000,867,0.86700000,0.01073830,,/e/project1/m3/blank4/code/starVLA/playground/Checkpoints/libero_plus_qwen08b_gr00t_cot_trace_ours_v3_cotw01_promptonly_eval/results/libero-plus-promptonly-exact4k-v1/libero_object/overall_results.json,False
starVLA,libero_plus_qwen08b_gr00t_cot_trace_ours_v3_cotw01_promptonly_eval,CoT-trace,1234,libero-plus-promptonly-exact4k-v1,libero-plus-promptonly-exact4k-v1/libero_spatial,libero_spatial,,1000,857,0.85700000,0.01107028,,/e/project1/m3/blank4/code/starVLA/playground/Checkpoints/libero_plus_qwen08b_gr00t_cot_trace_ours_v3_cotw01_promptonly_eval/results/libero-plus-promptonly-exact4k-v1/libero_spatial/overall_results.json,False
starVLA,ervla_z3_pi_w32_anchor_tied_dynamics,other,42,libero-plus-r2,libero-plus-r2,libero_10,,64,45,0.70312500,0.05711012,,/e/project1/m3/blank4/code/starVLA/playground/Checkpoints/ervla_z3_pi_w32_anchor_tied_dynamics/results/libero-plus-r2/overall_results.json,False
starVLA,ervla_z3_pi_w32_anchor_tied_dynamics,other,42,libero-plus-r2,libero-plus-r2,libero_goal,,64,43,0.67187500,0.05869133,,/e/project1/m3/blank4/code/starVLA/playground/Checkpoints/ervla_z3_pi_w32_anchor_tied_dynamics/results/libero-plus-r2/overall_results.json,False
starVLA,ervla_z3_pi_w32_anchor_tied_dynamics,other,42,libero-plus-r2,libero-plus-r2,libero_object,,64,52,0.81250000,0.04878905,,/e/project1/m3/blank4/code/starVLA/playground/Checkpoints/ervla_z3_pi_w32_anchor_tied_dynamics/results/libero-plus-r2/overall_results.json,False
starVLA,ervla_z3_pi_w32_anchor_tied_dynamics,other,42,libero-plus-r2,libero-plus-r2,libero_spatial,,64,49,0.76562500,0.05295094,,/e/project1/m3/blank4/code/starVLA/playground/Checkpoints/ervla_z3_pi_w32_anchor_tied_dynamics/results/libero-plus-r2/overall_results.json,False
starVLA,ervla_z3_pi_w32_anchor_tied_dynamics,other,42,libero-plus-r2,libero-plus-r2/libero_10,libero_10,,64,45,0.70312500,0.05711012,,/e/project1/m3/blank4/code/starVLA/playground/Checkpoints/ervla_z3_pi_w32_anchor_tied_dynamics/results/libero-plus-r2/libero_10/overall_results.json,False
starVLA,ervla_z3_pi_w32_anchor_tied_dynamics,other,42,libero-plus-r2,libero-plus-r2/libero_goal,libero_goal,,64,43,0.67187500,0.05869133,,/e/project1/m3/blank4/code/starVLA/playground/Checkpoints/ervla_z3_pi_w32_anchor_tied_dynamics/results/libero-plus-r2/libero_goal/overall_results.json,False
starVLA,ervla_z3_pi_w32_anchor_tied_dynamics,other,42,libero-plus-r2,libero-plus-r2/libero_object,libero_object,,64,52,0.81250000,0.04878905,,/e/project1/m3/blank4/code/starVLA/playground/Checkpoints/ervla_z3_pi_w32_anchor_tied_dynamics/results/libero-plus-r2/libero_object/overall_results.json,False
starVLA,ervla_z3_pi_w32_anchor_tied_dynamics,other,42,libero-plus-r2,libero-plus-r2/libero_spatial,libero_spatial,,64,49,0.76562500,0.05295094,,/e/project1/m3/blank4/code/starVLA/playground/Checkpoints/ervla_z3_pi_w32_anchor_tied_dynamics/results/libero-plus-r2/libero_spatial/overall_results.json,False
starVLA,ervla_r_pi_split18_base_cot,CoT-trace,42,libero-plus-retry-clean,libero-plus-retry-clean,libero_10,,64,38,0.59375000,0.06139154,,/e/project1/m3/blank4/code/starVLA/playground/Checkpoints/ervla_r_pi_split18_base_cot/results/libero-plus-retry-clean/overall_results.json,False
starVLA,ervla_r_pi_split18_base_cot,CoT-trace,42,libero-plus-retry-clean,libero-plus-retry-clean,libero_goal,,64,39,0.60937500,0.06098631,,/e/project1/m3/blank4/code/starVLA/playground/Checkpoints/ervla_r_pi_split18_base_cot/results/libero-plus-retry-clean/overall_results.json,False
starVLA,ervla_r_pi_split18_base_cot,CoT-trace,42,libero-plus-retry-clean,libero-plus-retry-clean,libero_object,,64,50,0.78125000,0.05167483,,/e/project1/m3/blank4/code/starVLA/playground/Checkpoints/ervla_r_pi_split18_base_cot/results/libero-plus-retry-clean/overall_results.json,False
starVLA,ervla_r_pi_split18_base_cot,CoT-trace,42,libero-plus-retry-clean,libero-plus-retry-clean,libero_spatial,,64,45,0.70312500,0.05711012,,/e/project1/m3/blank4/code/starVLA/playground/Checkpoints/ervla_r_pi_split18_base_cot/results/libero-plus-retry-clean/overall_results.json,False
starVLA,ervla_r_pi_split18_base_cot,CoT-trace,42,libero-plus-retry-clean,libero-plus-retry-clean/libero_10,libero_10,,64,38,0.59375000,0.06139154,,/e/project1/m3/blank4/code/starVLA/playground/Checkpoints/ervla_r_pi_split18_base_cot/results/libero-plus-retry-clean/libero_10/overall_results.json,False
starVLA,ervla_r_pi_split18_base_cot,CoT-trace,42,libero-plus-retry-clean,libero-plus-retry-clean/libero_goal,libero_goal,,64,39,0.60937500,0.06098631,,/e/project1/m3/blank4/code/starVLA/playground/Checkpoints/ervla_r_pi_split18_base_cot/results/libero-plus-retry-clean/libero_goal/overall_results.json,False
starVLA,ervla_r_pi_split18_base_cot,CoT-trace,42,libero-plus-retry-clean,libero-plus-retry-clean/libero_object,libero_object,,64,50,0.78125000,0.05167483,,/e/project1/m3/blank4/code/starVLA/playground/Checkpoints/ervla_r_pi_split18_base_cot/results/libero-plus-retry-clean/libero_object/overall_results.json,False
starVLA,ervla_r_pi_split18_base_cot,CoT-trace,42,libero-plus-retry-clean,libero-plus-retry-clean/libero_spatial,libero_spatial,,64,45,0.70312500,0.05711012,,/e/project1/m3/blank4/code/starVLA/playground/Checkpoints/ervla_r_pi_split18_base_cot/results/libero-plus-retry-clean/libero_spatial/overall_results.json,False
starVLA,ervla_k2_pi_cam3d_cot05_pifix_latent32,CoT-trace,42,libero-plus-step10000-sampled256,libero-plus-step10000-sampled256,libero_10,,64,31,0.48437500,0.06246947,,/e/project1/m3/blank4/code/starVLA/playground/Checkpoints/ervla_k2_pi_cam3d_cot05_pifix_latent32/results/libero-plus-step10000-sampled256/overall_results.json,False
starVLA,ervla_k2_pi_cam3d_cot05_pifix_latent32,CoT-trace,42,libero-plus-step10000-sampled256,libero-plus-step10000-sampled256,libero_goal,,64,41,0.64062500,0.05997716,,/e/project1/m3/blank4/code/starVLA/playground/Checkpoints/ervla_k2_pi_cam3d_cot05_pifix_latent32/results/libero-plus-step10000-sampled256/overall_results.json,False
starVLA,ervla_k2_pi_cam3d_cot05_pifix_latent32,CoT-trace,42,libero-plus-step10000-sampled256,libero-plus-step10000-sampled256,libero_object,,64,46,0.71875000,0.05620115,,/e/project1/m3/blank4/code/starVLA/playground/Checkpoints/ervla_k2_pi_cam3d_cot05_pifix_latent32/results/libero-plus-step10000-sampled256/overall_results.json,False
starVLA,ervla_k2_pi_cam3d_cot05_pifix_latent32,CoT-trace,42,libero-plus-step10000-sampled256,libero-plus-step10000-sampled256,libero_spatial,,64,47,0.73437500,0.05520818,,/e/project1/m3/blank4/code/starVLA/playground/Checkpoints/ervla_k2_pi_cam3d_cot05_pifix_latent32/results/libero-plus-step10000-sampled256/overall_results.json,False
starVLA,ervla_k2_pi_cam3d_cot05_pifix_latent32,CoT-trace,42,libero-plus-step10000-sampled256,libero-plus-step10000-sampled256/libero_10,libero_10,,64,31,0.48437500,0.06246947,,/e/project1/m3/blank4/code/starVLA/playground/Checkpoints/ervla_k2_pi_cam3d_cot05_pifix_latent32/results/libero-plus-step10000-sampled256/libero_10/overall_results.json,False
starVLA,ervla_k2_pi_cam3d_cot05_pifix_latent32,CoT-trace,42,libero-plus-step10000-sampled256,libero-plus-step10000-sampled256/libero_goal,libero_goal,,64,41,0.64062500,0.05997716,,/e/project1/m3/blank4/code/starVLA/playground/Checkpoints/ervla_k2_pi_cam3d_cot05_pifix_latent32/results/libero-plus-step10000-sampled256/libero_goal/overall_results.json,False
starVLA,ervla_k2_pi_cam3d_cot05_pifix_latent32,CoT-trace,42,libero-plus-step10000-sampled256,libero-plus-step10000-sampled256/libero_object,libero_object,,64,46,0.71875000,0.05620115,,/e/project1/m3/blank4/code/starVLA/playground/Checkpoints/ervla_k2_pi_cam3d_cot05_pifix_latent32/results/libero-plus-step10000-sampled256/libero_object/overall_results.json,False
starVLA,ervla_k2_pi_cam3d_cot05_pifix_latent32,CoT-trace,42,libero-plus-step10000-sampled256,libero-plus-step10000-sampled256/libero_spatial,libero_spatial,,64,47,0.73437500,0.05520818,,/e/project1/m3/blank4/code/starVLA/playground/Checkpoints/ervla_k2_pi_cam3d_cot05_pifix_latent32/results/libero-plus-step10000-sampled256/libero_spatial/overall_results.json,False
starVLA,ervla_k2_pi_cam3d_cot05_pifix_nolatent,CoT-trace,42,libero-plus-step10000-sampled256,libero-plus-step10000-sampled256,libero_10,,64,30,0.46875000,0.06237781,,/e/project1/m3/blank4/code/starVLA/playground/Checkpoints/ervla_k2_pi_cam3d_cot05_pifix_nolatent/results/libero-plus-step10000-sampled256/overall_results.json,False
starVLA,ervla_k2_pi_cam3d_cot05_pifix_nolatent,CoT-trace,42,libero-plus-step10000-sampled256,libero-plus-step10000-sampled256,libero_goal,,64,42,0.65625000,0.05936986,,/e/project1/m3/blank4/code/starVLA/playground/Checkpoints/ervla_k2_pi_cam3d_cot05_pifix_nolatent/results/libero-plus-step10000-sampled256/overall_results.json,False
starVLA,ervla_k2_pi_cam3d_cot05_pifix_nolatent,CoT-trace,42,libero-plus-step10000-sampled256,libero-plus-step10000-sampled256,libero_object,,64,47,0.73437500,0.05520818,,/e/project1/m3/blank4/code/starVLA/playground/Checkpoints/ervla_k2_pi_cam3d_cot05_pifix_nolatent/results/libero-plus-step10000-sampled256/overall_results.json,False
starVLA,ervla_k2_pi_cam3d_cot05_pifix_nolatent,CoT-trace,42,libero-plus-step10000-sampled256,libero-plus-step10000-sampled256,libero_spatial,,64,50,0.78125000,0.05167483,,/e/project1/m3/blank4/code/starVLA/playground/Checkpoints/ervla_k2_pi_cam3d_cot05_pifix_nolatent/results/libero-plus-step10000-sampled256/overall_results.json,False
starVLA,ervla_k2_pi_cam3d_cot05_pifix_nolatent,CoT-trace,42,libero-plus-step10000-sampled256,libero-plus-step10000-sampled256/libero_10,libero_10,,64,30,0.46875000,0.06237781,,/e/project1/m3/blank4/code/starVLA/playground/Checkpoints/ervla_k2_pi_cam3d_cot05_pifix_nolatent/results/libero-plus-step10000-sampled256/libero_10/overall_results.json,False
starVLA,ervla_k2_pi_cam3d_cot05_pifix_nolatent,CoT-trace,42,libero-plus-step10000-sampled256,libero-plus-step10000-sampled256/libero_goal,libero_goal,,64,42,0.65625000,0.05936986,,/e/project1/m3/blank4/code/starVLA/playground/Checkpoints/ervla_k2_pi_cam3d_cot05_pifix_nolatent/results/libero-plus-step10000-sampled256/libero_goal/overall_results.json,False
starVLA,ervla_k2_pi_cam3d_cot05_pifix_nolatent,CoT-trace,42,libero-plus-step10000-sampled256,libero-plus-step10000-sampled256/libero_object,libero_object,,64,47,0.73437500,0.05520818,,/e/project1/m3/blank4/code/starVLA/playground/Checkpoints/ervla_k2_pi_cam3d_cot05_pifix_nolatent/results/libero-plus-step10000-sampled256/libero_object/overall_results.json,False
starVLA,ervla_k2_pi_cam3d_cot05_pifix_nolatent,CoT-trace,42,libero-plus-step10000-sampled256,libero-plus-step10000-sampled256/libero_spatial,libero_spatial,,64,50,0.78125000,0.05167483,,/e/project1/m3/blank4/code/starVLA/playground/Checkpoints/ervla_k2_pi_cam3d_cot05_pifix_nolatent/results/libero-plus-step10000-sampled256/libero_spatial/overall_results.json,False
starVLA,ervla_w2_pi_encoder_actiononly_pifix_latent32,encoder,42,libero-plus-step10000-sampled256,libero-plus-step10000-sampled256,libero_10,,64,29,0.45312500,0.06222474,,/e/project1/m3/blank4/code/starVLA/playground/Checkpoints/ervla_w2_pi_encoder_actiononly_pifix_latent32/results/libero-plus-step10000-sampled256/overall_results.json,False
starVLA,ervla_w2_pi_encoder_actiononly_pifix_latent32,encoder,42,libero-plus-step10000-sampled256,libero-plus-step10000-sampled256,libero_goal,,64,44,0.68750000,0.05793905,,/e/project1/m3/blank4/code/starVLA/playground/Checkpoints/ervla_w2_pi_encoder_actiononly_pifix_latent32/results/libero-plus-step10000-sampled256/overall_results.json,False
starVLA,ervla_w2_pi_encoder_actiononly_pifix_latent32,encoder,42,libero-plus-step10000-sampled256,libero-plus-step10000-sampled256,libero_object,,64,48,0.75000000,0.05412659,,/e/project1/m3/blank4/code/starVLA/playground/Checkpoints/ervla_w2_pi_encoder_actiononly_pifix_latent32/results/libero-plus-step10000-sampled256/overall_results.json,False
starVLA,ervla_w2_pi_encoder_actiononly_pifix_latent32,encoder,42,libero-plus-step10000-sampled256,libero-plus-step10000-sampled256,libero_spatial,,64,44,0.68750000,0.05793905,,/e/project1/m3/blank4/code/starVLA/playground/Checkpoints/ervla_w2_pi_encoder_actiononly_pifix_latent32/results/libero-plus-step10000-sampled256/overall_results.json,False
starVLA,ervla_w2_pi_encoder_actiononly_pifix_latent32,encoder,42,libero-plus-step10000-sampled256,libero-plus-step10000-sampled256/libero_10,libero_10,,64,29,0.45312500,0.06222474,,/e/project1/m3/blank4/code/starVLA/playground/Checkpoints/ervla_w2_pi_encoder_actiononly_pifix_latent32/results/libero-plus-step10000-sampled256/libero_10/overall_results.json,False
starVLA,ervla_w2_pi_encoder_actiononly_pifix_latent32,encoder,42,libero-plus-step10000-sampled256,libero-plus-step10000-sampled256/libero_goal,libero_goal,,64,44,0.68750000,0.05793905,,/e/project1/m3/blank4/code/starVLA/playground/Checkpoints/ervla_w2_pi_encoder_actiononly_pifix_latent32/results/libero-plus-step10000-sampled256/libero_goal/overall_results.json,False
starVLA,ervla_w2_pi_encoder_actiononly_pifix_latent32,encoder,42,libero-plus-step10000-sampled256,libero-plus-step10000-sampled256/libero_object,libero_object,,64,48,0.75000000,0.05412659,,/e/project1/m3/blank4/code/starVLA/playground/Checkpoints/ervla_w2_pi_encoder_actiononly_pifix_latent32/results/libero-plus-step10000-sampled256/libero_object/overall_results.json,False
starVLA,ervla_w2_pi_encoder_actiononly_pifix_latent32,encoder,42,libero-plus-step10000-sampled256,libero-plus-step10000-sampled256/libero_spatial,libero_spatial,,64,44,0.68750000,0.05793905,,/e/project1/m3/blank4/code/starVLA/playground/Checkpoints/ervla_w2_pi_encoder_actiononly_pifix_latent32/results/libero-plus-step10000-sampled256/libero_spatial/overall_results.json,False
starVLA,ervla_w2_pi_encoder_actiononly_pifix_nolatent,encoder,42,libero-plus-step10000-sampled256,libero-plus-step10000-sampled256,libero_10,,64,39,0.60937500,0.06098631,,/e/project1/m3/blank4/code/starVLA/playground/Checkpoints/ervla_w2_pi_encoder_actiononly_pifix_nolatent/results/libero-plus-step10000-sampled256/overall_results.json,False
starVLA,ervla_w2_pi_encoder_actiononly_pifix_nolatent,encoder,42,libero-plus-step10000-sampled256,libero-plus-step10000-sampled256,libero_goal,,64,43,0.67187500,0.05869133,,/e/project1/m3/blank4/code/starVLA/playground/Checkpoints/ervla_w2_pi_encoder_actiononly_pifix_nolatent/results/libero-plus-step10000-sampled256/overall_results.json,False
starVLA,ervla_w2_pi_encoder_actiononly_pifix_nolatent,encoder,42,libero-plus-step10000-sampled256,libero-plus-step10000-sampled256,libero_object,,64,52,0.81250000,0.04878905,,/e/project1/m3/blank4/code/starVLA/playground/Checkpoints/ervla_w2_pi_encoder_actiononly_pifix_nolatent/results/libero-plus-step10000-sampled256/overall_results.json,False
starVLA,ervla_w2_pi_encoder_actiononly_pifix_nolatent,encoder,42,libero-plus-step10000-sampled256,libero-plus-step10000-sampled256,libero_spatial,,64,50,0.78125000,0.05167483,,/e/project1/m3/blank4/code/starVLA/playground/Checkpoints/ervla_w2_pi_encoder_actiononly_pifix_nolatent/results/libero-plus-step10000-sampled256/overall_results.json,False
starVLA,ervla_w2_pi_encoder_actiononly_pifix_nolatent,encoder,42,libero-plus-step10000-sampled256,libero-plus-step10000-sampled256/libero_10,libero_10,,64,39,0.60937500,0.06098631,,/e/project1/m3/blank4/code/starVLA/playground/Checkpoints/ervla_w2_pi_encoder_actiononly_pifix_nolatent/results/libero-plus-step10000-sampled256/libero_10/overall_results.json,False
starVLA,ervla_w2_pi_encoder_actiononly_pifix_nolatent,encoder,42,libero-plus-step10000-sampled256,libero-plus-step10000-sampled256/libero_goal,libero_goal,,64,43,0.67187500,0.05869133,,/e/project1/m3/blank4/code/starVLA/playground/Checkpoints/ervla_w2_pi_encoder_actiononly_pifix_nolatent/results/libero-plus-step10000-sampled256/libero_goal/overall_results.json,False
starVLA,ervla_w2_pi_encoder_actiononly_pifix_nolatent,encoder,42,libero-plus-step10000-sampled256,libero-plus-step10000-sampled256/libero_object,libero_object,,64,52,0.81250000,0.04878905,,/e/project1/m3/blank4/code/starVLA/playground/Checkpoints/ervla_w2_pi_encoder_actiononly_pifix_nolatent/results/libero-plus-step10000-sampled256/libero_object/overall_results.json,False
starVLA,ervla_w2_pi_encoder_actiononly_pifix_nolatent,encoder,42,libero-plus-step10000-sampled256,libero-plus-step10000-sampled256/libero_spatial,libero_spatial,,64,50,0.78125000,0.05167483,,/e/project1/m3/blank4/code/starVLA/playground/Checkpoints/ervla_w2_pi_encoder_actiononly_pifix_nolatent/results/libero-plus-step10000-sampled256/libero_spatial/overall_results.json,False
starVLA,ervla_y2_pi_k_structaux15_cot,CoT-trace,42,libero-plus-step10000-sampled256,libero-plus-step10000-sampled256,libero_10,,64,40,0.62500000,0.06051536,,/e/project1/m3/blank4/code/starVLA/playground/Checkpoints/ervla_y2_pi_k_structaux15_cot/results/libero-plus-step10000-sampled256/overall_results.json,False
starVLA,ervla_y2_pi_k_structaux15_cot,CoT-trace,42,libero-plus-step10000-sampled256,libero-plus-step10000-sampled256,libero_goal,,64,47,0.73437500,0.05520818,,/e/project1/m3/blank4/code/starVLA/playground/Checkpoints/ervla_y2_pi_k_structaux15_cot/results/libero-plus-step10000-sampled256/overall_results.json,False
starVLA,ervla_y2_pi_k_structaux15_cot,CoT-trace,42,libero-plus-step10000-sampled256,libero-plus-step10000-sampled256,libero_object,,64,50,0.78125000,0.05167483,,/e/project1/m3/blank4/code/starVLA/playground/Checkpoints/ervla_y2_pi_k_structaux15_cot/results/libero-plus-step10000-sampled256/overall_results.json,False
starVLA,ervla_y2_pi_k_structaux15_cot,CoT-trace,42,libero-plus-step10000-sampled256,libero-plus-step10000-sampled256,libero_spatial,,64,42,0.65625000,0.05936986,,/e/project1/m3/blank4/code/starVLA/playground/Checkpoints/ervla_y2_pi_k_structaux15_cot/results/libero-plus-step10000-sampled256/overall_results.json,False
starVLA,ervla_y2_pi_k_structaux15_cot,CoT-trace,42,libero-plus-step10000-sampled256,libero-plus-step10000-sampled256/libero_10,libero_10,,64,40,0.62500000,0.06051536,,/e/project1/m3/blank4/code/starVLA/playground/Checkpoints/ervla_y2_pi_k_structaux15_cot/results/libero-plus-step10000-sampled256/libero_10/overall_results.json,False
starVLA,ervla_y2_pi_k_structaux15_cot,CoT-trace,42,libero-plus-step10000-sampled256,libero-plus-step10000-sampled256/libero_goal,libero_goal,,64,47,0.73437500,0.05520818,,/e/project1/m3/blank4/code/starVLA/playground/Checkpoints/ervla_y2_pi_k_structaux15_cot/results/libero-plus-step10000-sampled256/libero_goal/overall_results.json,False
starVLA,ervla_y2_pi_k_structaux15_cot,CoT-trace,42,libero-plus-step10000-sampled256,libero-plus-step10000-sampled256/libero_object,libero_object,,64,50,0.78125000,0.05167483,,/e/project1/m3/blank4/code/starVLA/playground/Checkpoints/ervla_y2_pi_k_structaux15_cot/results/libero-plus-step10000-sampled256/libero_object/overall_results.json,False
starVLA,ervla_y2_pi_k_structaux15_cot,CoT-trace,42,libero-plus-step10000-sampled256,libero-plus-step10000-sampled256/libero_spatial,libero_spatial,,64,42,0.65625000,0.05936986,,/e/project1/m3/blank4/code/starVLA/playground/Checkpoints/ervla_y2_pi_k_structaux15_cot/results/libero-plus-step10000-sampled256/libero_spatial/overall_results.json,False
starVLA,ervla_h_enc_choice_cam3d,other,42,libero-plus_attempts_1576237_1602118_1602165,libero-plus_attempts_1576237_1602118_1602165/libero_10,libero_10,,84,58,0.69047619,0.05044077,,/e/project1/m3/blank4/code/starVLA/playground/Checkpoints/ervla_h_enc_choice_cam3d/results/libero-plus_attempts_1576237_1602118_1602165/libero_10/overall_results.json,False
starVLA,ervla_j_dec_choice_staged_cam3d,other,42,libero-plus_attempts_1584473_1602121_1602167,libero-plus_attempts_1584473_1602121_1602167/libero_10,libero_10,,97,68,0.70103093,0.04648318,,/e/project1/m3/blank4/code/starVLA/playground/Checkpoints/ervla_j_dec_choice_staged_cam3d/results/libero-plus_attempts_1584473_1602121_1602167/libero_10/overall_results.json,False
starVLA,ervla_z3_pi_w32_anchor_tied_dynamics,other,42,libero-r2,libero-r2,libero_10,,100,90,0.90000000,0.03000000,,/e/project1/m3/blank4/code/starVLA/playground/Checkpoints/ervla_z3_pi_w32_anchor_tied_dynamics/results/libero-r2/overall_results.json,False
starVLA,ervla_z3_pi_w32_anchor_tied_dynamics,other,42,libero-r2,libero-r2,libero_goal,,100,100,1.00000000,0.00000000,,/e/project1/m3/blank4/code/starVLA/playground/Checkpoints/ervla_z3_pi_w32_anchor_tied_dynamics/results/libero-r2/overall_results.json,False
starVLA,ervla_z3_pi_w32_anchor_tied_dynamics,other,42,libero-r2,libero-r2,libero_object,,100,100,1.00000000,0.00000000,,/e/project1/m3/blank4/code/starVLA/playground/Checkpoints/ervla_z3_pi_w32_anchor_tied_dynamics/results/libero-r2/overall_results.json,False
starVLA,ervla_z3_pi_w32_anchor_tied_dynamics,other,42,libero-r2,libero-r2,libero_spatial,,100,93,0.93000000,0.02551470,,/e/project1/m3/blank4/code/starVLA/playground/Checkpoints/ervla_z3_pi_w32_anchor_tied_dynamics/results/libero-r2/overall_results.json,False
starVLA,ervla_k2_pi_cam3d_cot05_pifix_latent32,CoT-trace,42,libero-step10000,libero-step10000,libero_10,,100,69,0.69000000,0.04624932,,/e/project1/m3/blank4/code/starVLA/playground/Checkpoints/ervla_k2_pi_cam3d_cot05_pifix_latent32/results/libero-step10000/overall_results.json,False
starVLA,ervla_k2_pi_cam3d_cot05_pifix_latent32,CoT-trace,42,libero-step10000,libero-step10000,libero_goal,,100,85,0.85000000,0.03570714,,/e/project1/m3/blank4/code/starVLA/playground/Checkpoints/ervla_k2_pi_cam3d_cot05_pifix_latent32/results/libero-step10000/overall_results.json,False
starVLA,ervla_k2_pi_cam3d_cot05_pifix_latent32,CoT-trace,42,libero-step10000,libero-step10000,libero_object,,100,92,0.92000000,0.02712932,,/e/project1/m3/blank4/code/starVLA/playground/Checkpoints/ervla_k2_pi_cam3d_cot05_pifix_latent32/results/libero-step10000/overall_results.json,False
starVLA,ervla_k2_pi_cam3d_cot05_pifix_latent32,CoT-trace,42,libero-step10000,libero-step10000,libero_spatial,,100,94,0.94000000,0.02374868,,/e/project1/m3/blank4/code/starVLA/playground/Checkpoints/ervla_k2_pi_cam3d_cot05_pifix_latent32/results/libero-step10000/overall_results.json,False
starVLA,ervla_k2_pi_cam3d_cot05_pifix_nolatent,CoT-trace,42,libero-step10000,libero-step10000,libero_10,,100,66,0.66000000,0.04737088,,/e/project1/m3/blank4/code/starVLA/playground/Checkpoints/ervla_k2_pi_cam3d_cot05_pifix_nolatent/results/libero-step10000/overall_results.json,False
starVLA,ervla_k2_pi_cam3d_cot05_pifix_nolatent,CoT-trace,42,libero-step10000,libero-step10000,libero_goal,,100,91,0.91000000,0.02861818,,/e/project1/m3/blank4/code/starVLA/playground/Checkpoints/ervla_k2_pi_cam3d_cot05_pifix_nolatent/results/libero-step10000/overall_results.json,False
starVLA,ervla_k2_pi_cam3d_cot05_pifix_nolatent,CoT-trace,42,libero-step10000,libero-step10000,libero_object,,100,98,0.98000000,0.01400000,,/e/project1/m3/blank4/code/starVLA/playground/Checkpoints/ervla_k2_pi_cam3d_cot05_pifix_nolatent/results/libero-step10000/overall_results.json,False
starVLA,ervla_k2_pi_cam3d_cot05_pifix_nolatent,CoT-trace,42,libero-step10000,libero-step10000,libero_spatial,,100,94,0.94000000,0.02374868,,/e/project1/m3/blank4/code/starVLA/playground/Checkpoints/ervla_k2_pi_cam3d_cot05_pifix_nolatent/results/libero-step10000/overall_results.json,False
starVLA,ervla_w2_pi_encoder_actiononly_pifix_latent32,encoder,42,libero-step10000,libero-step10000,libero_10,,100,72,0.72000000,0.04489989,,/e/project1/m3/blank4/code/starVLA/playground/Checkpoints/ervla_w2_pi_encoder_actiononly_pifix_latent32/results/libero-step10000/overall_results.json,False
starVLA,ervla_w2_pi_encoder_actiononly_pifix_latent32,encoder,42,libero-step10000,libero-step10000,libero_goal,,100,82,0.82000000,0.03841875,,/e/project1/m3/blank4/code/starVLA/playground/Checkpoints/ervla_w2_pi_encoder_actiononly_pifix_latent32/results/libero-step10000/overall_results.json,False
starVLA,ervla_w2_pi_encoder_actiononly_pifix_latent32,encoder,42,libero-step10000,libero-step10000,libero_object,,100,98,0.98000000,0.01400000,,/e/project1/m3/blank4/code/starVLA/playground/Checkpoints/ervla_w2_pi_encoder_actiononly_pifix_latent32/results/libero-step10000/overall_results.json,False
starVLA,ervla_w2_pi_encoder_actiononly_pifix_latent32,encoder,42,libero-step10000,libero-step10000,libero_spatial,,100,88,0.88000000,0.03249615,,/e/project1/m3/blank4/code/starVLA/playground/Checkpoints/ervla_w2_pi_encoder_actiononly_pifix_latent32/results/libero-step10000/overall_results.json,False
starVLA,ervla_w2_pi_encoder_actiononly_pifix_nolatent,encoder,42,libero-step10000,libero-step10000,libero_10,,100,80,0.80000000,0.04000000,,/e/project1/m3/blank4/code/starVLA/playground/Checkpoints/ervla_w2_pi_encoder_actiononly_pifix_nolatent/results/libero-step10000/overall_results.json,False
starVLA,ervla_w2_pi_encoder_actiononly_pifix_nolatent,encoder,42,libero-step10000,libero-step10000,libero_goal,,100,92,0.92000000,0.02712932,,/e/project1/m3/blank4/code/starVLA/playground/Checkpoints/ervla_w2_pi_encoder_actiononly_pifix_nolatent/results/libero-step10000/overall_results.json,False
starVLA,ervla_w2_pi_encoder_actiononly_pifix_nolatent,encoder,42,libero-step10000,libero-step10000,libero_object,,100,98,0.98000000,0.01400000,,/e/project1/m3/blank4/code/starVLA/playground/Checkpoints/ervla_w2_pi_encoder_actiononly_pifix_nolatent/results/libero-step10000/overall_results.json,False
starVLA,ervla_w2_pi_encoder_actiononly_pifix_nolatent,encoder,42,libero-step10000,libero-step10000,libero_spatial,,100,89,0.89000000,0.03128898,,/e/project1/m3/blank4/code/starVLA/playground/Checkpoints/ervla_w2_pi_encoder_actiononly_pifix_nolatent/results/libero-step10000/overall_results.json,False
starVLA,ervla_y2_pi_k_structaux15_cot,CoT-trace,42,libero-step10000,libero-step10000,libero_10,,100,85,0.85000000,0.03570714,,/e/project1/m3/blank4/code/starVLA/playground/Checkpoints/ervla_y2_pi_k_structaux15_cot/results/libero-step10000/overall_results.json,False
starVLA,ervla_y2_pi_k_structaux15_cot,CoT-trace,42,libero-step10000,libero-step10000,libero_goal,,100,97,0.97000000,0.01705872,,/e/project1/m3/blank4/code/starVLA/playground/Checkpoints/ervla_y2_pi_k_structaux15_cot/results/libero-step10000/overall_results.json,False
starVLA,ervla_y2_pi_k_structaux15_cot,CoT-trace,42,libero-step10000,libero-step10000,libero_object,,100,98,0.98000000,0.01400000,,/e/project1/m3/blank4/code/starVLA/playground/Checkpoints/ervla_y2_pi_k_structaux15_cot/results/libero-step10000/overall_results.json,False
starVLA,ervla_y2_pi_k_structaux15_cot,CoT-trace,42,libero-step10000,libero-step10000,libero_spatial,,100,98,0.98000000,0.01400000,,/e/project1/m3/blank4/code/starVLA/playground/Checkpoints/ervla_y2_pi_k_structaux15_cot/results/libero-step10000/overall_results.json,False
starVLA,ervla_pi_projected_numeric_correct,other,42,libero-step20000-numeric-v1,libero-step20000-numeric-v1,libero_10,,100,93,0.93000000,0.02551470,,/e/project1/m3/blank4/code/starVLA/playground/Checkpoints/ervla_pi_projected_numeric_correct/results/libero-step20000-numeric-v1/overall_results.json,False
starVLA,ervla_pi_projected_numeric_correct,other,42,libero-step20000-numeric-v1,libero-step20000-numeric-v1,libero_goal,,100,94,0.94000000,0.02374868,,/e/project1/m3/blank4/code/starVLA/playground/Checkpoints/ervla_pi_projected_numeric_correct/results/libero-step20000-numeric-v1/overall_results.json,False
starVLA,ervla_pi_projected_numeric_correct,other,42,libero-step20000-numeric-v1,libero-step20000-numeric-v1,libero_object,,100,99,0.99000000,0.00994987,,/e/project1/m3/blank4/code/starVLA/playground/Checkpoints/ervla_pi_projected_numeric_correct/results/libero-step20000-numeric-v1/overall_results.json,False
starVLA,ervla_pi_projected_numeric_correct,other,42,libero-step20000-numeric-v1,libero-step20000-numeric-v1,libero_spatial,,100,96,0.96000000,0.01959592,,/e/project1/m3/blank4/code/starVLA/playground/Checkpoints/ervla_pi_projected_numeric_correct/results/libero-step20000-numeric-v1/overall_results.json,False
starVLA,ervla_pi_projected_numeric_noaux,other,42,libero-step20000-numeric-v1,libero-step20000-numeric-v1,libero_10,,100,91,0.91000000,0.02861818,,/e/project1/m3/blank4/code/starVLA/playground/Checkpoints/ervla_pi_projected_numeric_noaux/results/libero-step20000-numeric-v1/overall_results.json,False
starVLA,ervla_pi_projected_numeric_noaux,other,42,libero-step20000-numeric-v1,libero-step20000-numeric-v1,libero_goal,,100,95,0.95000000,0.02179449,,/e/project1/m3/blank4/code/starVLA/playground/Checkpoints/ervla_pi_projected_numeric_noaux/results/libero-step20000-numeric-v1/overall_results.json,False
starVLA,ervla_pi_projected_numeric_noaux,other,42,libero-step20000-numeric-v1,libero-step20000-numeric-v1,libero_object,,100,100,1.00000000,0.00000000,,/e/project1/m3/blank4/code/starVLA/playground/Checkpoints/ervla_pi_projected_numeric_noaux/results/libero-step20000-numeric-v1/overall_results.json,False
starVLA,ervla_pi_projected_numeric_noaux,other,42,libero-step20000-numeric-v1,libero-step20000-numeric-v1,libero_spatial,,100,97,0.97000000,0.01705872,,/e/project1/m3/blank4/code/starVLA/playground/Checkpoints/ervla_pi_projected_numeric_noaux/results/libero-step20000-numeric-v1/overall_results.json,False
starVLA,ervla_pi_projected_numeric_shuffled,other,42,libero-step20000-numeric-v1,libero-step20000-numeric-v1,libero_10,,100,89,0.89000000,0.03128898,,/e/project1/m3/blank4/code/starVLA/playground/Checkpoints/ervla_pi_projected_numeric_shuffled/results/libero-step20000-numeric-v1/overall_results.json,False
starVLA,ervla_pi_projected_numeric_shuffled,other,42,libero-step20000-numeric-v1,libero-step20000-numeric-v1,libero_goal,,100,100,1.00000000,0.00000000,,/e/project1/m3/blank4/code/starVLA/playground/Checkpoints/ervla_pi_projected_numeric_shuffled/results/libero-step20000-numeric-v1/overall_results.json,False
starVLA,ervla_pi_projected_numeric_shuffled,other,42,libero-step20000-numeric-v1,libero-step20000-numeric-v1,libero_object,,100,98,0.98000000,0.01400000,,/e/project1/m3/blank4/code/starVLA/playground/Checkpoints/ervla_pi_projected_numeric_shuffled/results/libero-step20000-numeric-v1/overall_results.json,False
starVLA,ervla_pi_projected_numeric_shuffled,other,42,libero-step20000-numeric-v1,libero-step20000-numeric-v1,libero_spatial,,100,95,0.95000000,0.02179449,,/e/project1/m3/blank4/code/starVLA/playground/Checkpoints/ervla_pi_projected_numeric_shuffled/results/libero-step20000-numeric-v1/overall_results.json,False
starVLA,libero_qwen08b_oft_cot_trace_ours_ft,CoT-trace,42,login-smoke-libero-object-clean,login-smoke-libero-object-clean,libero_object,,10,9,0.90000000,0.09486833,,/e/project1/m3/blank4/code/starVLA/playground/Checkpoints/libero_qwen08b_oft_cot_trace_ours_ft/results/login-smoke-libero-object-clean/overall_results.json,False
starVLA,libero_qwen08b_oft_cot_trace_ours_ft,CoT-trace,42,login-smoke-libero-object-source-target-4cm,login-smoke-libero-object-source-target-4cm,libero_object,,10,5,0.50000000,0.15811388,,/e/project1/m3/blank4/code/starVLA/playground/Checkpoints/libero_qwen08b_oft_cot_trace_ours_ft/results/login-smoke-libero-object-source-target-4cm/overall_results.json,False
starVLA,libero_qwen08b_oft_cot_trace_ours_ft,CoT-trace,42,login-smoke-libero-object-source-target-6cm,login-smoke-libero-object-source-target-6cm,libero_object,,10,1,0.10000000,0.09486833,,/e/project1/m3/blank4/code/starVLA/playground/Checkpoints/libero_qwen08b_oft_cot_trace_ours_ft/results/login-smoke-libero-object-source-target-6cm/overall_results.json,False
starVLA,ervla_mlm_pi_encoder_cam3d_slotdrop15_nolabeldrop_noditdrop,encoder/mlm,42,mlm-numeric-paired-v1,mlm-numeric-paired-v1/libero/baseline,libero_10,,100,94,0.94000000,0.02374868,,/e/project1/m3/blank4/code/starVLA/playground/Checkpoints/ervla_mlm_pi_encoder_cam3d_slotdrop15_nolabeldrop_noditdrop/results/mlm-numeric-paired-v1/libero/baseline/overall_results.json,False
starVLA,ervla_mlm_pi_encoder_cam3d_slotdrop15_nolabeldrop_noditdrop,encoder/mlm,42,mlm-numeric-paired-v1,mlm-numeric-paired-v1/libero/baseline,libero_goal,,100,97,0.97000000,0.01705872,,/e/project1/m3/blank4/code/starVLA/playground/Checkpoints/ervla_mlm_pi_encoder_cam3d_slotdrop15_nolabeldrop_noditdrop/results/mlm-numeric-paired-v1/libero/baseline/overall_results.json,False
starVLA,ervla_mlm_pi_encoder_cam3d_slotdrop15_nolabeldrop_noditdrop,encoder/mlm,42,mlm-numeric-paired-v1,mlm-numeric-paired-v1/libero/baseline,libero_object,,100,98,0.98000000,0.01400000,,/e/project1/m3/blank4/code/starVLA/playground/Checkpoints/ervla_mlm_pi_encoder_cam3d_slotdrop15_nolabeldrop_noditdrop/results/mlm-numeric-paired-v1/libero/baseline/overall_results.json,False
starVLA,ervla_mlm_pi_encoder_cam3d_slotdrop15_nolabeldrop_noditdrop,encoder/mlm,42,mlm-numeric-paired-v1,mlm-numeric-paired-v1/libero/baseline,libero_spatial,,100,94,0.94000000,0.02374868,,/e/project1/m3/blank4/code/starVLA/playground/Checkpoints/ervla_mlm_pi_encoder_cam3d_slotdrop15_nolabeldrop_noditdrop/results/mlm-numeric-paired-v1/libero/baseline/overall_results.json,False
starVLA,ervla_mlm_pi_encoder_cam3d_slotdrop15_nolabeldrop_noditdrop,encoder/mlm,42,mlm-numeric-paired-v1,mlm-numeric-paired-v1/libero/numeric,libero_10,,100,90,0.90000000,0.03000000,,/e/project1/m3/blank4/code/starVLA/playground/Checkpoints/ervla_mlm_pi_encoder_cam3d_slotdrop15_nolabeldrop_noditdrop/results/mlm-numeric-paired-v1/libero/numeric/overall_results.json,False
starVLA,ervla_mlm_pi_encoder_cam3d_slotdrop15_nolabeldrop_noditdrop,encoder/mlm,42,mlm-numeric-paired-v1,mlm-numeric-paired-v1/libero/numeric,libero_goal,,100,98,0.98000000,0.01400000,,/e/project1/m3/blank4/code/starVLA/playground/Checkpoints/ervla_mlm_pi_encoder_cam3d_slotdrop15_nolabeldrop_noditdrop/results/mlm-numeric-paired-v1/libero/numeric/overall_results.json,False
starVLA,ervla_mlm_pi_encoder_cam3d_slotdrop15_nolabeldrop_noditdrop,encoder/mlm,42,mlm-numeric-paired-v1,mlm-numeric-paired-v1/libero/numeric,libero_object,,100,100,1.00000000,0.00000000,,/e/project1/m3/blank4/code/starVLA/playground/Checkpoints/ervla_mlm_pi_encoder_cam3d_slotdrop15_nolabeldrop_noditdrop/results/mlm-numeric-paired-v1/libero/numeric/overall_results.json,False
starVLA,ervla_mlm_pi_encoder_cam3d_slotdrop15_nolabeldrop_noditdrop,encoder/mlm,42,mlm-numeric-paired-v1,mlm-numeric-paired-v1/libero/numeric,libero_spatial,,100,98,0.98000000,0.01400000,,/e/project1/m3/blank4/code/starVLA/playground/Checkpoints/ervla_mlm_pi_encoder_cam3d_slotdrop15_nolabeldrop_noditdrop/results/mlm-numeric-paired-v1/libero/numeric/overall_results.json,False
starVLA,ervla_mlm_pi_encoder_cam3d_slotdrop15_nolabeldrop_noditdrop,encoder/mlm,42,mlm-numeric-paired-v1,mlm-numeric-paired-v1/libero/random_energy,libero_10,,100,89,0.89000000,0.03128898,,/e/project1/m3/blank4/code/starVLA/playground/Checkpoints/ervla_mlm_pi_encoder_cam3d_slotdrop15_nolabeldrop_noditdrop/results/mlm-numeric-paired-v1/libero/random_energy/overall_results.json,False
starVLA,ervla_mlm_pi_encoder_cam3d_slotdrop15_nolabeldrop_noditdrop,encoder/mlm,42,mlm-numeric-paired-v1,mlm-numeric-paired-v1/libero/random_energy,libero_goal,,100,96,0.96000000,0.01959592,,/e/project1/m3/blank4/code/starVLA/playground/Checkpoints/ervla_mlm_pi_encoder_cam3d_slotdrop15_nolabeldrop_noditdrop/results/mlm-numeric-paired-v1/libero/random_energy/overall_results.json,False
starVLA,ervla_mlm_pi_encoder_cam3d_slotdrop15_nolabeldrop_noditdrop,encoder/mlm,42,mlm-numeric-paired-v1,mlm-numeric-paired-v1/libero/random_energy,libero_object,,100,97,0.97000000,0.01705872,,/e/project1/m3/blank4/code/starVLA/playground/Checkpoints/ervla_mlm_pi_encoder_cam3d_slotdrop15_nolabeldrop_noditdrop/results/mlm-numeric-paired-v1/libero/random_energy/overall_results.json,False
starVLA,ervla_mlm_pi_encoder_cam3d_slotdrop15_nolabeldrop_noditdrop,encoder/mlm,42,mlm-numeric-paired-v1,mlm-numeric-paired-v1/libero/random_energy,libero_spatial,,100,97,0.97000000,0.01705872,,/e/project1/m3/blank4/code/starVLA/playground/Checkpoints/ervla_mlm_pi_encoder_cam3d_slotdrop15_nolabeldrop_noditdrop/results/mlm-numeric-paired-v1/libero/random_energy/overall_results.json,False
starVLA,ervla_mlm_pi_encoder_cam3d_slotdrop15_nolabeldrop_noditdrop,encoder/mlm,42,mlm-numeric-paired-v1,mlm-numeric-paired-v1/plus/baseline,libero_10,,1000,628,0.62800000,0.01528450,,/e/project1/m3/blank4/code/starVLA/playground/Checkpoints/ervla_mlm_pi_encoder_cam3d_slotdrop15_nolabeldrop_noditdrop/results/mlm-numeric-paired-v1/plus/baseline/overall_results.json,True
starVLA,ervla_mlm_pi_encoder_cam3d_slotdrop15_nolabeldrop_noditdrop,encoder/mlm,42,mlm-numeric-paired-v1,mlm-numeric-paired-v1/plus/baseline,libero_goal,,1000,657,0.65700000,0.01501170,,/e/project1/m3/blank4/code/starVLA/playground/Checkpoints/ervla_mlm_pi_encoder_cam3d_slotdrop15_nolabeldrop_noditdrop/results/mlm-numeric-paired-v1/plus/baseline/overall_results.json,True
starVLA,ervla_mlm_pi_encoder_cam3d_slotdrop15_nolabeldrop_noditdrop,encoder/mlm,42,mlm-numeric-paired-v1,mlm-numeric-paired-v1/plus/baseline,libero_object,,1000,774,0.77400000,0.01322588,,/e/project1/m3/blank4/code/starVLA/playground/Checkpoints/ervla_mlm_pi_encoder_cam3d_slotdrop15_nolabeldrop_noditdrop/results/mlm-numeric-paired-v1/plus/baseline/overall_results.json,True
starVLA,ervla_mlm_pi_encoder_cam3d_slotdrop15_nolabeldrop_noditdrop,encoder/mlm,42,mlm-numeric-paired-v1,mlm-numeric-paired-v1/plus/baseline,libero_spatial,,1000,718,0.71800000,0.01422941,,/e/project1/m3/blank4/code/starVLA/playground/Checkpoints/ervla_mlm_pi_encoder_cam3d_slotdrop15_nolabeldrop_noditdrop/results/mlm-numeric-paired-v1/plus/baseline/overall_results.json,True
starVLA,ervla_mlm_pi_encoder_cam3d_slotdrop15_nolabeldrop_noditdrop,encoder/mlm,42,mlm-numeric-paired-v1,mlm-numeric-paired-v1/plus/baseline/libero_10,libero_10,,1000,628,0.62800000,0.01528450,,/e/project1/m3/blank4/code/starVLA/playground/Checkpoints/ervla_mlm_pi_encoder_cam3d_slotdrop15_nolabeldrop_noditdrop/results/mlm-numeric-paired-v1/plus/baseline/libero_10/overall_results.json,False
starVLA,ervla_mlm_pi_encoder_cam3d_slotdrop15_nolabeldrop_noditdrop,encoder/mlm,42,mlm-numeric-paired-v1,mlm-numeric-paired-v1/plus/baseline/libero_goal,libero_goal,,1000,657,0.65700000,0.01501170,,/e/project1/m3/blank4/code/starVLA/playground/Checkpoints/ervla_mlm_pi_encoder_cam3d_slotdrop15_nolabeldrop_noditdrop/results/mlm-numeric-paired-v1/plus/baseline/libero_goal/overall_results.json,False
starVLA,ervla_mlm_pi_encoder_cam3d_slotdrop15_nolabeldrop_noditdrop,encoder/mlm,42,mlm-numeric-paired-v1,mlm-numeric-paired-v1/plus/baseline/libero_object,libero_object,,1000,774,0.77400000,0.01322588,,/e/project1/m3/blank4/code/starVLA/playground/Checkpoints/ervla_mlm_pi_encoder_cam3d_slotdrop15_nolabeldrop_noditdrop/results/mlm-numeric-paired-v1/plus/baseline/libero_object/overall_results.json,False
starVLA,ervla_mlm_pi_encoder_cam3d_slotdrop15_nolabeldrop_noditdrop,encoder/mlm,42,mlm-numeric-paired-v1,mlm-numeric-paired-v1/plus/baseline/libero_spatial,libero_spatial,,1000,718,0.71800000,0.01422941,,/e/project1/m3/blank4/code/starVLA/playground/Checkpoints/ervla_mlm_pi_encoder_cam3d_slotdrop15_nolabeldrop_noditdrop/results/mlm-numeric-paired-v1/plus/baseline/libero_spatial/overall_results.json,False
starVLA,ervla_mlm_pi_encoder_cam3d_slotdrop15_nolabeldrop_noditdrop,encoder/mlm,42,mlm-numeric-paired-v1,mlm-numeric-paired-v1/plus/numeric,libero_10,,1000,638,0.63800000,0.01519724,,/e/project1/m3/blank4/code/starVLA/playground/Checkpoints/ervla_mlm_pi_encoder_cam3d_slotdrop15_nolabeldrop_noditdrop/results/mlm-numeric-paired-v1/plus/numeric/overall_results.json,True
starVLA,ervla_mlm_pi_encoder_cam3d_slotdrop15_nolabeldrop_noditdrop,encoder/mlm,42,mlm-numeric-paired-v1,mlm-numeric-paired-v1/plus/numeric,libero_goal,,1000,656,0.65600000,0.01502212,,/e/project1/m3/blank4/code/starVLA/playground/Checkpoints/ervla_mlm_pi_encoder_cam3d_slotdrop15_nolabeldrop_noditdrop/results/mlm-numeric-paired-v1/plus/numeric/overall_results.json,True
starVLA,ervla_mlm_pi_encoder_cam3d_slotdrop15_nolabeldrop_noditdrop,encoder/mlm,42,mlm-numeric-paired-v1,mlm-numeric-paired-v1/plus/numeric,libero_object,,1000,782,0.78200000,0.01305665,,/e/project1/m3/blank4/code/starVLA/playground/Checkpoints/ervla_mlm_pi_encoder_cam3d_slotdrop15_nolabeldrop_noditdrop/results/mlm-numeric-paired-v1/plus/numeric/overall_results.json,True
starVLA,ervla_mlm_pi_encoder_cam3d_slotdrop15_nolabeldrop_noditdrop,encoder/mlm,42,mlm-numeric-paired-v1,mlm-numeric-paired-v1/plus/numeric,libero_spatial,,1000,719,0.71900000,0.01421404,,/e/project1/m3/blank4/code/starVLA/playground/Checkpoints/ervla_mlm_pi_encoder_cam3d_slotdrop15_nolabeldrop_noditdrop/results/mlm-numeric-paired-v1/plus/numeric/overall_results.json,True
starVLA,ervla_mlm_pi_encoder_cam3d_slotdrop15_nolabeldrop_noditdrop,encoder/mlm,42,mlm-numeric-paired-v1,mlm-numeric-paired-v1/plus/numeric/libero_10,libero_10,,1000,638,0.63800000,0.01519724,,/e/project1/m3/blank4/code/starVLA/playground/Checkpoints/ervla_mlm_pi_encoder_cam3d_slotdrop15_nolabeldrop_noditdrop/results/mlm-numeric-paired-v1/plus/numeric/libero_10/overall_results.json,False
starVLA,ervla_mlm_pi_encoder_cam3d_slotdrop15_nolabeldrop_noditdrop,encoder/mlm,42,mlm-numeric-paired-v1,mlm-numeric-paired-v1/plus/numeric/libero_goal,libero_goal,,1000,656,0.65600000,0.01502212,,/e/project1/m3/blank4/code/starVLA/playground/Checkpoints/ervla_mlm_pi_encoder_cam3d_slotdrop15_nolabeldrop_noditdrop/results/mlm-numeric-paired-v1/plus/numeric/libero_goal/overall_results.json,False
starVLA,ervla_mlm_pi_encoder_cam3d_slotdrop15_nolabeldrop_noditdrop,encoder/mlm,42,mlm-numeric-paired-v1,mlm-numeric-paired-v1/plus/numeric/libero_object,libero_object,,1000,782,0.78200000,0.01305665,,/e/project1/m3/blank4/code/starVLA/playground/Checkpoints/ervla_mlm_pi_encoder_cam3d_slotdrop15_nolabeldrop_noditdrop/results/mlm-numeric-paired-v1/plus/numeric/libero_object/overall_results.json,False
starVLA,ervla_mlm_pi_encoder_cam3d_slotdrop15_nolabeldrop_noditdrop,encoder/mlm,42,mlm-numeric-paired-v1,mlm-numeric-paired-v1/plus/numeric/libero_spatial,libero_spatial,,1000,719,0.71900000,0.01421404,,/e/project1/m3/blank4/code/starVLA/playground/Checkpoints/ervla_mlm_pi_encoder_cam3d_slotdrop15_nolabeldrop_noditdrop/results/mlm-numeric-paired-v1/plus/numeric/libero_spatial/overall_results.json,False
starVLA,ervla_pi_projected_numeric_correct,other,42,projected-numeric-paired-1703820,projected-numeric-paired-1703820/libero/baseline,libero_10,,100,92,0.92000000,0.02712932,,/e/project1/m3/blank4/code/starVLA/playground/Checkpoints/ervla_pi_projected_numeric_correct/results/projected-numeric-paired-1703820/libero/baseline/overall_results.json,False
starVLA,ervla_pi_projected_numeric_correct,other,42,projected-numeric-paired-1703820,projected-numeric-paired-1703820/libero/baseline,libero_goal,,100,98,0.98000000,0.01400000,,/e/project1/m3/blank4/code/starVLA/playground/Checkpoints/ervla_pi_projected_numeric_correct/results/projected-numeric-paired-1703820/libero/baseline/overall_results.json,False
starVLA,ervla_pi_projected_numeric_correct,other,42,projected-numeric-paired-1703820,projected-numeric-paired-1703820/libero/baseline,libero_object,,100,100,1.00000000,0.00000000,,/e/project1/m3/blank4/code/starVLA/playground/Checkpoints/ervla_pi_projected_numeric_correct/results/projected-numeric-paired-1703820/libero/baseline/overall_results.json,False
starVLA,ervla_pi_projected_numeric_correct,other,42,projected-numeric-paired-1703820,projected-numeric-paired-1703820/libero/baseline,libero_spatial,,100,98,0.98000000,0.01400000,,/e/project1/m3/blank4/code/starVLA/playground/Checkpoints/ervla_pi_projected_numeric_correct/results/projected-numeric-paired-1703820/libero/baseline/overall_results.json,False
starVLA,ervla_pi_projected_numeric_correct,other,42,projected-numeric-paired-1703820,projected-numeric-paired-1703820/libero/numeric,libero_10,,100,95,0.95000000,0.02179449,,/e/project1/m3/blank4/code/starVLA/playground/Checkpoints/ervla_pi_projected_numeric_correct/results/projected-numeric-paired-1703820/libero/numeric/overall_results.json,False
starVLA,ervla_pi_projected_numeric_correct,other,42,projected-numeric-paired-1703820,projected-numeric-paired-1703820/libero/numeric,libero_goal,,100,98,0.98000000,0.01400000,,/e/project1/m3/blank4/code/starVLA/playground/Checkpoints/ervla_pi_projected_numeric_correct/results/projected-numeric-paired-1703820/libero/numeric/overall_results.json,False
starVLA,ervla_pi_projected_numeric_correct,other,42,projected-numeric-paired-1703820,projected-numeric-paired-1703820/libero/numeric,libero_object,,100,98,0.98000000,0.01400000,,/e/project1/m3/blank4/code/starVLA/playground/Checkpoints/ervla_pi_projected_numeric_correct/results/projected-numeric-paired-1703820/libero/numeric/overall_results.json,False
starVLA,ervla_pi_projected_numeric_correct,other,42,projected-numeric-paired-1703820,projected-numeric-paired-1703820/libero/numeric,libero_spatial,,100,97,0.97000000,0.01705872,,/e/project1/m3/blank4/code/starVLA/playground/Checkpoints/ervla_pi_projected_numeric_correct/results/projected-numeric-paired-1703820/libero/numeric/overall_results.json,False
starVLA,ervla_pi_projected_numeric_correct,other,42,projected-numeric-paired-1703820,projected-numeric-paired-1703820/libero/random_energy,libero_10,,100,95,0.95000000,0.02179449,,/e/project1/m3/blank4/code/starVLA/playground/Checkpoints/ervla_pi_projected_numeric_correct/results/projected-numeric-paired-1703820/libero/random_energy/overall_results.json,False
starVLA,ervla_pi_projected_numeric_correct,other,42,projected-numeric-paired-1703820,projected-numeric-paired-1703820/libero/random_energy,libero_goal,,100,98,0.98000000,0.01400000,,/e/project1/m3/blank4/code/starVLA/playground/Checkpoints/ervla_pi_projected_numeric_correct/results/projected-numeric-paired-1703820/libero/random_energy/overall_results.json,False
starVLA,ervla_pi_projected_numeric_correct,other,42,projected-numeric-paired-1703820,projected-numeric-paired-1703820/libero/random_energy,libero_object,,100,99,0.99000000,0.00994987,,/e/project1/m3/blank4/code/starVLA/playground/Checkpoints/ervla_pi_projected_numeric_correct/results/projected-numeric-paired-1703820/libero/random_energy/overall_results.json,False
starVLA,ervla_pi_projected_numeric_correct,other,42,projected-numeric-paired-1703820,projected-numeric-paired-1703820/libero/random_energy,libero_spatial,,100,99,0.99000000,0.00994987,,/e/project1/m3/blank4/code/starVLA/playground/Checkpoints/ervla_pi_projected_numeric_correct/results/projected-numeric-paired-1703820/libero/random_energy/overall_results.json,False
starVLA,ervla_pi_projected_numeric_shuffled,other,42,projected-numeric-paired-1703820,projected-numeric-paired-1703820/libero/baseline,libero_10,,100,85,0.85000000,0.03570714,,/e/project1/m3/blank4/code/starVLA/playground/Checkpoints/ervla_pi_projected_numeric_shuffled/results/projected-numeric-paired-1703820/libero/baseline/overall_results.json,False
starVLA,ervla_pi_projected_numeric_shuffled,other,42,projected-numeric-paired-1703820,projected-numeric-paired-1703820/libero/baseline,libero_goal,,100,97,0.97000000,0.01705872,,/e/project1/m3/blank4/code/starVLA/playground/Checkpoints/ervla_pi_projected_numeric_shuffled/results/projected-numeric-paired-1703820/libero/baseline/overall_results.json,False
starVLA,ervla_pi_projected_numeric_shuffled,other,42,projected-numeric-paired-1703820,projected-numeric-paired-1703820/libero/baseline,libero_object,,100,100,1.00000000,0.00000000,,/e/project1/m3/blank4/code/starVLA/playground/Checkpoints/ervla_pi_projected_numeric_shuffled/results/projected-numeric-paired-1703820/libero/baseline/overall_results.json,False
starVLA,ervla_pi_projected_numeric_shuffled,other,42,projected-numeric-paired-1703820,projected-numeric-paired-1703820/libero/baseline,libero_spatial,,100,98,0.98000000,0.01400000,,/e/project1/m3/blank4/code/starVLA/playground/Checkpoints/ervla_pi_projected_numeric_shuffled/results/projected-numeric-paired-1703820/libero/baseline/overall_results.json,False
starVLA,ervla_pi_projected_numeric_shuffled,other,42,projected-numeric-paired-1703820,projected-numeric-paired-1703820/libero/numeric,libero_10,,100,83,0.83000000,0.03756328,,/e/project1/m3/blank4/code/starVLA/playground/Checkpoints/ervla_pi_projected_numeric_shuffled/results/projected-numeric-paired-1703820/libero/numeric/overall_results.json,False
starVLA,ervla_pi_projected_numeric_shuffled,other,42,projected-numeric-paired-1703820,projected-numeric-paired-1703820/libero/numeric,libero_goal,,100,98,0.98000000,0.01400000,,/e/project1/m3/blank4/code/starVLA/playground/Checkpoints/ervla_pi_projected_numeric_shuffled/results/projected-numeric-paired-1703820/libero/numeric/overall_results.json,False
starVLA,ervla_pi_projected_numeric_shuffled,other,42,projected-numeric-paired-1703820,projected-numeric-paired-1703820/libero/numeric,libero_object,,100,98,0.98000000,0.01400000,,/e/project1/m3/blank4/code/starVLA/playground/Checkpoints/ervla_pi_projected_numeric_shuffled/results/projected-numeric-paired-1703820/libero/numeric/overall_results.json,False
starVLA,ervla_pi_projected_numeric_shuffled,other,42,projected-numeric-paired-1703820,projected-numeric-paired-1703820/libero/numeric,libero_spatial,,100,99,0.99000000,0.00994987,,/e/project1/m3/blank4/code/starVLA/playground/Checkpoints/ervla_pi_projected_numeric_shuffled/results/projected-numeric-paired-1703820/libero/numeric/overall_results.json,False
starVLA,ervla_pi_projected_numeric_shuffled,other,42,projected-numeric-paired-1703820,projected-numeric-paired-1703820/libero/random_energy,libero_10,,100,87,0.87000000,0.03363034,,/e/project1/m3/blank4/code/starVLA/playground/Checkpoints/ervla_pi_projected_numeric_shuffled/results/projected-numeric-paired-1703820/libero/random_energy/overall_results.json,False
starVLA,ervla_pi_projected_numeric_shuffled,other,42,projected-numeric-paired-1703820,projected-numeric-paired-1703820/libero/random_energy,libero_goal,,100,96,0.96000000,0.01959592,,/e/project1/m3/blank4/code/starVLA/playground/Checkpoints/ervla_pi_projected_numeric_shuffled/results/projected-numeric-paired-1703820/libero/random_energy/overall_results.json,False
starVLA,ervla_pi_projected_numeric_shuffled,other,42,projected-numeric-paired-1703820,projected-numeric-paired-1703820/libero/random_energy,libero_object,,100,98,0.98000000,0.01400000,,/e/project1/m3/blank4/code/starVLA/playground/Checkpoints/ervla_pi_projected_numeric_shuffled/results/projected-numeric-paired-1703820/libero/random_energy/overall_results.json,False
starVLA,ervla_pi_projected_numeric_shuffled,other,42,projected-numeric-paired-1703820,projected-numeric-paired-1703820/libero/random_energy,libero_spatial,,100,97,0.97000000,0.01705872,,/e/project1/m3/blank4/code/starVLA/playground/Checkpoints/ervla_pi_projected_numeric_shuffled/results/projected-numeric-paired-1703820/libero/random_energy/overall_results.json,False
starVLA,ervla_j_dec_choice_staged_cam3d,other,42,smoke_eval_fix2_20260901_libero_plus,smoke_eval_fix2_20260901_libero_plus,libero_10,,12,7,0.58333333,0.14231876,,/e/project1/m3/blank4/code/starVLA/playground/Checkpoints/ervla_j_dec_choice_staged_cam3d/results/smoke_eval_fix2_20260901_libero_plus/overall_results.json,False
starVLA,ervla_j_dec_choice_staged_cam3d,other,42,smoke_eval_fix2_20260901_libero_plus,smoke_eval_fix2_20260901_libero_plus/libero_10,libero_10,,12,7,0.58333333,0.14231876,,/e/project1/m3/blank4/code/starVLA/playground/Checkpoints/ervla_j_dec_choice_staged_cam3d/results/smoke_eval_fix2_20260901_libero_plus/libero_10/overall_results.json,False
starVLA,ervla_j_dec_choice_staged_cam3d,other,42,smoke_eval_fix2_20260901_standard,smoke_eval_fix2_20260901_standard,libero_10,,10,9,0.90000000,0.09486833,,/e/project1/m3/blank4/code/starVLA/playground/Checkpoints/ervla_j_dec_choice_staged_cam3d/results/smoke_eval_fix2_20260901_standard/overall_results.json,False
starVLA,libero_plus_qwen08b_gr00t_cot_trace_ours_full_cotw1,CoT-trace,42,traceviz,traceviz,libero_spatial,,32,24,0.75000000,0.07654655,,/e/project1/m3/blank4/code/starVLA/playground/Checkpoints/libero_plus_qwen08b_gr00t_cot_trace_ours_full_cotw1/results/traceviz/overall_results.json,False
starVLA,libero_plus_qwen08b_gr00t_cot_trace_ours_full_cotw1,CoT-trace,42,traceviz,traceviz/libero_spatial,libero_spatial,,32,24,0.75000000,0.07654655,,/e/project1/m3/blank4/code/starVLA/playground/Checkpoints/libero_plus_qwen08b_gr00t_cot_trace_ours_full_cotw1/results/traceviz/libero_spatial/overall_results.json,False
starVLA-upstream-merge,ervla_robocasa365_pi_causal_s4,causal,4,robocasa365,steps_50000_pytorch_model.eval/seed42_envs24_eps24_h500_act8_native_smoke_B_realstate,OpenStandMixerHead,smoke_B_realstate,24,20,0.83333333,0.07607258,50000,/e/project1/m3/blank4/code/starVLA-upstream-merge/playground/Checkpoints/ervla_robocasa365_pi_causal_s4/checkpoints/steps_50000_pytorch_model.eval/robocasa_OpenStandMixerHead_seed42_envs24_eps24_h500_act8_native_smoke_B_realstate.json,False
starVLA-upstream-merge,ervla_robocasa365_pi_causal_s4,causal,4,robocasa365,steps_50000_pytorch_model.eval/seed42_envs24_eps24_h500_act8_native_smoke_C_shuffled,OpenStandMixerHead,smoke_C_shuffled,24,20,0.83333333,0.07607258,50000,/e/project1/m3/blank4/code/starVLA-upstream-merge/playground/Checkpoints/ervla_robocasa365_pi_causal_s4/checkpoints/steps_50000_pytorch_model.eval/robocasa_OpenStandMixerHead_seed42_envs24_eps24_h500_act8_native_smoke_C_shuffled.json,False
starVLA-upstream-merge,ervla_robocasa365_pi_causal_s4,causal,4,robocasa365,steps_50000_pytorch_model.eval/seed42_envs24_eps48_h500_act8_native_egl,CloseFridge,egl,48,8,0.16666667,0.05379144,50000,/e/project1/m3/blank4/code/starVLA-upstream-merge/playground/Checkpoints/ervla_robocasa365_pi_causal_s4/checkpoints/steps_50000_pytorch_model.eval/robocasa_CloseFridge_seed42_envs24_eps48_h500_act8_native_egl.json,False
starVLA-upstream-merge,ervla_robocasa365_pi_causal_s4,causal,4,robocasa365,steps_50000_pytorch_model.eval/seed42_envs24_eps48_h500_act8_native_egl,OpenDrawer,egl,48,8,0.16666667,0.05379144,50000,/e/project1/m3/blank4/code/starVLA-upstream-merge/playground/Checkpoints/ervla_robocasa365_pi_causal_s4/checkpoints/steps_50000_pytorch_model.eval/robocasa_OpenDrawer_seed42_envs24_eps48_h500_act8_native_egl.json,False
starVLA-upstream-merge,ervla_robocasa365_pi_causal_s4,causal,4,robocasa365,steps_50000_pytorch_model.eval/seed42_envs24_eps48_h500_act8_native_egl,OpenStandMixerHead,egl,48,37,0.77083333,0.06066460,50000,/e/project1/m3/blank4/code/starVLA-upstream-merge/playground/Checkpoints/ervla_robocasa365_pi_causal_s4/checkpoints/steps_50000_pytorch_model.eval/robocasa_OpenStandMixerHead_seed42_envs24_eps48_h500_act8_native_egl.json,False
starVLA-upstream-merge,ervla_robocasa365_pi_causal_s4,causal,4,robocasa365,steps_50000_pytorch_model.eval/seed42_envs24_eps48_h500_act8_native_egl,PickPlaceCounterToStove,egl,48,33,0.68750000,0.06690225,50000,/e/project1/m3/blank4/code/starVLA-upstream-merge/playground/Checkpoints/ervla_robocasa365_pi_causal_s4/checkpoints/steps_50000_pytorch_model.eval/robocasa_PickPlaceCounterToStove_seed42_envs24_eps48_h500_act8_native_egl.json,False
starVLA-upstream-merge,ervla_robocasa365_pi_causal_s4,causal,4,robocasa365,steps_50000_pytorch_model.eval/seed42_envs24_eps48_h500_act8_native_egl,TurnOnElectricKettle,egl,48,32,0.66666667,0.06804138,50000,/e/project1/m3/blank4/code/starVLA-upstream-merge/playground/Checkpoints/ervla_robocasa365_pi_causal_s4/checkpoints/steps_50000_pytorch_model.eval/robocasa_TurnOnElectricKettle_seed42_envs24_eps48_h500_act8_native_egl.json,False
starVLA-upstream-merge,ervla_robocasa365_pi_causal_s4,causal,4,robocasa365,steps_50000_pytorch_model.eval/seed42_envs24_eps48_h500_act8_native_egl,TurnOnMicrowave,egl,48,16,0.33333333,0.06804138,50000,/e/project1/m3/blank4/code/starVLA-upstream-merge/playground/Checkpoints/ervla_robocasa365_pi_causal_s4/checkpoints/steps_50000_pytorch_model.eval/robocasa_TurnOnMicrowave_seed42_envs24_eps48_h500_act8_native_egl.json,False
starVLA-upstream-merge,ervla_robocasa365_pi_causal_s4,causal,4,robocasa365,steps_50000_pytorch_model.eval/seed42_envs24_eps48_h500_act8_native_nostate,OpenStandMixerHead,nostate,48,0,0.00000000,0.00000000,50000,/e/project1/m3/blank4/code/starVLA-upstream-merge/playground/Checkpoints/ervla_robocasa365_pi_causal_s4/checkpoints/steps_50000_pytorch_model.eval/robocasa_OpenStandMixerHead_seed42_envs24_eps48_h500_act8_native_nostate.json,False
starVLA-upstream-merge,ervla_robocasa365_pi_causal_s4,causal,4,robocasa365,steps_50000_pytorch_model.eval/seed42_envs24_eps48_h500_act8_native_nostate,PickPlaceCounterToStove,nostate,48,0,0.00000000,0.00000000,50000,/e/project1/m3/blank4/code/starVLA-upstream-merge/playground/Checkpoints/ervla_robocasa365_pi_causal_s4/checkpoints/steps_50000_pytorch_model.eval/robocasa_PickPlaceCounterToStove_seed42_envs24_eps48_h500_act8_native_nostate.json,False
starVLA-upstream-merge,ervla_robocasa365_pi_causal_s4,causal,4,robocasa365,steps_50000_pytorch_model.eval/seed42_envs24_eps48_h500_act8_native_nostate,TurnOnElectricKettle,nostate,48,0,0.00000000,0.00000000,50000,/e/project1/m3/blank4/code/starVLA-upstream-merge/playground/Checkpoints/ervla_robocasa365_pi_causal_s4/checkpoints/steps_50000_pytorch_model.eval/robocasa_TurnOnElectricKettle_seed42_envs24_eps48_h500_act8_native_nostate.json,False
starVLA-upstream-merge,ervla_robocasa365_pi_causal_s4,causal,4,robocasa365,steps_50000_pytorch_model.eval/seed42_envs24_eps48_h500_act8_native_s4_50k,CloseBlenderLid,s4_50k,48,2,0.04166667,0.02884244,50000,/e/project1/m3/blank4/code/starVLA-upstream-merge/playground/Checkpoints/ervla_robocasa365_pi_causal_s4/checkpoints/steps_50000_pytorch_model.eval/robocasa_CloseBlenderLid_seed42_envs24_eps48_h500_act8_native_s4_50k.json,True
starVLA-upstream-merge,ervla_robocasa365_pi_causal_s4,causal,4,robocasa365,steps_50000_pytorch_model.eval/seed42_envs24_eps48_h500_act8_native_s4_50k,CloseFridge,s4_50k,48,8,0.16666667,0.05379144,50000,/e/project1/m3/blank4/code/starVLA-upstream-merge/playground/Checkpoints/ervla_robocasa365_pi_causal_s4/checkpoints/steps_50000_pytorch_model.eval/robocasa_CloseFridge_seed42_envs24_eps48_h500_act8_native_s4_50k.json,True
starVLA-upstream-merge,ervla_robocasa365_pi_causal_s4,causal,4,robocasa365,steps_50000_pytorch_model.eval/seed42_envs24_eps48_h500_act8_native_s4_50k,CloseToasterOvenDoor,s4_50k,48,21,0.43750000,0.07160275,50000,/e/project1/m3/blank4/code/starVLA-upstream-merge/playground/Checkpoints/ervla_robocasa365_pi_causal_s4/checkpoints/steps_50000_pytorch_model.eval/robocasa_CloseToasterOvenDoor_seed42_envs24_eps48_h500_act8_native_s4_50k.json,True
starVLA-upstream-merge,ervla_robocasa365_pi_causal_s4,causal,4,robocasa365,steps_50000_pytorch_model.eval/seed42_envs24_eps48_h500_act8_native_s4_50k,CoffeeSetupMug,s4_50k,48,27,0.56250000,0.07160275,50000,/e/project1/m3/blank4/code/starVLA-upstream-merge/playground/Checkpoints/ervla_robocasa365_pi_causal_s4/checkpoints/steps_50000_pytorch_model.eval/robocasa_CoffeeSetupMug_seed42_envs24_eps48_h500_act8_native_s4_50k.json,True
starVLA-upstream-merge,ervla_robocasa365_pi_causal_s4,causal,4,robocasa365,steps_50000_pytorch_model.eval/seed42_envs24_eps48_h500_act8_native_s4_50k,NavigateKitchen,s4_50k,48,7,0.14583333,0.05094236,50000,/e/project1/m3/blank4/code/starVLA-upstream-merge/playground/Checkpoints/ervla_robocasa365_pi_causal_s4/checkpoints/steps_50000_pytorch_model.eval/robocasa_NavigateKitchen_seed42_envs24_eps48_h500_act8_native_s4_50k.json,True
starVLA-upstream-merge,ervla_robocasa365_pi_causal_s4,causal,4,robocasa365,steps_50000_pytorch_model.eval/seed42_envs24_eps48_h500_act8_native_s4_50k,OpenCabinet,s4_50k,48,1,0.02083333,0.02061518,50000,/e/project1/m3/blank4/code/starVLA-upstream-merge/playground/Checkpoints/ervla_robocasa365_pi_causal_s4/checkpoints/steps_50000_pytorch_model.eval/robocasa_OpenCabinet_seed42_envs24_eps48_h500_act8_native_s4_50k.json,True
starVLA-upstream-merge,ervla_robocasa365_pi_causal_s4,causal,4,robocasa365,steps_50000_pytorch_model.eval/seed42_envs24_eps48_h500_act8_native_s4_50k,OpenDrawer,s4_50k,48,8,0.16666667,0.05379144,50000,/e/project1/m3/blank4/code/starVLA-upstream-merge/playground/Checkpoints/ervla_robocasa365_pi_causal_s4/checkpoints/steps_50000_pytorch_model.eval/robocasa_OpenDrawer_seed42_envs24_eps48_h500_act8_native_s4_50k.json,True
starVLA-upstream-merge,ervla_robocasa365_pi_causal_s4,causal,4,robocasa365,steps_50000_pytorch_model.eval/seed42_envs24_eps48_h500_act8_native_s4_50k,OpenStandMixerHead,s4_50k,48,40,0.83333333,0.05379144,50000,/e/project1/m3/blank4/code/starVLA-upstream-merge/playground/Checkpoints/ervla_robocasa365_pi_causal_s4/checkpoints/steps_50000_pytorch_model.eval/robocasa_OpenStandMixerHead_seed42_envs24_eps48_h500_act8_native_s4_50k.json,True
starVLA-upstream-merge,ervla_robocasa365_pi_causal_s4,causal,4,robocasa365,steps_50000_pytorch_model.eval/seed42_envs24_eps48_h500_act8_native_s4_50k,PickPlaceCounterToCabinet,s4_50k,48,21,0.43750000,0.07160275,50000,/e/project1/m3/blank4/code/starVLA-upstream-merge/playground/Checkpoints/ervla_robocasa365_pi_causal_s4/checkpoints/steps_50000_pytorch_model.eval/robocasa_PickPlaceCounterToCabinet_seed42_envs24_eps48_h500_act8_native_s4_50k.json,True
starVLA-upstream-merge,ervla_robocasa365_pi_causal_s4,causal,4,robocasa365,steps_50000_pytorch_model.eval/seed42_envs24_eps48_h500_act8_native_s4_50k,PickPlaceCounterToStove,s4_50k,48,31,0.64583333,0.06903089,50000,/e/project1/m3/blank4/code/starVLA-upstream-merge/playground/Checkpoints/ervla_robocasa365_pi_causal_s4/checkpoints/steps_50000_pytorch_model.eval/robocasa_PickPlaceCounterToStove_seed42_envs24_eps48_h500_act8_native_s4_50k.json,True
starVLA-upstream-merge,ervla_robocasa365_pi_causal_s4,causal,4,robocasa365,steps_50000_pytorch_model.eval/seed42_envs24_eps48_h500_act8_native_s4_50k,PickPlaceDrawerToCounter,s4_50k,48,12,0.25000000,0.06250000,50000,/e/project1/m3/blank4/code/starVLA-upstream-merge/playground/Checkpoints/ervla_robocasa365_pi_causal_s4/checkpoints/steps_50000_pytorch_model.eval/robocasa_PickPlaceDrawerToCounter_seed42_envs24_eps48_h500_act8_native_s4_50k.json,True
starVLA-upstream-merge,ervla_robocasa365_pi_causal_s4,causal,4,robocasa365,steps_50000_pytorch_model.eval/seed42_envs24_eps48_h500_act8_native_s4_50k,PickPlaceToasterToCounter,s4_50k,48,8,0.16666667,0.05379144,50000,/e/project1/m3/blank4/code/starVLA-upstream-merge/playground/Checkpoints/ervla_robocasa365_pi_causal_s4/checkpoints/steps_50000_pytorch_model.eval/robocasa_PickPlaceToasterToCounter_seed42_envs24_eps48_h500_act8_native_s4_50k.json,True
starVLA-upstream-merge,ervla_robocasa365_pi_causal_s4,causal,4,robocasa365,steps_50000_pytorch_model.eval/seed42_envs24_eps48_h500_act8_native_s4_50k,SlideDishwasherRack,s4_50k,48,27,0.56250000,0.07160275,50000,/e/project1/m3/blank4/code/starVLA-upstream-merge/playground/Checkpoints/ervla_robocasa365_pi_causal_s4/checkpoints/steps_50000_pytorch_model.eval/robocasa_SlideDishwasherRack_seed42_envs24_eps48_h500_act8_native_s4_50k.json,True
starVLA-upstream-merge,ervla_robocasa365_pi_causal_s4,causal,4,robocasa365,steps_50000_pytorch_model.eval/seed42_envs24_eps48_h500_act8_native_s4_50k,TurnOffStove,s4_50k,48,16,0.33333333,0.06804138,50000,/e/project1/m3/blank4/code/starVLA-upstream-merge/playground/Checkpoints/ervla_robocasa365_pi_causal_s4/checkpoints/steps_50000_pytorch_model.eval/robocasa_TurnOffStove_seed42_envs24_eps48_h500_act8_native_s4_50k.json,True
starVLA-upstream-merge,ervla_robocasa365_pi_causal_s4,causal,4,robocasa365,steps_50000_pytorch_model.eval/seed42_envs24_eps48_h500_act8_native_s4_50k,TurnOnElectricKettle,s4_50k,48,29,0.60416667,0.07058525,50000,/e/project1/m3/blank4/code/starVLA-upstream-merge/playground/Checkpoints/ervla_robocasa365_pi_causal_s4/checkpoints/steps_50000_pytorch_model.eval/robocasa_TurnOnElectricKettle_seed42_envs24_eps48_h500_act8_native_s4_50k.json,True
starVLA-upstream-merge,ervla_robocasa365_pi_causal_s4,causal,4,robocasa365,steps_50000_pytorch_model.eval/seed42_envs24_eps48_h500_act8_native_s4_50k,TurnOnMicrowave,s4_50k,48,14,0.29166667,0.06560571,50000,/e/project1/m3/blank4/code/starVLA-upstream-merge/playground/Checkpoints/ervla_robocasa365_pi_causal_s4/checkpoints/steps_50000_pytorch_model.eval/robocasa_TurnOnMicrowave_seed42_envs24_eps48_h500_act8_native_s4_50k.json,True
starVLA-upstream-merge,ervla_robocasa365_pi_causal_s4,causal,4,robocasa365,steps_50000_pytorch_model.eval/seed42_envs24_eps48_h500_act8_native_s4_50k,TurnOnSinkFaucet,s4_50k,48,24,0.50000000,0.07216878,50000,/e/project1/m3/blank4/code/starVLA-upstream-merge/playground/Checkpoints/ervla_robocasa365_pi_causal_s4/checkpoints/steps_50000_pytorch_model.eval/robocasa_TurnOnSinkFaucet_seed42_envs24_eps48_h500_act8_native_s4_50k.json,True
starVLA-upstream-merge,ervla_robocasa365_pi_causal_s4,causal,4,robocasa365,steps_50000_pytorch_model.eval/seed42_envs24_eps48_h500_act8_native_st_random,OpenStandMixerHead,st_random,48,34,0.70833333,0.06560571,50000,/e/project1/m3/blank4/code/starVLA-upstream-merge/playground/Checkpoints/ervla_robocasa365_pi_causal_s4/checkpoints/steps_50000_pytorch_model.eval/robocasa_OpenStandMixerHead_seed42_envs24_eps48_h500_act8_native_st_random.json,False
starVLA-upstream-merge,ervla_robocasa365_pi_causal_s4,causal,4,robocasa365,steps_50000_pytorch_model.eval/seed42_envs24_eps48_h500_act8_native_st_random,PickPlaceCounterToStove,st_random,48,23,0.47916667,0.07210611,50000,/e/project1/m3/blank4/code/starVLA-upstream-merge/playground/Checkpoints/ervla_robocasa365_pi_causal_s4/checkpoints/steps_50000_pytorch_model.eval/robocasa_PickPlaceCounterToStove_seed42_envs24_eps48_h500_act8_native_st_random.json,False
starVLA-upstream-merge,ervla_robocasa365_pi_causal_s4,causal,4,robocasa365,steps_50000_pytorch_model.eval/seed42_envs24_eps48_h500_act8_native_st_random,TurnOnElectricKettle,st_random,48,19,0.39583333,0.07058525,50000,/e/project1/m3/blank4/code/starVLA-upstream-merge/playground/Checkpoints/ervla_robocasa365_pi_causal_s4/checkpoints/steps_50000_pytorch_model.eval/robocasa_TurnOnElectricKettle_seed42_envs24_eps48_h500_act8_native_st_random.json,False
starVLA-upstream-merge,ervla_robocasa365_pi_causal_s4,causal,4,robocasa365,steps_50000_pytorch_model.eval/seed42_envs24_eps48_h500_act8_native_st_shuffle,OpenStandMixerHead,st_shuffle,48,39,0.81250000,0.05633674,50000,/e/project1/m3/blank4/code/starVLA-upstream-merge/playground/Checkpoints/ervla_robocasa365_pi_causal_s4/checkpoints/steps_50000_pytorch_model.eval/robocasa_OpenStandMixerHead_seed42_envs24_eps48_h500_act8_native_st_shuffle.json,False
starVLA-upstream-merge,ervla_robocasa365_pi_causal_s4,causal,4,robocasa365,steps_50000_pytorch_model.eval/seed42_envs24_eps48_h500_act8_native_st_shuffle,PickPlaceCounterToStove,st_shuffle,48,30,0.62500000,0.06987712,50000,/e/project1/m3/blank4/code/starVLA-upstream-merge/playground/Checkpoints/ervla_robocasa365_pi_causal_s4/checkpoints/steps_50000_pytorch_model.eval/robocasa_PickPlaceCounterToStove_seed42_envs24_eps48_h500_act8_native_st_shuffle.json,False
starVLA-upstream-merge,ervla_robocasa365_pi_causal_s4,causal,4,robocasa365,steps_50000_pytorch_model.eval/seed42_envs24_eps48_h500_act8_native_st_shuffle,TurnOnElectricKettle,st_shuffle,48,25,0.52083333,0.07210611,50000,/e/project1/m3/blank4/code/starVLA-upstream-merge/playground/Checkpoints/ervla_robocasa365_pi_causal_s4/checkpoints/steps_50000_pytorch_model.eval/robocasa_TurnOnElectricKettle_seed42_envs24_eps48_h500_act8_native_st_shuffle.json,False
starVLA-upstream-merge,ervla_robocasa365_pi_causal_s4,causal,4,robocasa365,steps_50000_pytorch_model.eval/seed42_envs24_eps48_h500_act8_native_st_zero,OpenStandMixerHead,st_zero,48,14,0.29166667,0.06560571,50000,/e/project1/m3/blank4/code/starVLA-upstream-merge/playground/Checkpoints/ervla_robocasa365_pi_causal_s4/checkpoints/steps_50000_pytorch_model.eval/robocasa_OpenStandMixerHead_seed42_envs24_eps48_h500_act8_native_st_zero.json,False
starVLA-upstream-merge,ervla_robocasa365_pi_causal_s4,causal,4,robocasa365,steps_50000_pytorch_model.eval/seed42_envs24_eps48_h500_act8_native_st_zero,PickPlaceCounterToStove,st_zero,48,5,0.10416667,0.04409175,50000,/e/project1/m3/blank4/code/starVLA-upstream-merge/playground/Checkpoints/ervla_robocasa365_pi_causal_s4/checkpoints/steps_50000_pytorch_model.eval/robocasa_PickPlaceCounterToStove_seed42_envs24_eps48_h500_act8_native_st_zero.json,False
starVLA-upstream-merge,ervla_robocasa365_pi_causal_s4,causal,4,robocasa365,steps_50000_pytorch_model.eval/seed42_envs24_eps48_h500_act8_native_st_zero,TurnOnElectricKettle,st_zero,48,3,0.06250000,0.03493856,50000,/e/project1/m3/blank4/code/starVLA-upstream-merge/playground/Checkpoints/ervla_robocasa365_pi_causal_s4/checkpoints/steps_50000_pytorch_model.eval/robocasa_TurnOnElectricKettle_seed42_envs24_eps48_h500_act8_native_st_zero.json,False
starVLA-upstream-merge,ervla_robocasa365_pi_causal_s42,causal,42,robocasa365,steps_30000_pytorch_model.eval/legacy,OpenDrawer,legacy,10,7,0.70000000,0.14491377,30000,/e/project1/m3/blank4/code/starVLA-upstream-merge/playground/Checkpoints/ervla_robocasa365_pi_causal_s42/checkpoints/steps_30000_pytorch_model.eval/robocasa_OpenDrawer.json,False
starVLA-upstream-merge,ervla_robocasa365_pi_causal_s42,causal,42,robocasa365,steps_30000_pytorch_model.eval/legacy,TurnOnMicrowave,legacy,10,1,0.10000000,0.09486833,30000,/e/project1/m3/blank4/code/starVLA-upstream-merge/playground/Checkpoints/ervla_robocasa365_pi_causal_s42/checkpoints/steps_30000_pytorch_model.eval/robocasa_TurnOnMicrowave.json,False
starVLA-upstream-merge,ervla_robocasa365_pi_causal_s42,causal,42,robocasa365,steps_30000_pytorch_model.eval/pnp,PickPlaceDrawerToCounter,pnp,24,0,0.00000000,0.00000000,30000,/e/project1/m3/blank4/code/starVLA-upstream-merge/playground/Checkpoints/ervla_robocasa365_pi_causal_s42/checkpoints/steps_30000_pytorch_model.eval/robocasa_PickPlaceDrawerToCounter_pnp.json,False
starVLA-upstream-merge,ervla_robocasa365_pi_causal_s42,causal,42,robocasa365,steps_30000_pytorch_model.eval/pnp,PickPlaceToasterToCounter,pnp,24,11,0.45833333,0.10170707,30000,/e/project1/m3/blank4/code/starVLA-upstream-merge/playground/Checkpoints/ervla_robocasa365_pi_causal_s42/checkpoints/steps_30000_pytorch_model.eval/robocasa_PickPlaceToasterToCounter_pnp.json,False
starVLA-upstream-merge,ervla_robocasa365_pi_causal_s42,causal,42,robocasa365,steps_30000_pytorch_model.eval/scale_n16_g0,OpenDrawer,scale_n16_g0,16,8,0.50000000,0.12500000,30000,/e/project1/m3/blank4/code/starVLA-upstream-merge/playground/Checkpoints/ervla_robocasa365_pi_causal_s42/checkpoints/steps_30000_pytorch_model.eval/robocasa_OpenDrawer_scale_n16_g0.json,False
starVLA-upstream-merge,ervla_robocasa365_pi_causal_s42,causal,42,robocasa365,steps_30000_pytorch_model.eval/scale_n16_g1,OpenDrawer,scale_n16_g1,16,5,0.31250000,0.11587810,30000,/e/project1/m3/blank4/code/starVLA-upstream-merge/playground/Checkpoints/ervla_robocasa365_pi_causal_s42/checkpoints/steps_30000_pytorch_model.eval/robocasa_OpenDrawer_scale_n16_g1.json,False
starVLA-upstream-merge,ervla_robocasa365_pi_causal_s42,causal,42,robocasa365,steps_30000_pytorch_model.eval/scale_n16_g2,OpenDrawer,scale_n16_g2,16,5,0.31250000,0.11587810,30000,/e/project1/m3/blank4/code/starVLA-upstream-merge/playground/Checkpoints/ervla_robocasa365_pi_causal_s42/checkpoints/steps_30000_pytorch_model.eval/robocasa_OpenDrawer_scale_n16_g2.json,False
starVLA-upstream-merge,ervla_robocasa365_pi_causal_s42,causal,42,robocasa365,steps_30000_pytorch_model.eval/scale_n16_g3,OpenDrawer,scale_n16_g3,16,3,0.18750000,0.09757809,30000,/e/project1/m3/blank4/code/starVLA-upstream-merge/playground/Checkpoints/ervla_robocasa365_pi_causal_s42/checkpoints/steps_30000_pytorch_model.eval/robocasa_OpenDrawer_scale_n16_g3.json,False
starVLA-upstream-merge,ervla_robocasa365_pi_causal_s42,causal,42,robocasa365,steps_30000_pytorch_model.eval/scale_n24_g0,OpenDrawer,scale_n24_g0,24,10,0.41666667,0.10063456,30000,/e/project1/m3/blank4/code/starVLA-upstream-merge/playground/Checkpoints/ervla_robocasa365_pi_causal_s42/checkpoints/steps_30000_pytorch_model.eval/robocasa_OpenDrawer_scale_n24_g0.json,False
starVLA-upstream-merge,ervla_robocasa365_pi_causal_s42,causal,42,robocasa365,steps_30000_pytorch_model.eval/scale_n24_g1,OpenDrawer,scale_n24_g1,24,7,0.29166667,0.09278048,30000,/e/project1/m3/blank4/code/starVLA-upstream-merge/playground/Checkpoints/ervla_robocasa365_pi_causal_s42/checkpoints/steps_30000_pytorch_model.eval/robocasa_OpenDrawer_scale_n24_g1.json,False
starVLA-upstream-merge,ervla_robocasa365_pi_causal_s42,causal,42,robocasa365,steps_30000_pytorch_model.eval/scale_n24_g2,OpenDrawer,scale_n24_g2,24,7,0.29166667,0.09278048,30000,/e/project1/m3/blank4/code/starVLA-upstream-merge/playground/Checkpoints/ervla_robocasa365_pi_causal_s42/checkpoints/steps_30000_pytorch_model.eval/robocasa_OpenDrawer_scale_n24_g2.json,False
starVLA-upstream-merge,ervla_robocasa365_pi_causal_s42,causal,42,robocasa365,steps_30000_pytorch_model.eval/scale_n24_g3,OpenDrawer,scale_n24_g3,24,8,0.33333333,0.09622504,30000,/e/project1/m3/blank4/code/starVLA-upstream-merge/playground/Checkpoints/ervla_robocasa365_pi_causal_s42/checkpoints/steps_30000_pytorch_model.eval/robocasa_OpenDrawer_scale_n24_g3.json,False
starVLA-upstream-merge,ervla_robocasa365_pi_causal_s42,causal,42,robocasa365,steps_30000_pytorch_model.eval/scale_n32_g1,OpenDrawer,scale_n32_g1,32,10,0.31250000,0.08193819,30000,/e/project1/m3/blank4/code/starVLA-upstream-merge/playground/Checkpoints/ervla_robocasa365_pi_causal_s42/checkpoints/steps_30000_pytorch_model.eval/robocasa_OpenDrawer_scale_n32_g1.json,False
starVLA-upstream-merge,ervla_robocasa365_pi_causal_s42,causal,42,robocasa365,steps_30000_pytorch_model.eval/scale_n32_g2,OpenDrawer,scale_n32_g2,32,15,0.46875000,0.08821555,30000,/e/project1/m3/blank4/code/starVLA-upstream-merge/playground/Checkpoints/ervla_robocasa365_pi_causal_s42/checkpoints/steps_30000_pytorch_model.eval/robocasa_OpenDrawer_scale_n32_g2.json,False
starVLA-upstream-merge,ervla_robocasa365_pi_causal_s42,causal,42,robocasa365,steps_30000_pytorch_model.eval/scale_n32_g3,OpenDrawer,scale_n32_g3,32,10,0.31250000,0.08193819,30000,/e/project1/m3/blank4/code/starVLA-upstream-merge/playground/Checkpoints/ervla_robocasa365_pi_causal_s42/checkpoints/steps_30000_pytorch_model.eval/robocasa_OpenDrawer_scale_n32_g3.json,False
starVLA-upstream-merge,ervla_robocasa365_pi_causal_s42,causal,42,robocasa365,steps_30000_pytorch_model.eval/seed42_envs12_eps24_h500_act8_native_pnp,PickPlaceCounterToCabinet,pnp,24,7,0.29166667,0.09278048,30000,/e/project1/m3/blank4/code/starVLA-upstream-merge/playground/Checkpoints/ervla_robocasa365_pi_causal_s42/checkpoints/steps_30000_pytorch_model.eval/robocasa_PickPlaceCounterToCabinet_seed42_envs12_eps24_h500_act8_native_pnp.json,False
starVLA-upstream-merge,ervla_robocasa365_pi_causal_s42,causal,42,robocasa365,steps_30000_pytorch_model.eval/seed42_envs12_eps24_h500_act8_native_pnp,PickPlaceCounterToStove,pnp,24,14,0.58333333,0.10063456,30000,/e/project1/m3/blank4/code/starVLA-upstream-merge/playground/Checkpoints/ervla_robocasa365_pi_causal_s42/checkpoints/steps_30000_pytorch_model.eval/robocasa_PickPlaceCounterToStove_seed42_envs12_eps24_h500_act8_native_pnp.json,False
starVLA-upstream-merge,ervla_robocasa365_pi_causal_s42,causal,42,robocasa365,steps_30000_pytorch_model.eval/seed42_envs12_eps24_h500_act8_native_steps10,PickPlaceCounterToStove,steps10,24,10,0.41666667,0.10063456,30000,/e/project1/m3/blank4/code/starVLA-upstream-merge/playground/Checkpoints/ervla_robocasa365_pi_causal_s42/checkpoints/steps_30000_pytorch_model.eval/robocasa_PickPlaceCounterToStove_seed42_envs12_eps24_h500_act8_native_steps10.json,False
starVLA-upstream-merge,ervla_robocasa365_pi_causal_s42,causal,42,robocasa365,steps_30000_pytorch_model.eval/seed42_envs12_eps24_h500_act8_native_steps4,PickPlaceCounterToStove,steps4,24,12,0.50000000,0.10206207,30000,/e/project1/m3/blank4/code/starVLA-upstream-merge/playground/Checkpoints/ervla_robocasa365_pi_causal_s42/checkpoints/steps_30000_pytorch_model.eval/robocasa_PickPlaceCounterToStove_seed42_envs12_eps24_h500_act8_native_steps4.json,False
starVLA-upstream-merge,ervla_robocasa365_pi_causal_s42,causal,42,robocasa365,steps_30000_pytorch_model.eval/seed42_envs24_eps96_h500_act8_native_scale_n24_g0,OpenDrawer,scale_n24_g0,96,39,0.40625000,0.05012598,30000,/e/project1/m3/blank4/code/starVLA-upstream-merge/playground/Checkpoints/ervla_robocasa365_pi_causal_s42/checkpoints/steps_30000_pytorch_model.eval/robocasa_OpenDrawer_seed42_envs24_eps96_h500_act8_native_scale_n24_g0.json,False
starVLA-upstream-merge,ervla_robocasa365_pi_causal_s42,causal,42,robocasa365,steps_30000_pytorch_model.eval/seed42_envs24_eps96_h500_act8_native_scale_n24_g2,OpenDrawer,scale_n24_g2,96,39,0.40625000,0.05012598,30000,/e/project1/m3/blank4/code/starVLA-upstream-merge/playground/Checkpoints/ervla_robocasa365_pi_causal_s42/checkpoints/steps_30000_pytorch_model.eval/robocasa_OpenDrawer_seed42_envs24_eps96_h500_act8_native_scale_n24_g2.json,False
starVLA-upstream-merge,ervla_robocasa365_pi_causal_s42,causal,42,robocasa365,steps_30000_pytorch_model.eval/seed42_envs24_eps96_h500_act8_native_scale_n24_g3,OpenDrawer,scale_n24_g3,96,39,0.40625000,0.05012598,30000,/e/project1/m3/blank4/code/starVLA-upstream-merge/playground/Checkpoints/ervla_robocasa365_pi_causal_s42/checkpoints/steps_30000_pytorch_model.eval/robocasa_OpenDrawer_seed42_envs24_eps96_h500_act8_native_scale_n24_g3.json,False
starVLA-upstream-merge,ervla_robocasa365_pi_causal_s42,causal,42,robocasa365,steps_30000_pytorch_model.eval/seed42_envs24_eps96_h500_act8_native_steps10,PickPlaceCounterToStove,steps10,96,36,0.37500000,0.04941059,30000,/e/project1/m3/blank4/code/starVLA-upstream-merge/playground/Checkpoints/ervla_robocasa365_pi_causal_s42/checkpoints/steps_30000_pytorch_model.eval/robocasa_PickPlaceCounterToStove_seed42_envs24_eps96_h500_act8_native_steps10.json,False
starVLA-upstream-merge,ervla_robocasa365_pi_causal_s42,causal,42,robocasa365,steps_30000_pytorch_model.eval/seed42_envs24_eps96_h500_act8_native_steps4,PickPlaceCounterToStove,steps4,96,49,0.51041667,0.05101996,30000,/e/project1/m3/blank4/code/starVLA-upstream-merge/playground/Checkpoints/ervla_robocasa365_pi_causal_s42/checkpoints/steps_30000_pytorch_model.eval/robocasa_PickPlaceCounterToStove_seed42_envs24_eps96_h500_act8_native_steps4.json,False
starVLA-upstream-merge,ervla_robocasa365_pi_causal_s42,causal,42,robocasa365,steps_30000_pytorch_model.eval/seed42_envs32_eps96_h500_act8_native_scale_n32_g0,OpenDrawer,scale_n32_g0,96,41,0.42708333,0.05048547,30000,/e/project1/m3/blank4/code/starVLA-upstream-merge/playground/Checkpoints/ervla_robocasa365_pi_causal_s42/checkpoints/steps_30000_pytorch_model.eval/robocasa_OpenDrawer_seed42_envs32_eps96_h500_act8_native_scale_n32_g0.json,False
starVLA-upstream-merge,ervla_robocasa365_pi_causal_s42,causal,42,robocasa365,steps_30000_pytorch_model.eval/seed42_envs48_eps96_h500_act8_native_scale_n48_g0,OpenDrawer,scale_n48_g0,96,40,0.41666667,0.05031728,30000,/e/project1/m3/blank4/code/starVLA-upstream-merge/playground/Checkpoints/ervla_robocasa365_pi_causal_s42/checkpoints/steps_30000_pytorch_model.eval/robocasa_OpenDrawer_seed42_envs48_eps96_h500_act8_native_scale_n48_g0.json,False
starVLA-upstream-merge,ervla_robocasa365_pi_causal_s42,causal,42,robocasa365,steps_30000_pytorch_model.eval/thru_e1,OpenDrawer,thru_e1,16,4,0.25000000,0.10825318,30000,/e/project1/m3/blank4/code/starVLA-upstream-merge/playground/Checkpoints/ervla_robocasa365_pi_causal_s42/checkpoints/steps_30000_pytorch_model.eval/robocasa_OpenDrawer_thru_e1.json,False
starVLA-upstream-merge,ervla_robocasa365_pi_causal_s42,causal,42,robocasa365,steps_30000_pytorch_model.eval/thru_e16,OpenDrawer,thru_e16,16,6,0.37500000,0.12103073,30000,/e/project1/m3/blank4/code/starVLA-upstream-merge/playground/Checkpoints/ervla_robocasa365_pi_causal_s42/checkpoints/steps_30000_pytorch_model.eval/robocasa_OpenDrawer_thru_e16.json,False
starVLA-upstream-merge,ervla_robocasa365_pi_causal_s42,causal,42,robocasa365,steps_30000_pytorch_model.eval/thru_e4,OpenDrawer,thru_e4,16,6,0.37500000,0.12103073,30000,/e/project1/m3/blank4/code/starVLA-upstream-merge/playground/Checkpoints/ervla_robocasa365_pi_causal_s42/checkpoints/steps_30000_pytorch_model.eval/robocasa_OpenDrawer_thru_e4.json,False
starVLA-upstream-merge,ervla_robocasa365_pi_causal_s42,causal,42,robocasa365,steps_30000_pytorch_model.eval/thru_e8,OpenDrawer,thru_e8,16,4,0.25000000,0.10825318,30000,/e/project1/m3/blank4/code/starVLA-upstream-merge/playground/Checkpoints/ervla_robocasa365_pi_causal_s42/checkpoints/steps_30000_pytorch_model.eval/robocasa_OpenDrawer_thru_e8.json,False
starVLA-upstream-merge,ervla_robocasa365_pi_causal_s42,causal,42,robocasa365,steps_50000_pytorch_model.eval/seed42_envs24_eps48_h500_act8_native_s42_50k,CloseBlenderLid,s42_50k,48,0,0.00000000,0.00000000,50000,/e/project1/m3/blank4/code/starVLA-upstream-merge/playground/Checkpoints/ervla_robocasa365_pi_causal_s42/checkpoints/steps_50000_pytorch_model.eval/robocasa_CloseBlenderLid_seed42_envs24_eps48_h500_act8_native_s42_50k.json,True
starVLA-upstream-merge,ervla_robocasa365_pi_causal_s42,causal,42,robocasa365,steps_50000_pytorch_model.eval/seed42_envs24_eps48_h500_act8_native_s42_50k,CloseFridge,s42_50k,48,9,0.18750000,0.05633674,50000,/e/project1/m3/blank4/code/starVLA-upstream-merge/playground/Checkpoints/ervla_robocasa365_pi_causal_s42/checkpoints/steps_50000_pytorch_model.eval/robocasa_CloseFridge_seed42_envs24_eps48_h500_act8_native_s42_50k.json,True
starVLA-upstream-merge,ervla_robocasa365_pi_causal_s42,causal,42,robocasa365,steps_50000_pytorch_model.eval/seed42_envs24_eps48_h500_act8_native_s42_50k,CloseToasterOvenDoor,s42_50k,48,26,0.54166667,0.07191776,50000,/e/project1/m3/blank4/code/starVLA-upstream-merge/playground/Checkpoints/ervla_robocasa365_pi_causal_s42/checkpoints/steps_50000_pytorch_model.eval/robocasa_CloseToasterOvenDoor_seed42_envs24_eps48_h500_act8_native_s42_50k.json,True
starVLA-upstream-merge,ervla_robocasa365_pi_causal_s42,causal,42,robocasa365,steps_50000_pytorch_model.eval/seed42_envs24_eps48_h500_act8_native_s42_50k,CoffeeSetupMug,s42_50k,48,25,0.52083333,0.07210611,50000,/e/project1/m3/blank4/code/starVLA-upstream-merge/playground/Checkpoints/ervla_robocasa365_pi_causal_s42/checkpoints/steps_50000_pytorch_model.eval/robocasa_CoffeeSetupMug_seed42_envs24_eps48_h500_act8_native_s42_50k.json,True
starVLA-upstream-merge,ervla_robocasa365_pi_causal_s42,causal,42,robocasa365,steps_50000_pytorch_model.eval/seed42_envs24_eps48_h500_act8_native_s42_50k,NavigateKitchen,s42_50k,48,5,0.10416667,0.04409175,50000,/e/project1/m3/blank4/code/starVLA-upstream-merge/playground/Checkpoints/ervla_robocasa365_pi_causal_s42/checkpoints/steps_50000_pytorch_model.eval/robocasa_NavigateKitchen_seed42_envs24_eps48_h500_act8_native_s42_50k.json,True
starVLA-upstream-merge,ervla_robocasa365_pi_causal_s42,causal,42,robocasa365,steps_50000_pytorch_model.eval/seed42_envs24_eps48_h500_act8_native_s42_50k,OpenCabinet,s42_50k,48,4,0.08333333,0.03989280,50000,/e/project1/m3/blank4/code/starVLA-upstream-merge/playground/Checkpoints/ervla_robocasa365_pi_causal_s42/checkpoints/steps_50000_pytorch_model.eval/robocasa_OpenCabinet_seed42_envs24_eps48_h500_act8_native_s42_50k.json,True
starVLA-upstream-merge,ervla_robocasa365_pi_causal_s42,causal,42,robocasa365,steps_50000_pytorch_model.eval/seed42_envs24_eps48_h500_act8_native_s42_50k,OpenDrawer,s42_50k,48,18,0.37500000,0.06987712,50000,/e/project1/m3/blank4/code/starVLA-upstream-merge/playground/Checkpoints/ervla_robocasa365_pi_causal_s42/checkpoints/steps_50000_pytorch_model.eval/robocasa_OpenDrawer_seed42_envs24_eps48_h500_act8_native_s42_50k.json,True
starVLA-upstream-merge,ervla_robocasa365_pi_causal_s42,causal,42,robocasa365,steps_50000_pytorch_model.eval/seed42_envs24_eps48_h500_act8_native_s42_50k,OpenStandMixerHead,s42_50k,48,37,0.77083333,0.06066460,50000,/e/project1/m3/blank4/code/starVLA-upstream-merge/playground/Checkpoints/ervla_robocasa365_pi_causal_s42/checkpoints/steps_50000_pytorch_model.eval/robocasa_OpenStandMixerHead_seed42_envs24_eps48_h500_act8_native_s42_50k.json,True
starVLA-upstream-merge,ervla_robocasa365_pi_causal_s42,causal,42,robocasa365,steps_50000_pytorch_model.eval/seed42_envs24_eps48_h500_act8_native_s42_50k,PickPlaceCounterToCabinet,s42_50k,48,17,0.35416667,0.06903089,50000,/e/project1/m3/blank4/code/starVLA-upstream-merge/playground/Checkpoints/ervla_robocasa365_pi_causal_s42/checkpoints/steps_50000_pytorch_model.eval/robocasa_PickPlaceCounterToCabinet_seed42_envs24_eps48_h500_act8_native_s42_50k.json,True
starVLA-upstream-merge,ervla_robocasa365_pi_causal_s42,causal,42,robocasa365,steps_50000_pytorch_model.eval/seed42_envs24_eps48_h500_act8_native_s42_50k,PickPlaceCounterToStove,s42_50k,48,30,0.62500000,0.06987712,50000,/e/project1/m3/blank4/code/starVLA-upstream-merge/playground/Checkpoints/ervla_robocasa365_pi_causal_s42/checkpoints/steps_50000_pytorch_model.eval/robocasa_PickPlaceCounterToStove_seed42_envs24_eps48_h500_act8_native_s42_50k.json,True
starVLA-upstream-merge,ervla_robocasa365_pi_causal_s42,causal,42,robocasa365,steps_50000_pytorch_model.eval/seed42_envs24_eps48_h500_act8_native_s42_50k,PickPlaceDrawerToCounter,s42_50k,48,15,0.31250000,0.06690225,50000,/e/project1/m3/blank4/code/starVLA-upstream-merge/playground/Checkpoints/ervla_robocasa365_pi_causal_s42/checkpoints/steps_50000_pytorch_model.eval/robocasa_PickPlaceDrawerToCounter_seed42_envs24_eps48_h500_act8_native_s42_50k.json,True
starVLA-upstream-merge,ervla_robocasa365_pi_causal_s42,causal,42,robocasa365,steps_50000_pytorch_model.eval/seed42_envs24_eps48_h500_act8_native_s42_50k,PickPlaceToasterToCounter,s42_50k,48,2,0.04166667,0.02884244,50000,/e/project1/m3/blank4/code/starVLA-upstream-merge/playground/Checkpoints/ervla_robocasa365_pi_causal_s42/checkpoints/steps_50000_pytorch_model.eval/robocasa_PickPlaceToasterToCounter_seed42_envs24_eps48_h500_act8_native_s42_50k.json,True
starVLA-upstream-merge,ervla_robocasa365_pi_causal_s42,causal,42,robocasa365,steps_50000_pytorch_model.eval/seed42_envs24_eps48_h500_act8_native_s42_50k,SlideDishwasherRack,s42_50k,48,24,0.50000000,0.07216878,50000,/e/project1/m3/blank4/code/starVLA-upstream-merge/playground/Checkpoints/ervla_robocasa365_pi_causal_s42/checkpoints/steps_50000_pytorch_model.eval/robocasa_SlideDishwasherRack_seed42_envs24_eps48_h500_act8_native_s42_50k.json,True
starVLA-upstream-merge,ervla_robocasa365_pi_causal_s42,causal,42,robocasa365,steps_50000_pytorch_model.eval/seed42_envs24_eps48_h500_act8_native_s42_50k,TurnOffStove,s42_50k,48,14,0.29166667,0.06560571,50000,/e/project1/m3/blank4/code/starVLA-upstream-merge/playground/Checkpoints/ervla_robocasa365_pi_causal_s42/checkpoints/steps_50000_pytorch_model.eval/robocasa_TurnOffStove_seed42_envs24_eps48_h500_act8_native_s42_50k.json,True
starVLA-upstream-merge,ervla_robocasa365_pi_causal_s42,causal,42,robocasa365,steps_50000_pytorch_model.eval/seed42_envs24_eps48_h500_act8_native_s42_50k,TurnOnElectricKettle,s42_50k,48,27,0.56250000,0.07160275,50000,/e/project1/m3/blank4/code/starVLA-upstream-merge/playground/Checkpoints/ervla_robocasa365_pi_causal_s42/checkpoints/steps_50000_pytorch_model.eval/robocasa_TurnOnElectricKettle_seed42_envs24_eps48_h500_act8_native_s42_50k.json,True
starVLA-upstream-merge,ervla_robocasa365_pi_causal_s42,causal,42,robocasa365,steps_50000_pytorch_model.eval/seed42_envs24_eps48_h500_act8_native_s42_50k,TurnOnMicrowave,s42_50k,48,9,0.18750000,0.05633674,50000,/e/project1/m3/blank4/code/starVLA-upstream-merge/playground/Checkpoints/ervla_robocasa365_pi_causal_s42/checkpoints/steps_50000_pytorch_model.eval/robocasa_TurnOnMicrowave_seed42_envs24_eps48_h500_act8_native_s42_50k.json,True
starVLA-upstream-merge,ervla_robocasa365_pi_causal_s42,causal,42,robocasa365,steps_50000_pytorch_model.eval/seed42_envs24_eps48_h500_act8_native_s42_50k,TurnOnSinkFaucet,s42_50k,48,22,0.45833333,0.07191776,50000,/e/project1/m3/blank4/code/starVLA-upstream-merge/playground/Checkpoints/ervla_robocasa365_pi_causal_s42/checkpoints/steps_50000_pytorch_model.eval/robocasa_TurnOnSinkFaucet_seed42_envs24_eps48_h500_act8_native_s42_50k.json,True
starVLA-upstream-merge,ervla_robocasa365_pi_v5_s4,encoder,4,robocasa365,steps_50000_pytorch_model.eval/seed42_envs24_eps48_h500_act8_native_nostate,OpenStandMixerHead,nostate,48,40,0.83333333,0.05379144,50000,/e/project1/m3/blank4/code/starVLA-upstream-merge/playground/Checkpoints/ervla_robocasa365_pi_v5_s4/checkpoints/steps_50000_pytorch_model.eval/robocasa_OpenStandMixerHead_seed42_envs24_eps48_h500_act8_native_nostate.json,False
starVLA-upstream-merge,ervla_robocasa365_pi_v5_s4,encoder,4,robocasa365,steps_50000_pytorch_model.eval/seed42_envs24_eps48_h500_act8_native_nostate,PickPlaceCounterToStove,nostate,48,23,0.47916667,0.07210611,50000,/e/project1/m3/blank4/code/starVLA-upstream-merge/playground/Checkpoints/ervla_robocasa365_pi_v5_s4/checkpoints/steps_50000_pytorch_model.eval/robocasa_PickPlaceCounterToStove_seed42_envs24_eps48_h500_act8_native_nostate.json,False
starVLA-upstream-merge,ervla_robocasa365_pi_v5_s4,encoder,4,robocasa365,steps_50000_pytorch_model.eval/seed42_envs24_eps48_h500_act8_native_nostate,TurnOnElectricKettle,nostate,48,22,0.45833333,0.07191776,50000,/e/project1/m3/blank4/code/starVLA-upstream-merge/playground/Checkpoints/ervla_robocasa365_pi_v5_s4/checkpoints/steps_50000_pytorch_model.eval/robocasa_TurnOnElectricKettle_seed42_envs24_eps48_h500_act8_native_nostate.json,False
starVLA-upstream-merge,ervla_robocasa365_pi_v5_s4,encoder,4,robocasa365,steps_50000_pytorch_model.eval/seed42_envs24_eps48_h500_act8_native_s4_50k,CloseBlenderLid,s4_50k,48,3,0.06250000,0.03493856,50000,/e/project1/m3/blank4/code/starVLA-upstream-merge/playground/Checkpoints/ervla_robocasa365_pi_v5_s4/checkpoints/steps_50000_pytorch_model.eval/robocasa_CloseBlenderLid_seed42_envs24_eps48_h500_act8_native_s4_50k.json,True
starVLA-upstream-merge,ervla_robocasa365_pi_v5_s4,encoder,4,robocasa365,steps_50000_pytorch_model.eval/seed42_envs24_eps48_h500_act8_native_s4_50k,CloseFridge,s4_50k,48,10,0.20833333,0.05861786,50000,/e/project1/m3/blank4/code/starVLA-upstream-merge/playground/Checkpoints/ervla_robocasa365_pi_v5_s4/checkpoints/steps_50000_pytorch_model.eval/robocasa_CloseFridge_seed42_envs24_eps48_h500_act8_native_s4_50k.json,True
starVLA-upstream-merge,ervla_robocasa365_pi_v5_s4,encoder,4,robocasa365,steps_50000_pytorch_model.eval/seed42_envs24_eps48_h500_act8_native_s4_50k,CloseToasterOvenDoor,s4_50k,48,29,0.60416667,0.07058525,50000,/e/project1/m3/blank4/code/starVLA-upstream-merge/playground/Checkpoints/ervla_robocasa365_pi_v5_s4/checkpoints/steps_50000_pytorch_model.eval/robocasa_CloseToasterOvenDoor_seed42_envs24_eps48_h500_act8_native_s4_50k.json,True
starVLA-upstream-merge,ervla_robocasa365_pi_v5_s4,encoder,4,robocasa365,steps_50000_pytorch_model.eval/seed42_envs24_eps48_h500_act8_native_s4_50k,CoffeeSetupMug,s4_50k,48,22,0.45833333,0.07191776,50000,/e/project1/m3/blank4/code/starVLA-upstream-merge/playground/Checkpoints/ervla_robocasa365_pi_v5_s4/checkpoints/steps_50000_pytorch_model.eval/robocasa_CoffeeSetupMug_seed42_envs24_eps48_h500_act8_native_s4_50k.json,True
starVLA-upstream-merge,ervla_robocasa365_pi_v5_s4,encoder,4,robocasa365,steps_50000_pytorch_model.eval/seed42_envs24_eps48_h500_act8_native_s4_50k,NavigateKitchen,s4_50k,48,5,0.10416667,0.04409175,50000,/e/project1/m3/blank4/code/starVLA-upstream-merge/playground/Checkpoints/ervla_robocasa365_pi_v5_s4/checkpoints/steps_50000_pytorch_model.eval/robocasa_NavigateKitchen_seed42_envs24_eps48_h500_act8_native_s4_50k.json,True
starVLA-upstream-merge,ervla_robocasa365_pi_v5_s4,encoder,4,robocasa365,steps_50000_pytorch_model.eval/seed42_envs24_eps48_h500_act8_native_s4_50k,OpenCabinet,s4_50k,48,3,0.06250000,0.03493856,50000,/e/project1/m3/blank4/code/starVLA-upstream-merge/playground/Checkpoints/ervla_robocasa365_pi_v5_s4/checkpoints/steps_50000_pytorch_model.eval/robocasa_OpenCabinet_seed42_envs24_eps48_h500_act8_native_s4_50k.json,True
starVLA-upstream-merge,ervla_robocasa365_pi_v5_s4,encoder,4,robocasa365,steps_50000_pytorch_model.eval/seed42_envs24_eps48_h500_act8_native_s4_50k,OpenDrawer,s4_50k,48,20,0.41666667,0.07115938,50000,/e/project1/m3/blank4/code/starVLA-upstream-merge/playground/Checkpoints/ervla_robocasa365_pi_v5_s4/checkpoints/steps_50000_pytorch_model.eval/robocasa_OpenDrawer_seed42_envs24_eps48_h500_act8_native_s4_50k.json,True
starVLA-upstream-merge,ervla_robocasa365_pi_v5_s4,encoder,4,robocasa365,steps_50000_pytorch_model.eval/seed42_envs24_eps48_h500_act8_native_s4_50k,OpenStandMixerHead,s4_50k,48,39,0.81250000,0.05633674,50000,/e/project1/m3/blank4/code/starVLA-upstream-merge/playground/Checkpoints/ervla_robocasa365_pi_v5_s4/checkpoints/steps_50000_pytorch_model.eval/robocasa_OpenStandMixerHead_seed42_envs24_eps48_h500_act8_native_s4_50k.json,True
starVLA-upstream-merge,ervla_robocasa365_pi_v5_s4,encoder,4,robocasa365,steps_50000_pytorch_model.eval/seed42_envs24_eps48_h500_act8_native_s4_50k,PickPlaceCounterToCabinet,s4_50k,48,17,0.35416667,0.06903089,50000,/e/project1/m3/blank4/code/starVLA-upstream-merge/playground/Checkpoints/ervla_robocasa365_pi_v5_s4/checkpoints/steps_50000_pytorch_model.eval/robocasa_PickPlaceCounterToCabinet_seed42_envs24_eps48_h500_act8_native_s4_50k.json,True
starVLA-upstream-merge,ervla_robocasa365_pi_v5_s4,encoder,4,robocasa365,steps_50000_pytorch_model.eval/seed42_envs24_eps48_h500_act8_native_s4_50k,PickPlaceCounterToStove,s4_50k,48,32,0.66666667,0.06804138,50000,/e/project1/m3/blank4/code/starVLA-upstream-merge/playground/Checkpoints/ervla_robocasa365_pi_v5_s4/checkpoints/steps_50000_pytorch_model.eval/robocasa_PickPlaceCounterToStove_seed42_envs24_eps48_h500_act8_native_s4_50k.json,True
starVLA-upstream-merge,ervla_robocasa365_pi_v5_s4,encoder,4,robocasa365,steps_50000_pytorch_model.eval/seed42_envs24_eps48_h500_act8_native_s4_50k,PickPlaceDrawerToCounter,s4_50k,48,15,0.31250000,0.06690225,50000,/e/project1/m3/blank4/code/starVLA-upstream-merge/playground/Checkpoints/ervla_robocasa365_pi_v5_s4/checkpoints/steps_50000_pytorch_model.eval/robocasa_PickPlaceDrawerToCounter_seed42_envs24_eps48_h500_act8_native_s4_50k.json,True
starVLA-upstream-merge,ervla_robocasa365_pi_v5_s4,encoder,4,robocasa365,steps_50000_pytorch_model.eval/seed42_envs24_eps48_h500_act8_native_s4_50k,PickPlaceToasterToCounter,s4_50k,48,4,0.08333333,0.03989280,50000,/e/project1/m3/blank4/code/starVLA-upstream-merge/playground/Checkpoints/ervla_robocasa365_pi_v5_s4/checkpoints/steps_50000_pytorch_model.eval/robocasa_PickPlaceToasterToCounter_seed42_envs24_eps48_h500_act8_native_s4_50k.json,True
starVLA-upstream-merge,ervla_robocasa365_pi_v5_s4,encoder,4,robocasa365,steps_50000_pytorch_model.eval/seed42_envs24_eps48_h500_act8_native_s4_50k,SlideDishwasherRack,s4_50k,48,19,0.39583333,0.07058525,50000,/e/project1/m3/blank4/code/starVLA-upstream-merge/playground/Checkpoints/ervla_robocasa365_pi_v5_s4/checkpoints/steps_50000_pytorch_model.eval/robocasa_SlideDishwasherRack_seed42_envs24_eps48_h500_act8_native_s4_50k.json,True
starVLA-upstream-merge,ervla_robocasa365_pi_v5_s4,encoder,4,robocasa365,steps_50000_pytorch_model.eval/seed42_envs24_eps48_h500_act8_native_s4_50k,TurnOffStove,s4_50k,48,15,0.31250000,0.06690225,50000,/e/project1/m3/blank4/code/starVLA-upstream-merge/playground/Checkpoints/ervla_robocasa365_pi_v5_s4/checkpoints/steps_50000_pytorch_model.eval/robocasa_TurnOffStove_seed42_envs24_eps48_h500_act8_native_s4_50k.json,True
starVLA-upstream-merge,ervla_robocasa365_pi_v5_s4,encoder,4,robocasa365,steps_50000_pytorch_model.eval/seed42_envs24_eps48_h500_act8_native_s4_50k,TurnOnElectricKettle,s4_50k,48,34,0.70833333,0.06560571,50000,/e/project1/m3/blank4/code/starVLA-upstream-merge/playground/Checkpoints/ervla_robocasa365_pi_v5_s4/checkpoints/steps_50000_pytorch_model.eval/robocasa_TurnOnElectricKettle_seed42_envs24_eps48_h500_act8_native_s4_50k.json,True
starVLA-upstream-merge,ervla_robocasa365_pi_v5_s4,encoder,4,robocasa365,steps_50000_pytorch_model.eval/seed42_envs24_eps48_h500_act8_native_s4_50k,TurnOnMicrowave,s4_50k,48,24,0.50000000,0.07216878,50000,/e/project1/m3/blank4/code/starVLA-upstream-merge/playground/Checkpoints/ervla_robocasa365_pi_v5_s4/checkpoints/steps_50000_pytorch_model.eval/robocasa_TurnOnMicrowave_seed42_envs24_eps48_h500_act8_native_s4_50k.json,True
starVLA-upstream-merge,ervla_robocasa365_pi_v5_s4,encoder,4,robocasa365,steps_50000_pytorch_model.eval/seed42_envs24_eps48_h500_act8_native_s4_50k,TurnOnSinkFaucet,s4_50k,48,13,0.27083333,0.06414220,50000,/e/project1/m3/blank4/code/starVLA-upstream-merge/playground/Checkpoints/ervla_robocasa365_pi_v5_s4/checkpoints/steps_50000_pytorch_model.eval/robocasa_TurnOnSinkFaucet_seed42_envs24_eps48_h500_act8_native_s4_50k.json,True
starVLA-upstream-merge,ervla_robocasa365_pi_v5_s4,encoder,4,robocasa365,steps_50000_pytorch_model.eval/seed42_envs24_eps48_h500_act8_native_st_random,OpenStandMixerHead,st_random,48,41,0.85416667,0.05094236,50000,/e/project1/m3/blank4/code/starVLA-upstream-merge/playground/Checkpoints/ervla_robocasa365_pi_v5_s4/checkpoints/steps_50000_pytorch_model.eval/robocasa_OpenStandMixerHead_seed42_envs24_eps48_h500_act8_native_st_random.json,False
starVLA-upstream-merge,ervla_robocasa365_pi_v5_s4,encoder,4,robocasa365,steps_50000_pytorch_model.eval/seed42_envs24_eps48_h500_act8_native_st_random,PickPlaceCounterToStove,st_random,48,26,0.54166667,0.07191776,50000,/e/project1/m3/blank4/code/starVLA-upstream-merge/playground/Checkpoints/ervla_robocasa365_pi_v5_s4/checkpoints/steps_50000_pytorch_model.eval/robocasa_PickPlaceCounterToStove_seed42_envs24_eps48_h500_act8_native_st_random.json,False
starVLA-upstream-merge,ervla_robocasa365_pi_v5_s4,encoder,4,robocasa365,steps_50000_pytorch_model.eval/seed42_envs24_eps48_h500_act8_native_st_random,TurnOnElectricKettle,st_random,48,23,0.47916667,0.07210611,50000,/e/project1/m3/blank4/code/starVLA-upstream-merge/playground/Checkpoints/ervla_robocasa365_pi_v5_s4/checkpoints/steps_50000_pytorch_model.eval/robocasa_TurnOnElectricKettle_seed42_envs24_eps48_h500_act8_native_st_random.json,False
starVLA-upstream-merge,ervla_robocasa365_pi_v5_s4,encoder,4,robocasa365,steps_50000_pytorch_model.eval/seed42_envs24_eps48_h500_act8_native_st_shuffle,OpenStandMixerHead,st_shuffle,48,37,0.77083333,0.06066460,50000,/e/project1/m3/blank4/code/starVLA-upstream-merge/playground/Checkpoints/ervla_robocasa365_pi_v5_s4/checkpoints/steps_50000_pytorch_model.eval/robocasa_OpenStandMixerHead_seed42_envs24_eps48_h500_act8_native_st_shuffle.json,False
starVLA-upstream-merge,ervla_robocasa365_pi_v5_s4,encoder,4,robocasa365,steps_50000_pytorch_model.eval/seed42_envs24_eps48_h500_act8_native_st_shuffle,PickPlaceCounterToStove,st_shuffle,48,27,0.56250000,0.07160275,50000,/e/project1/m3/blank4/code/starVLA-upstream-merge/playground/Checkpoints/ervla_robocasa365_pi_v5_s4/checkpoints/steps_50000_pytorch_model.eval/robocasa_PickPlaceCounterToStove_seed42_envs24_eps48_h500_act8_native_st_shuffle.json,False
starVLA-upstream-merge,ervla_robocasa365_pi_v5_s4,encoder,4,robocasa365,steps_50000_pytorch_model.eval/seed42_envs24_eps48_h500_act8_native_st_shuffle,TurnOnElectricKettle,st_shuffle,48,23,0.47916667,0.07210611,50000,/e/project1/m3/blank4/code/starVLA-upstream-merge/playground/Checkpoints/ervla_robocasa365_pi_v5_s4/checkpoints/steps_50000_pytorch_model.eval/robocasa_TurnOnElectricKettle_seed42_envs24_eps48_h500_act8_native_st_shuffle.json,False
starVLA-upstream-merge,ervla_robocasa365_pi_v5_s4,encoder,4,robocasa365,steps_50000_pytorch_model.eval/seed42_envs24_eps48_h500_act8_native_st_zero,OpenStandMixerHead,st_zero,48,33,0.68750000,0.06690225,50000,/e/project1/m3/blank4/code/starVLA-upstream-merge/playground/Checkpoints/ervla_robocasa365_pi_v5_s4/checkpoints/steps_50000_pytorch_model.eval/robocasa_OpenStandMixerHead_seed42_envs24_eps48_h500_act8_native_st_zero.json,False
starVLA-upstream-merge,ervla_robocasa365_pi_v5_s4,encoder,4,robocasa365,steps_50000_pytorch_model.eval/seed42_envs24_eps48_h500_act8_native_st_zero,PickPlaceCounterToStove,st_zero,48,11,0.22916667,0.06066460,50000,/e/project1/m3/blank4/code/starVLA-upstream-merge/playground/Checkpoints/ervla_robocasa365_pi_v5_s4/checkpoints/steps_50000_pytorch_model.eval/robocasa_PickPlaceCounterToStove_seed42_envs24_eps48_h500_act8_native_st_zero.json,False
starVLA-upstream-merge,ervla_robocasa365_pi_v5_s4,encoder,4,robocasa365,steps_50000_pytorch_model.eval/seed42_envs24_eps48_h500_act8_native_st_zero,TurnOnElectricKettle,st_zero,48,0,0.00000000,0.00000000,50000,/e/project1/m3/blank4/code/starVLA-upstream-merge/playground/Checkpoints/ervla_robocasa365_pi_v5_s4/checkpoints/steps_50000_pytorch_model.eval/robocasa_TurnOnElectricKettle_seed42_envs24_eps48_h500_act8_native_st_zero.json,False
starVLA-upstream-merge,ervla_robocasa365_pi_v5_s42,encoder,42,robocasa365,steps_30000_pytorch_model.eval/legacy,OpenDrawer,legacy,10,6,0.60000000,0.15491933,30000,/e/project1/m3/blank4/code/starVLA-upstream-merge/playground/Checkpoints/ervla_robocasa365_pi_v5_s42/checkpoints/steps_30000_pytorch_model.eval/robocasa_OpenDrawer.json,False
starVLA-upstream-merge,ervla_robocasa365_pi_v5_s42,encoder,42,robocasa365,steps_30000_pytorch_model.eval/legacy,TurnOnMicrowave,legacy,10,1,0.10000000,0.09486833,30000,/e/project1/m3/blank4/code/starVLA-upstream-merge/playground/Checkpoints/ervla_robocasa365_pi_v5_s42/checkpoints/steps_30000_pytorch_model.eval/robocasa_TurnOnMicrowave.json,False
starVLA-upstream-merge,ervla_robocasa365_pi_v5_s42,encoder,42,robocasa365,steps_30000_pytorch_model.eval/pnp,PickPlaceDrawerToCounter,pnp,24,0,0.00000000,0.00000000,30000,/e/project1/m3/blank4/code/starVLA-upstream-merge/playground/Checkpoints/ervla_robocasa365_pi_v5_s42/checkpoints/steps_30000_pytorch_model.eval/robocasa_PickPlaceDrawerToCounter_pnp.json,False
starVLA-upstream-merge,ervla_robocasa365_pi_v5_s42,encoder,42,robocasa365,steps_30000_pytorch_model.eval/pnp,PickPlaceToasterToCounter,pnp,24,7,0.29166667,0.09278048,30000,/e/project1/m3/blank4/code/starVLA-upstream-merge/playground/Checkpoints/ervla_robocasa365_pi_v5_s42/checkpoints/steps_30000_pytorch_model.eval/robocasa_PickPlaceToasterToCounter_pnp.json,False
starVLA-upstream-merge,ervla_robocasa365_pi_v5_s42,encoder,42,robocasa365,steps_30000_pytorch_model.eval/seed42_envs12_eps24_h500_act8_native_pnp,PickPlaceCounterToCabinet,pnp,24,2,0.08333333,0.05641693,30000,/e/project1/m3/blank4/code/starVLA-upstream-merge/playground/Checkpoints/ervla_robocasa365_pi_v5_s42/checkpoints/steps_30000_pytorch_model.eval/robocasa_PickPlaceCounterToCabinet_seed42_envs12_eps24_h500_act8_native_pnp.json,False
starVLA-upstream-merge,ervla_robocasa365_pi_v5_s42,encoder,42,robocasa365,steps_30000_pytorch_model.eval/seed42_envs12_eps24_h500_act8_native_pnp,PickPlaceCounterToStove,pnp,24,6,0.25000000,0.08838835,30000,/e/project1/m3/blank4/code/starVLA-upstream-merge/playground/Checkpoints/ervla_robocasa365_pi_v5_s42/checkpoints/steps_30000_pytorch_model.eval/robocasa_PickPlaceCounterToStove_seed42_envs12_eps24_h500_act8_native_pnp.json,False
starVLA-upstream-merge,ervla_robocasa365_pi_v5_s42,encoder,42,robocasa365,steps_30000_pytorch_model.eval/seed42_envs12_eps24_h500_act8_native_steps10,PickPlaceCounterToStove,steps10,24,12,0.50000000,0.10206207,30000,/e/project1/m3/blank4/code/starVLA-upstream-merge/playground/Checkpoints/ervla_robocasa365_pi_v5_s42/checkpoints/steps_30000_pytorch_model.eval/robocasa_PickPlaceCounterToStove_seed42_envs12_eps24_h500_act8_native_steps10.json,False
starVLA-upstream-merge,ervla_robocasa365_pi_v5_s42,encoder,42,robocasa365,steps_30000_pytorch_model.eval/seed42_envs12_eps24_h500_act8_native_steps4,PickPlaceCounterToStove,steps4,24,7,0.29166667,0.09278048,30000,/e/project1/m3/blank4/code/starVLA-upstream-merge/playground/Checkpoints/ervla_robocasa365_pi_v5_s42/checkpoints/steps_30000_pytorch_model.eval/robocasa_PickPlaceCounterToStove_seed42_envs12_eps24_h500_act8_native_steps4.json,False
starVLA-upstream-merge,ervla_robocasa365_pi_v5_s42,encoder,42,robocasa365,steps_30000_pytorch_model.eval/seed42_envs24_eps96_h500_act8_native_steps10,PickPlaceCounterToStove,steps10,96,31,0.32291667,0.04772332,30000,/e/project1/m3/blank4/code/starVLA-upstream-merge/playground/Checkpoints/ervla_robocasa365_pi_v5_s42/checkpoints/steps_30000_pytorch_model.eval/robocasa_PickPlaceCounterToStove_seed42_envs24_eps96_h500_act8_native_steps10.json,False
starVLA-upstream-merge,ervla_robocasa365_pi_v5_s42,encoder,42,robocasa365,steps_30000_pytorch_model.eval/seed42_envs24_eps96_h500_act8_native_steps4,PickPlaceCounterToStove,steps4,96,27,0.28125000,0.04588805,30000,/e/project1/m3/blank4/code/starVLA-upstream-merge/playground/Checkpoints/ervla_robocasa365_pi_v5_s42/checkpoints/steps_30000_pytorch_model.eval/robocasa_PickPlaceCounterToStove_seed42_envs24_eps96_h500_act8_native_steps4.json,False
starVLA-upstream-merge,ervla_robocasa365_pi_v5_s42,encoder,42,robocasa365,steps_50000_pytorch_model.eval/seed42_envs24_eps48_h500_act8_native_s42_50k,CloseBlenderLid,s42_50k,48,1,0.02083333,0.02061518,50000,/e/project1/m3/blank4/code/starVLA-upstream-merge/playground/Checkpoints/ervla_robocasa365_pi_v5_s42/checkpoints/steps_50000_pytorch_model.eval/robocasa_CloseBlenderLid_seed42_envs24_eps48_h500_act8_native_s42_50k.json,True
starVLA-upstream-merge,ervla_robocasa365_pi_v5_s42,encoder,42,robocasa365,steps_50000_pytorch_model.eval/seed42_envs24_eps48_h500_act8_native_s42_50k,CloseFridge,s42_50k,48,12,0.25000000,0.06250000,50000,/e/project1/m3/blank4/code/starVLA-upstream-merge/playground/Checkpoints/ervla_robocasa365_pi_v5_s42/checkpoints/steps_50000_pytorch_model.eval/robocasa_CloseFridge_seed42_envs24_eps48_h500_act8_native_s42_50k.json,True
starVLA-upstream-merge,ervla_robocasa365_pi_v5_s42,encoder,42,robocasa365,steps_50000_pytorch_model.eval/seed42_envs24_eps48_h500_act8_native_s42_50k,CloseToasterOvenDoor,s42_50k,48,26,0.54166667,0.07191776,50000,/e/project1/m3/blank4/code/starVLA-upstream-merge/playground/Checkpoints/ervla_robocasa365_pi_v5_s42/checkpoints/steps_50000_pytorch_model.eval/robocasa_CloseToasterOvenDoor_seed42_envs24_eps48_h500_act8_native_s42_50k.json,True
starVLA-upstream-merge,ervla_robocasa365_pi_v5_s42,encoder,42,robocasa365,steps_50000_pytorch_model.eval/seed42_envs24_eps48_h500_act8_native_s42_50k,CoffeeSetupMug,s42_50k,48,16,0.33333333,0.06804138,50000,/e/project1/m3/blank4/code/starVLA-upstream-merge/playground/Checkpoints/ervla_robocasa365_pi_v5_s42/checkpoints/steps_50000_pytorch_model.eval/robocasa_CoffeeSetupMug_seed42_envs24_eps48_h500_act8_native_s42_50k.json,True
starVLA-upstream-merge,ervla_robocasa365_pi_v5_s42,encoder,42,robocasa365,steps_50000_pytorch_model.eval/seed42_envs24_eps48_h500_act8_native_s42_50k,NavigateKitchen,s42_50k,48,9,0.18750000,0.05633674,50000,/e/project1/m3/blank4/code/starVLA-upstream-merge/playground/Checkpoints/ervla_robocasa365_pi_v5_s42/checkpoints/steps_50000_pytorch_model.eval/robocasa_NavigateKitchen_seed42_envs24_eps48_h500_act8_native_s42_50k.json,True
starVLA-upstream-merge,ervla_robocasa365_pi_v5_s42,encoder,42,robocasa365,steps_50000_pytorch_model.eval/seed42_envs24_eps48_h500_act8_native_s42_50k,OpenCabinet,s42_50k,48,9,0.18750000,0.05633674,50000,/e/project1/m3/blank4/code/starVLA-upstream-merge/playground/Checkpoints/ervla_robocasa365_pi_v5_s42/checkpoints/steps_50000_pytorch_model.eval/robocasa_OpenCabinet_seed42_envs24_eps48_h500_act8_native_s42_50k.json,True
starVLA-upstream-merge,ervla_robocasa365_pi_v5_s42,encoder,42,robocasa365,steps_50000_pytorch_model.eval/seed42_envs24_eps48_h500_act8_native_s42_50k,OpenDrawer,s42_50k,48,17,0.35416667,0.06903089,50000,/e/project1/m3/blank4/code/starVLA-upstream-merge/playground/Checkpoints/ervla_robocasa365_pi_v5_s42/checkpoints/steps_50000_pytorch_model.eval/robocasa_OpenDrawer_seed42_envs24_eps48_h500_act8_native_s42_50k.json,True
starVLA-upstream-merge,ervla_robocasa365_pi_v5_s42,encoder,42,robocasa365,steps_50000_pytorch_model.eval/seed42_envs24_eps48_h500_act8_native_s42_50k,OpenStandMixerHead,s42_50k,48,42,0.87500000,0.04773516,50000,/e/project1/m3/blank4/code/starVLA-upstream-merge/playground/Checkpoints/ervla_robocasa365_pi_v5_s42/checkpoints/steps_50000_pytorch_model.eval/robocasa_OpenStandMixerHead_seed42_envs24_eps48_h500_act8_native_s42_50k.json,True
starVLA-upstream-merge,ervla_robocasa365_pi_v5_s42,encoder,42,robocasa365,steps_50000_pytorch_model.eval/seed42_envs24_eps48_h500_act8_native_s42_50k,PickPlaceCounterToCabinet,s42_50k,48,16,0.33333333,0.06804138,50000,/e/project1/m3/blank4/code/starVLA-upstream-merge/playground/Checkpoints/ervla_robocasa365_pi_v5_s42/checkpoints/steps_50000_pytorch_model.eval/robocasa_PickPlaceCounterToCabinet_seed42_envs24_eps48_h500_act8_native_s42_50k.json,True
starVLA-upstream-merge,ervla_robocasa365_pi_v5_s42,encoder,42,robocasa365,steps_50000_pytorch_model.eval/seed42_envs24_eps48_h500_act8_native_s42_50k,PickPlaceCounterToStove,s42_50k,48,35,0.72916667,0.06414220,50000,/e/project1/m3/blank4/code/starVLA-upstream-merge/playground/Checkpoints/ervla_robocasa365_pi_v5_s42/checkpoints/steps_50000_pytorch_model.eval/robocasa_PickPlaceCounterToStove_seed42_envs24_eps48_h500_act8_native_s42_50k.json,True
starVLA-upstream-merge,ervla_robocasa365_pi_v5_s42,encoder,42,robocasa365,steps_50000_pytorch_model.eval/seed42_envs24_eps48_h500_act8_native_s42_50k,PickPlaceDrawerToCounter,s42_50k,48,10,0.20833333,0.05861786,50000,/e/project1/m3/blank4/code/starVLA-upstream-merge/playground/Checkpoints/ervla_robocasa365_pi_v5_s42/checkpoints/steps_50000_pytorch_model.eval/robocasa_PickPlaceDrawerToCounter_seed42_envs24_eps48_h500_act8_native_s42_50k.json,True
starVLA-upstream-merge,ervla_robocasa365_pi_v5_s42,encoder,42,robocasa365,steps_50000_pytorch_model.eval/seed42_envs24_eps48_h500_act8_native_s42_50k,PickPlaceToasterToCounter,s42_50k,48,7,0.14583333,0.05094236,50000,/e/project1/m3/blank4/code/starVLA-upstream-merge/playground/Checkpoints/ervla_robocasa365_pi_v5_s42/checkpoints/steps_50000_pytorch_model.eval/robocasa_PickPlaceToasterToCounter_seed42_envs24_eps48_h500_act8_native_s42_50k.json,True
starVLA-upstream-merge,ervla_robocasa365_pi_v5_s42,encoder,42,robocasa365,steps_50000_pytorch_model.eval/seed42_envs24_eps48_h500_act8_native_s42_50k,SlideDishwasherRack,s42_50k,48,24,0.50000000,0.07216878,50000,/e/project1/m3/blank4/code/starVLA-upstream-merge/playground/Checkpoints/ervla_robocasa365_pi_v5_s42/checkpoints/steps_50000_pytorch_model.eval/robocasa_SlideDishwasherRack_seed42_envs24_eps48_h500_act8_native_s42_50k.json,True
starVLA-upstream-merge,ervla_robocasa365_pi_v5_s42,encoder,42,robocasa365,steps_50000_pytorch_model.eval/seed42_envs24_eps48_h500_act8_native_s42_50k,TurnOffStove,s42_50k,48,18,0.37500000,0.06987712,50000,/e/project1/m3/blank4/code/starVLA-upstream-merge/playground/Checkpoints/ervla_robocasa365_pi_v5_s42/checkpoints/steps_50000_pytorch_model.eval/robocasa_TurnOffStove_seed42_envs24_eps48_h500_act8_native_s42_50k.json,True
starVLA-upstream-merge,ervla_robocasa365_pi_v5_s42,encoder,42,robocasa365,steps_50000_pytorch_model.eval/seed42_envs24_eps48_h500_act8_native_s42_50k,TurnOnElectricKettle,s42_50k,48,32,0.66666667,0.06804138,50000,/e/project1/m3/blank4/code/starVLA-upstream-merge/playground/Checkpoints/ervla_robocasa365_pi_v5_s42/checkpoints/steps_50000_pytorch_model.eval/robocasa_TurnOnElectricKettle_seed42_envs24_eps48_h500_act8_native_s42_50k.json,True
starVLA-upstream-merge,ervla_robocasa365_pi_v5_s42,encoder,42,robocasa365,steps_50000_pytorch_model.eval/seed42_envs24_eps48_h500_act8_native_s42_50k,TurnOnMicrowave,s42_50k,48,13,0.27083333,0.06414220,50000,/e/project1/m3/blank4/code/starVLA-upstream-merge/playground/Checkpoints/ervla_robocasa365_pi_v5_s42/checkpoints/steps_50000_pytorch_model.eval/robocasa_TurnOnMicrowave_seed42_envs24_eps48_h500_act8_native_s42_50k.json,True
starVLA-upstream-merge,ervla_robocasa365_pi_v5_s42,encoder,42,robocasa365,steps_50000_pytorch_model.eval/seed42_envs24_eps48_h500_act8_native_s42_50k,TurnOnSinkFaucet,s42_50k,48,26,0.54166667,0.07191776,50000,/e/project1/m3/blank4/code/starVLA-upstream-merge/playground/Checkpoints/ervla_robocasa365_pi_v5_s42/checkpoints/steps_50000_pytorch_model.eval/robocasa_TurnOnSinkFaucet_seed42_envs24_eps48_h500_act8_native_s42_50k.json,True
